image_id,p_180
test_00000,0.000872
test_00001,1.000000
test_00002,1.000000
test_00003,0.000030
test_00004,0.999999
test_00005,0.006607
test_00006,0.999984
test_00007,0.999999
test_00008,0.999999
test_00009,0.000002
test_00010,0.999999
test_00011,0.000001
test_00012,0.685188
test_00013,0.999929
test_00014,0.052365
test_00015,0.999999
test_00016,1.000000
test_00017,0.000000
test_00018,0.070874
test_00019,0.000004
test_00020,0.000002
test_00021,0.000002
test_00022,0.999736
test_00023,0.001201
test_00024,0.000556
test_00025,1.000000
test_00026,1.000000
test_00027,0.996269
test_00028,0.999989
test_00029,0.999987
test_00030,0.000000
test_00031,0.999950
test_00032,0.999716
test_00033,1.000000
test_00034,0.989160
test_00035,1.000000
test_00036,0.000000
test_00037,0.001349
test_00038,0.000035
test_00039,0.000002
test_00040,0.950913
test_00041,0.000001
test_00042,1.000000
test_00043,0.000071
test_00044,0.998644
test_00045,0.025632
test_00046,0.000000
test_00047,0.999997
test_00048,0.998517
test_00049,0.999986
test_00050,0.012188
test_00051,0.000003
test_00052,0.000000
test_00053,0.969066
test_00054,0.000007
test_00055,0.999998
test_00056,0.000002
test_00057,0.002323
test_00058,0.000003
test_00059,0.000039
test_00060,1.000000
test_00061,0.000001
test_00062,0.036722
test_00063,0.000002
test_00064,0.000009
test_00065,0.999991
test_00066,0.252847
test_00067,0.000004
test_00068,0.000000
test_00069,0.999572
test_00070,0.998224
test_00071,1.000000
test_00072,0.999999
test_00073,0.811073
test_00074,0.999998
test_00075,0.999999
test_00076,0.000000
test_00077,0.999998
test_00078,1.000000
test_00079,0.999900
test_00080,0.003233
test_00081,0.998124
test_00082,0.938319
test_00083,0.000000
test_00084,0.994685
test_00085,0.636975
test_00086,1.000000
test_00087,0.999983
test_00088,0.000123
test_00089,1.000000
test_00090,0.000001
test_00091,0.000000
test_00092,1.000000
test_00093,0.000004
test_00094,1.000000
test_00095,0.995012
test_00096,0.000030
test_00097,0.000076
test_00098,0.000002
test_00099,0.000002
test_00100,0.000001
test_00101,0.000034
test_00102,0.000523
test_00103,1.000000
test_00104,1.000000
test_00105,0.000010
test_00106,0.000011
test_00107,0.999987
test_00108,0.015289
test_00109,0.000271
test_00110,0.999997
test_00111,0.006490
test_00112,0.999935
test_00113,0.000003
test_00114,1.000000
test_00115,0.776436
test_00116,0.006159
test_00117,0.999997
test_00118,1.000000
test_00119,0.972796
test_00120,0.000111
test_00121,1.000000
test_00122,0.727047
test_00123,0.999982
test_00124,0.000009
test_00125,0.000244
test_00126,0.000001
test_00127,0.999998
test_00128,0.011399
test_00129,0.000014
test_00130,1.000000
test_00131,0.000000
test_00132,1.000000
test_00133,0.999993
test_00134,0.000000
test_00135,0.155764
test_00136,0.000000
test_00137,1.000000
test_00138,1.000000
test_00139,0.000001
test_00140,1.000000
test_00141,0.000001
test_00142,1.000000
test_00143,0.999994
test_00144,0.444332
test_00145,0.001105
test_00146,0.000000
test_00147,0.995199
test_00148,0.999794
test_00149,0.999978
test_00150,0.023782
test_00151,1.000000
test_00152,0.000001
test_00153,0.000020
test_00154,0.000002
test_00155,1.000000
test_00156,0.999925
test_00157,0.000001
test_00158,1.000000
test_00159,1.000000
test_00160,0.999987
test_00161,0.000009
test_00162,0.002850
test_00163,0.999999
test_00164,0.000013
test_00165,0.771044
test_00166,0.826420
test_00167,0.973456
test_00168,0.000000
test_00169,0.000000
test_00170,1.000000
test_00171,0.012348
test_00172,0.999998
test_00173,0.000008
test_00174,0.000001
test_00175,1.000000
test_00176,1.000000
test_00177,0.000014
test_00178,0.000005
test_00179,0.999974
test_00180,0.000000
test_00181,0.973298
test_00182,0.999691
test_00183,0.919838
test_00184,0.992453
test_00185,0.999994
test_00186,0.000017
test_00187,1.000000
test_00188,0.999792
test_00189,0.999992
test_00190,0.000002
test_00191,1.000000
test_00192,0.000004
test_00193,0.996930
test_00194,0.000000
test_00195,0.000000
test_00196,0.000072
test_00197,0.966368
test_00198,0.000002
test_00199,0.999480
test_00200,1.000000
test_00201,1.000000
test_00202,0.999999
test_00203,0.221617
test_00204,0.999999
test_00205,0.000001
test_00206,0.000000
test_00207,0.000029
test_00208,0.000316
test_00209,0.000081
test_00210,0.096935
test_00211,1.000000
test_00212,1.000000
test_00213,1.000000
test_00214,1.000000
test_00215,0.000001
test_00216,0.000003
test_00217,0.000001
test_00218,0.002550
test_00219,0.999973
test_00220,0.999998
test_00221,1.000000
test_00222,0.000007
test_00223,0.999341
test_00224,0.999988
test_00225,0.063542
test_00226,0.000001
test_00227,0.000072
test_00228,0.217595
test_00229,0.000014
test_00230,0.000000
test_00231,1.000000
test_00232,1.000000
test_00233,0.990757
test_00234,0.000009
test_00235,1.000000
test_00236,0.000006
test_00237,0.000007
test_00238,0.999941
test_00239,0.430817
test_00240,0.000006
test_00241,0.000001
test_00242,0.000166
test_00243,0.999986
test_00244,0.999999
test_00245,0.211045
test_00246,0.000002
test_00247,1.000000
test_00248,1.000000
test_00249,0.999988
test_00250,0.227186
test_00251,0.005623
test_00252,0.042298
test_00253,0.999995
test_00254,0.000017
test_00255,0.000001
test_00256,0.001671
test_00257,0.000001
test_00258,0.533785
test_00259,0.000019
test_00260,0.070528
test_00261,0.978266
test_00262,1.000000
test_00263,0.007081
test_00264,1.000000
test_00265,0.015920
test_00266,0.000005
test_00267,0.008693
test_00268,0.000004
test_00269,1.000000
test_00270,0.999003
test_00271,0.268974
test_00272,0.999969
test_00273,0.000002
test_00274,0.202979
test_00275,0.000474
test_00276,0.276870
test_00277,1.000000
test_00278,0.000003
test_00279,0.006425
test_00280,1.000000
test_00281,0.999912
test_00282,0.999864
test_00283,0.746128
test_00284,0.015508
test_00285,0.000000
test_00286,0.000259
test_00287,0.999568
test_00288,0.992332
test_00289,1.000000
test_00290,1.000000
test_00291,0.999999
test_00292,0.999999
test_00293,0.000037
test_00294,1.000000
test_00295,0.999998
test_00296,0.956944
test_00297,0.996514
test_00298,0.001353
test_00299,1.000000
test_00300,0.000001
test_00301,0.996372
test_00302,0.001088
test_00303,0.189266
test_00304,0.866412
test_00305,1.000000
test_00306,1.000000
test_00307,0.002136
test_00308,0.000075
test_00309,0.000029
test_00310,1.000000
test_00311,0.999991
test_00312,0.001020
test_00313,0.999996
test_00314,0.000001
test_00315,0.999469
test_00316,1.000000
test_00317,0.000001
test_00318,1.000000
test_00319,0.999079
test_00320,0.999999
test_00321,0.004838
test_00322,0.999999
test_00323,1.000000
test_00324,0.872145
test_00325,1.000000
test_00326,0.833286
test_00327,0.931269
test_00328,0.006084
test_00329,1.000000
test_00330,1.000000
test_00331,1.000000
test_00332,0.995902
test_00333,1.000000
test_00334,1.000000
test_00335,0.004727
test_00336,0.000004
test_00337,0.132972
test_00338,0.000152
test_00339,0.999984
test_00340,0.001269
test_00341,0.000002
test_00342,1.000000
test_00343,0.970409
test_00344,1.000000
test_00345,1.000000
test_00346,0.000272
test_00347,0.000146
test_00348,0.884259
test_00349,0.000001
test_00350,0.751791
test_00351,0.013686
test_00352,1.000000
test_00353,0.999997
test_00354,0.000004
test_00355,0.999998
test_00356,0.000007
test_00357,0.000000
test_00358,1.000000
test_00359,1.000000
test_00360,0.999992
test_00361,1.000000
test_00362,0.093723
test_00363,0.999993
test_00364,1.000000
test_00365,0.903729
test_00366,1.000000
test_00367,0.000059
test_00368,0.000001
test_00369,1.000000
test_00370,0.000023
test_00371,0.029930
test_00372,1.000000
test_00373,0.646882
test_00374,1.000000
test_00375,1.000000
test_00376,0.000000
test_00377,0.000016
test_00378,0.999908
test_00379,0.000002
test_00380,0.000022
test_00381,0.998866
test_00382,0.000022
test_00383,0.000000
test_00384,0.999943
test_00385,0.000000
test_00386,0.996506
test_00387,0.999997
test_00388,0.999962
test_00389,1.000000
test_00390,0.998963
test_00391,0.000001
test_00392,0.999941
test_00393,0.999861
test_00394,0.000001
test_00395,0.046395
test_00396,0.000006
test_00397,1.000000
test_00398,0.000002
test_00399,0.812940
test_00400,1.000000
test_00401,0.999757
test_00402,0.999999
test_00403,0.667762
test_00404,0.000001
test_00405,0.999395
test_00406,0.999994
test_00407,0.001171
test_00408,1.000000
test_00409,0.999999
test_00410,0.000001
test_00411,0.000003
test_00412,0.000000
test_00413,0.066354
test_00414,0.761283
test_00415,0.999996
test_00416,0.000001
test_00417,0.000001
test_00418,0.482518
test_00419,0.999995
test_00420,0.000000
test_00421,1.000000
test_00422,1.000000
test_00423,0.000000
test_00424,0.000079
test_00425,0.000004
test_00426,0.087886
test_00427,0.000012
test_00428,0.000008
test_00429,1.000000
test_00430,1.000000
test_00431,1.000000
test_00432,1.000000
test_00433,0.103607
test_00434,0.151171
test_00435,0.000021
test_00436,0.063810
test_00437,0.997784
test_00438,1.000000
test_00439,0.999984
test_00440,0.999984
test_00441,0.000030
test_00442,0.996944
test_00443,0.999999
test_00444,1.000000
test_00445,0.001706
test_00446,0.000003
test_00447,0.000007
test_00448,1.000000
test_00449,0.000182
test_00450,0.000000
test_00451,0.615460
test_00452,1.000000
test_00453,0.005669
test_00454,0.996461
test_00455,0.937254
test_00456,1.000000
test_00457,0.000034
test_00458,1.000000
test_00459,1.000000
test_00460,0.000317
test_00461,1.000000
test_00462,0.023779
test_00463,0.999997
test_00464,0.000001
test_00465,0.000002
test_00466,0.999999
test_00467,0.991556
test_00468,0.999998
test_00469,0.000001
test_00470,0.020264
test_00471,0.000966
test_00472,0.000248
test_00473,0.000001
test_00474,0.000000
test_00475,0.000000
test_00476,0.164759
test_00477,0.000002
test_00478,0.032020
test_00479,0.999999
test_00480,1.000000
test_00481,0.000007
test_00482,0.000062
test_00483,1.000000
test_00484,0.000080
test_00485,0.000006
test_00486,0.000001
test_00487,0.706619
test_00488,0.000005
test_00489,1.000000
test_00490,1.000000
test_00491,0.026046
test_00492,0.996299
test_00493,0.999994
test_00494,1.000000
test_00495,0.999998
test_00496,0.489156
test_00497,0.999993
test_00498,0.000030
test_00499,0.000002
test_00500,1.000000
test_00501,0.002704
test_00502,0.999993
test_00503,0.000888
test_00504,0.999995
test_00505,0.999997
test_00506,0.999981
test_00507,0.000000
test_00508,0.999989
test_00509,0.369381
test_00510,0.999999
test_00511,0.932876
test_00512,0.999274
test_00513,0.999997
test_00514,0.000009
test_00515,0.081992
test_00516,0.000000
test_00517,0.000003
test_00518,0.000007
test_00519,0.999881
test_00520,0.000015
test_00521,1.000000
test_00522,0.889595
test_00523,0.377069
test_00524,0.999975
test_00525,0.999944
test_00526,0.000015
test_00527,0.000002
test_00528,0.002203
test_00529,0.999087
test_00530,0.000002
test_00531,0.999986
test_00532,0.805756
test_00533,0.000010
test_00534,0.999963
test_00535,0.005774
test_00536,0.000001
test_00537,0.000002
test_00538,1.000000
test_00539,0.000060
test_00540,0.998306
test_00541,0.000000
test_00542,0.859440
test_00543,0.777282
test_00544,0.999997
test_00545,0.000000
test_00546,0.000032
test_00547,1.000000
test_00548,0.000833
test_00549,0.427457
test_00550,0.000007
test_00551,0.000002
test_00552,0.006283
test_00553,1.000000
test_00554,0.808978
test_00555,0.000060
test_00556,0.999935
test_00557,1.000000
test_00558,0.007813
test_00559,0.000009
test_00560,1.000000
test_00561,0.000004
test_00562,0.881685
test_00563,0.000851
test_00564,0.999998
test_00565,0.999999
test_00566,0.000004
test_00567,1.000000
test_00568,0.000000
test_00569,0.001159
test_00570,0.000176
test_00571,0.032849
test_00572,0.000003
test_00573,0.000079
test_00574,0.000003
test_00575,0.429078
test_00576,0.999998
test_00577,0.124069
test_00578,0.000010
test_00579,1.000000
test_00580,0.999990
test_00581,0.999471
test_00582,0.017527
test_00583,0.999995
test_00584,0.000000
test_00585,0.000000
test_00586,0.392698
test_00587,0.999998
test_00588,0.000883
test_00589,0.000000
test_00590,0.000003
test_00591,0.000001
test_00592,0.000001
test_00593,0.241391
test_00594,0.999704
test_00595,0.000030
test_00596,0.000351
test_00597,0.000228
test_00598,1.000000
test_00599,0.000000
test_00600,0.997064
test_00601,1.000000
test_00602,0.999998
test_00603,0.000103
test_00604,0.003192
test_00605,0.895420
test_00606,0.169135
test_00607,0.000850
test_00608,0.000002
test_00609,0.000007
test_00610,1.000000
test_00611,0.023437
test_00612,0.005808
test_00613,0.225844
test_00614,0.998731
test_00615,0.999992
test_00616,0.000489
test_00617,0.999114
test_00618,0.148869
test_00619,0.997792
test_00620,0.999990
test_00621,0.000232
test_00622,0.999989
test_00623,0.999988
test_00624,0.000002
test_00625,0.008099
test_00626,0.998905
test_00627,0.079432
test_00628,0.000767
test_00629,0.003197
test_00630,0.999998
test_00631,0.999956
test_00632,1.000000
test_00633,0.999999
test_00634,1.000000
test_00635,0.000000
test_00636,0.999949
test_00637,0.000248
test_00638,0.002537
test_00639,0.999934
test_00640,0.000000
test_00641,1.000000
test_00642,0.999312
test_00643,0.000004
test_00644,1.000000
test_00645,1.000000
test_00646,0.000000
test_00647,0.949979
test_00648,0.999830
test_00649,1.000000
test_00650,0.000188
test_00651,0.000009
test_00652,0.000001
test_00653,1.000000
test_00654,0.999992
test_00655,0.989494
test_00656,0.000009
test_00657,0.000406
test_00658,0.999999
test_00659,0.999563
test_00660,0.000001
test_00661,0.000001
test_00662,0.000212
test_00663,0.950270
test_00664,0.000009
test_00665,0.027439
test_00666,0.933098
test_00667,0.202808
test_00668,0.000833
test_00669,0.006214
test_00670,0.989648
test_00671,1.000000
test_00672,0.999997
test_00673,1.000000
test_00674,1.000000
test_00675,1.000000
test_00676,0.000000
test_00677,0.000002
test_00678,1.000000
test_00679,0.010496
test_00680,0.000940
test_00681,1.000000
test_00682,0.999999
test_00683,0.409551
test_00684,0.000005
test_00685,0.999999
test_00686,0.999413
test_00687,0.000008
test_00688,0.000001
test_00689,0.001284
test_00690,0.002384
test_00691,1.000000
test_00692,1.000000
test_00693,1.000000
test_00694,0.000023
test_00695,0.001026
test_00696,0.000013
test_00697,1.000000
test_00698,0.000000
test_00699,0.005910
test_00700,0.999918
test_00701,1.000000
test_00702,0.999992
test_00703,0.000234
test_00704,0.000009
test_00705,0.015042
test_00706,0.000215
test_00707,0.999999
test_00708,0.000002
test_00709,0.987634
test_00710,0.695848
test_00711,0.999995
test_00712,0.999952
test_00713,0.000015
test_00714,0.007798
test_00715,0.994037
test_00716,0.999668
test_00717,0.999999
test_00718,0.000305
test_00719,0.000000
test_00720,1.000000
test_00721,0.000000
test_00722,0.000000
test_00723,0.999999
test_00724,1.000000
test_00725,0.999999
test_00726,0.000011
test_00727,0.000000
test_00728,0.999998
test_00729,1.000000
test_00730,0.999614
test_00731,0.000395
test_00732,0.000004
test_00733,0.232069
test_00734,0.999978
test_00735,0.000429
test_00736,0.999909
test_00737,0.988093
test_00738,0.218592
test_00739,1.000000
test_00740,0.000001
test_00741,1.000000
test_00742,0.999999
test_00743,0.849254
test_00744,0.000012
test_00745,0.999864
test_00746,0.000001
test_00747,0.000000
test_00748,1.000000
test_00749,0.000000
test_00750,0.000889
test_00751,0.999999
test_00752,0.000121
test_00753,0.444077
test_00754,0.001248
test_00755,0.610187
test_00756,0.417699
test_00757,0.000000
test_00758,0.000002
test_00759,0.000000
test_00760,1.000000
test_00761,0.455411
test_00762,0.003170
test_00763,0.999999
test_00764,0.000043
test_00765,1.000000
test_00766,0.001323
test_00767,1.000000
test_00768,0.000000
test_00769,0.000001
test_00770,1.000000
test_00771,0.931017
test_00772,0.000001
test_00773,1.000000
test_00774,0.999977
test_00775,0.999999
test_00776,0.999999
test_00777,0.538914
test_00778,0.000003
test_00779,0.000001
test_00780,0.980090
test_00781,0.000005
test_00782,0.000028
test_00783,0.901476
test_00784,0.999991
test_00785,0.999457
test_00786,0.144425
test_00787,0.101367
test_00788,1.000000
test_00789,0.867713
test_00790,0.999999
test_00791,1.000000
test_00792,0.999993
test_00793,0.000000
test_00794,0.999935
test_00795,0.000004
test_00796,0.000001
test_00797,0.995253
test_00798,1.000000
test_00799,0.999992
test_00800,0.000030
test_00801,0.086363
test_00802,0.000006
test_00803,0.000001
test_00804,0.527471
test_00805,0.000995
test_00806,0.997481
test_00807,0.999999
test_00808,0.000025
test_00809,0.000511
test_00810,0.999106
test_00811,0.999999
test_00812,0.999994
test_00813,0.000008
test_00814,1.000000
test_00815,0.000001
test_00816,0.000000
test_00817,0.000009
test_00818,0.000000
test_00819,1.000000
test_00820,0.000001
test_00821,0.020025
test_00822,0.110807
test_00823,0.000017
test_00824,0.000001
test_00825,0.999999
test_00826,0.375541
test_00827,1.000000
test_00828,0.999994
test_00829,0.883288
test_00830,1.000000
test_00831,0.999838
test_00832,0.889017
test_00833,0.000017
test_00834,0.000019
test_00835,0.987929
test_00836,0.961751
test_00837,0.999222
test_00838,0.000000
test_00839,0.000089
test_00840,0.000104
test_00841,0.031489
test_00842,1.000000
test_00843,1.000000
test_00844,0.000000
test_00845,0.000082
test_00846,1.000000
test_00847,0.011879
test_00848,0.000003
test_00849,0.394346
test_00850,0.000132
test_00851,1.000000
test_00852,1.000000
test_00853,0.991500
test_00854,0.999092
test_00855,0.000029
test_00856,1.000000
test_00857,0.004976
test_00858,0.000001
test_00859,0.999872
test_00860,0.000148
test_00861,0.999943
test_00862,0.000000
test_00863,1.000000
test_00864,0.000000
test_00865,0.999907
test_00866,0.074592
test_00867,0.000572
test_00868,1.000000
test_00869,0.060817
test_00870,0.000000
test_00871,0.000001
test_00872,0.000000
test_00873,0.999964
test_00874,0.022367
test_00875,0.999997
test_00876,0.001166
test_00877,0.000099
test_00878,0.999077
test_00879,1.000000
test_00880,0.000003
test_00881,1.000000
test_00882,0.999994
test_00883,1.000000
test_00884,0.997530
test_00885,0.996258
test_00886,0.000003
test_00887,0.000087
test_00888,0.000062
test_00889,1.000000
test_00890,0.991542
test_00891,0.999991
test_00892,0.000006
test_00893,0.999990
test_00894,1.000000
test_00895,0.999017
test_00896,0.999999
test_00897,0.999995
test_00898,0.999932
test_00899,0.445161
test_00900,0.000002
test_00901,1.000000
test_00902,0.934493
test_00903,1.000000
test_00904,1.000000
test_00905,0.000001
test_00906,0.170446
test_00907,0.999718
test_00908,0.000001
test_00909,0.999995
test_00910,0.000001
test_00911,0.998478
test_00912,0.660612
test_00913,0.000009
test_00914,0.010389
test_00915,0.999264
test_00916,0.000073
test_00917,0.999987
test_00918,0.123480
test_00919,0.000000
test_00920,0.000002
test_00921,0.000010
test_00922,0.999995
test_00923,0.000001
test_00924,1.000000
test_00925,1.000000
test_00926,0.999964
test_00927,0.000087
test_00928,1.000000
test_00929,0.008929
test_00930,0.000459
test_00931,1.000000
test_00932,0.000004
test_00933,1.000000
test_00934,0.999998
test_00935,0.000000
test_00936,1.000000
test_00937,0.999998
test_00938,0.000489
test_00939,1.000000
test_00940,0.999859
test_00941,0.999555
test_00942,1.000000
test_00943,0.000003
test_00944,0.000001
test_00945,0.999444
test_00946,0.999626
test_00947,0.000001
test_00948,0.000053
test_00949,0.000000
test_00950,0.000009
test_00951,0.999934
test_00952,1.000000
test_00953,1.000000
test_00954,0.954313
test_00955,0.999913
test_00956,0.992576
test_00957,0.685034
test_00958,0.243282
test_00959,0.999999
test_00960,0.000000
test_00961,0.999999
test_00962,0.000004
test_00963,1.000000
test_00964,0.999527
test_00965,1.000000
test_00966,0.887399
test_00967,0.000012
test_00968,0.000001
test_00969,0.999372
test_00970,0.999999
test_00971,1.000000
test_00972,0.993904
test_00973,0.028294
test_00974,0.000080
test_00975,1.000000
test_00976,0.967850
test_00977,1.000000
test_00978,0.030191
test_00979,0.989358
test_00980,0.995343
test_00981,0.999996
test_00982,0.574347
test_00983,0.000008
test_00984,0.030487
test_00985,1.000000
test_00986,0.000132
test_00987,0.000005
test_00988,0.018765
test_00989,0.990487
test_00990,0.000003
test_00991,0.999827
test_00992,0.000008
test_00993,0.000001
test_00994,0.000007
test_00995,0.000044
test_00996,0.999999
test_00997,0.999472
test_00998,0.000025
test_00999,0.001312
test_01000,0.112913
test_01001,0.999969
test_01002,0.027917
test_01003,0.132890
test_01004,0.001710
test_01005,0.000018
test_01006,0.000001
test_01007,0.000003
test_01008,0.969578
test_01009,1.000000
test_01010,0.999999
test_01011,0.998042
test_01012,0.000012
test_01013,0.000125
test_01014,0.000004
test_01015,1.000000
test_01016,1.000000
test_01017,0.000000
test_01018,0.999929
test_01019,0.999991
test_01020,0.999999
test_01021,0.999970
test_01022,0.000006
test_01023,1.000000
test_01024,0.000062
test_01025,0.000333
test_01026,1.000000
test_01027,0.000002
test_01028,0.000005
test_01029,1.000000
test_01030,1.000000
test_01031,0.151556
test_01032,0.006960
test_01033,0.999975
test_01034,0.998937
test_01035,0.000007
test_01036,1.000000
test_01037,0.999991
test_01038,1.000000
test_01039,1.000000
test_01040,1.000000
test_01041,0.717468
test_01042,1.000000
test_01043,0.999962
test_01044,1.000000
test_01045,0.999999
test_01046,0.000000
test_01047,0.999998
test_01048,0.999998
test_01049,0.000000
test_01050,0.000010
test_01051,0.999865
test_01052,0.999997
test_01053,0.001265
test_01054,0.014370
test_01055,0.002775
test_01056,0.000002
test_01057,0.039758
test_01058,0.999998
test_01059,0.987091
test_01060,0.998582
test_01061,0.999993
test_01062,0.000369
test_01063,0.000000
test_01064,0.001790
test_01065,0.000179
test_01066,1.000000
test_01067,0.000020
test_01068,0.999998
test_01069,0.000000
test_01070,1.000000
test_01071,1.000000
test_01072,0.999911
test_01073,0.999984
test_01074,0.999999
test_01075,0.000003
test_01076,0.000003
test_01077,0.999993
test_01078,0.000030
test_01079,0.994423
test_01080,1.000000
test_01081,0.999999
test_01082,1.000000
test_01083,0.999897
test_01084,0.000028
test_01085,0.999776
test_01086,1.000000
test_01087,0.000020
test_01088,0.000001
test_01089,1.000000
test_01090,0.999993
test_01091,1.000000
test_01092,0.000220
test_01093,0.055244
test_01094,0.000254
test_01095,1.000000
test_01096,0.000001
test_01097,0.999999
test_01098,1.000000
test_01099,0.979521
test_01100,0.000000
test_01101,0.000530
test_01102,0.999998
test_01103,0.143218
test_01104,0.000007
test_01105,0.999993
test_01106,0.233759
test_01107,1.000000
test_01108,0.919835
test_01109,0.000004
test_01110,0.999998
test_01111,0.000003
test_01112,0.000083
test_01113,0.999997
test_01114,0.000000
test_01115,0.389737
test_01116,0.023562
test_01117,0.998057
test_01118,0.000002
test_01119,0.984300
test_01120,0.000000
test_01121,1.000000
test_01122,0.000005
test_01123,0.999999
test_01124,0.000013
test_01125,0.999966
test_01126,0.999672
test_01127,0.000001
test_01128,0.999998
test_01129,0.984477
test_01130,0.999992
test_01131,0.999592
test_01132,0.000000
test_01133,0.023283
test_01134,0.000137
test_01135,1.000000
test_01136,0.000000
test_01137,1.000000
test_01138,0.960877
test_01139,0.000001
test_01140,0.000477
test_01141,1.000000
test_01142,0.999999
test_01143,0.999275
test_01144,0.998412
test_01145,0.999739
test_01146,1.000000
test_01147,0.000147
test_01148,1.000000
test_01149,0.065483
test_01150,0.999998
test_01151,0.000000
test_01152,0.999485
test_01153,1.000000
test_01154,1.000000
test_01155,0.400917
test_01156,0.000490
test_01157,0.000003
test_01158,0.000004
test_01159,0.003543
test_01160,0.000119
test_01161,0.021224
test_01162,0.000001
test_01163,0.117773
test_01164,0.000013
test_01165,0.000064
test_01166,0.999999
test_01167,0.647133
test_01168,0.000020
test_01169,0.000001
test_01170,0.001634
test_01171,1.000000
test_01172,1.000000
test_01173,0.000256
test_01174,0.982837
test_01175,0.000000
test_01176,0.000081
test_01177,0.750584
test_01178,1.000000
test_01179,0.001176
test_01180,0.000001
test_01181,0.000015
test_01182,0.309700
test_01183,1.000000
test_01184,0.999906
test_01185,0.000000
test_01186,0.000012
test_01187,0.000006
test_01188,0.000001
test_01189,0.000003
test_01190,0.000000
test_01191,0.000415
test_01192,1.000000
test_01193,0.000004
test_01194,1.000000
test_01195,0.999940
test_01196,0.999945
test_01197,0.999998
test_01198,0.000010
test_01199,0.000001
test_01200,0.806729
test_01201,0.001587
test_01202,0.999973
test_01203,1.000000
test_01204,0.000001
test_01205,0.000187
test_01206,0.999996
test_01207,0.001825
test_01208,0.999956
test_01209,0.942060
test_01210,0.999999
test_01211,0.999987
test_01212,0.000156
test_01213,0.986430
test_01214,0.999999
test_01215,0.000000
test_01216,0.435352
test_01217,0.000002
test_01218,0.422232
test_01219,0.101877
test_01220,1.000000
test_01221,0.999999
test_01222,0.000834
test_01223,0.999998
test_01224,0.999994
test_01225,1.000000
test_01226,0.000380
test_01227,1.000000
test_01228,0.003985
test_01229,0.999997
test_01230,1.000000
test_01231,0.999974
test_01232,0.347641
test_01233,0.999864
test_01234,0.000004
test_01235,0.999999
test_01236,1.000000
test_01237,0.000003
test_01238,0.000014
test_01239,0.999949
test_01240,0.998663
test_01241,0.992810
test_01242,0.000027
test_01243,0.000021
test_01244,0.000010
test_01245,0.999999
test_01246,1.000000
test_01247,0.948526
test_01248,0.000357
test_01249,0.883062
test_01250,0.001787
test_01251,0.999999
test_01252,0.999551
test_01253,0.704745
test_01254,1.000000
test_01255,0.909514
test_01256,0.958445
test_01257,0.003214
test_01258,0.000010
test_01259,0.999447
test_01260,0.402003
test_01261,0.014041
test_01262,0.902839
test_01263,0.994569
test_01264,0.000018
test_01265,1.000000
test_01266,0.000001
test_01267,0.000007
test_01268,0.000003
test_01269,0.988464
test_01270,0.097426
test_01271,0.000045
test_01272,0.000005
test_01273,0.000001
test_01274,0.000001
test_01275,0.993072
test_01276,0.000004
test_01277,0.009340
test_01278,0.999433
test_01279,0.000001
test_01280,0.999999
test_01281,0.999953
test_01282,0.999966
test_01283,1.000000
test_01284,0.000185
test_01285,0.383725
test_01286,0.999992
test_01287,0.999830
test_01288,0.075264
test_01289,0.027678
test_01290,0.999923
test_01291,0.000000
test_01292,0.925046
test_01293,0.000021
test_01294,1.000000
test_01295,0.864526
test_01296,0.999949
test_01297,1.000000
test_01298,0.000006
test_01299,0.999998
test_01300,0.000163
test_01301,0.999997
test_01302,0.999999
test_01303,0.000007
test_01304,0.000649
test_01305,0.000000
test_01306,0.000003
test_01307,1.000000
test_01308,0.996537
test_01309,0.000002
test_01310,0.032545
test_01311,0.000001
test_01312,0.999994
test_01313,0.009416
test_01314,1.000000
test_01315,0.000003
test_01316,0.998137
test_01317,0.999996
test_01318,0.000024
test_01319,0.000000
test_01320,0.991182
test_01321,0.000499
test_01322,0.999884
test_01323,0.820358
test_01324,0.000049
test_01325,1.000000
test_01326,0.000072
test_01327,0.999951
test_01328,1.000000
test_01329,1.000000
test_01330,1.000000
test_01331,0.000000
test_01332,1.000000
test_01333,0.999966
test_01334,0.214584
test_01335,1.000000
test_01336,0.973550
test_01337,0.979839
test_01338,0.999999
test_01339,0.999999
test_01340,0.202219
test_01341,0.999998
test_01342,0.250106
test_01343,0.998468
test_01344,0.993630
test_01345,0.976283
test_01346,0.905256
test_01347,0.999312
test_01348,0.003858
test_01349,0.645205
test_01350,0.935426
test_01351,0.999993
test_01352,0.988308
test_01353,0.000000
test_01354,0.999826
test_01355,0.999230
test_01356,0.000001
test_01357,0.001847
test_01358,0.999995
test_01359,0.000038
test_01360,0.000016
test_01361,0.999882
test_01362,0.000033
test_01363,0.999975
test_01364,0.999998
test_01365,0.932466
test_01366,0.000009
test_01367,0.997804
test_01368,0.026457
test_01369,0.000006
test_01370,0.000002
test_01371,0.000003
test_01372,0.000014
test_01373,0.999999
test_01374,1.000000
test_01375,0.000007
test_01376,0.000001
test_01377,0.000000
test_01378,0.000000
test_01379,0.000001
test_01380,0.000014
test_01381,0.009367
test_01382,1.000000
test_01383,0.987970
test_01384,0.998101
test_01385,1.000000
test_01386,0.002324
test_01387,0.000143
test_01388,0.000287
test_01389,0.001964
test_01390,0.000007
test_01391,0.216749
test_01392,0.999922
test_01393,0.999934
test_01394,0.000010
test_01395,1.000000
test_01396,0.999993
test_01397,0.999681
test_01398,0.000018
test_01399,0.000013
test_01400,0.000006
test_01401,0.000010
test_01402,0.000986
test_01403,0.066581
test_01404,0.999999
test_01405,1.000000
test_01406,0.000004
test_01407,0.029197
test_01408,0.999998
test_01409,1.000000
test_01410,0.999211
test_01411,0.000039
test_01412,0.000041
test_01413,0.420694
test_01414,0.000017
test_01415,0.909364
test_01416,1.000000
test_01417,0.000009
test_01418,0.999947
test_01419,0.000007
test_01420,0.000000
test_01421,0.003123
test_01422,0.047438
test_01423,0.090126
test_01424,0.264830
test_01425,1.000000
test_01426,0.999999
test_01427,0.000028
test_01428,0.999994
test_01429,0.999995
test_01430,0.000374
test_01431,0.000194
test_01432,1.000000
test_01433,0.999999
test_01434,0.999999
test_01435,0.047250
test_01436,0.000005
test_01437,0.000000
test_01438,0.002495
test_01439,0.999998
test_01440,1.000000
test_01441,0.915739
test_01442,0.999999
test_01443,0.789256
test_01444,0.571175
test_01445,0.961437
test_01446,0.000074
test_01447,0.997490
test_01448,1.000000
test_01449,0.999728
test_01450,0.999721
test_01451,0.749445
test_01452,1.000000
test_01453,0.989203
test_01454,0.999951
test_01455,1.000000
test_01456,0.994429
test_01457,0.046737
test_01458,0.987023
test_01459,1.000000
test_01460,0.000000
test_01461,0.000002
test_01462,0.000001
test_01463,1.000000
test_01464,0.000024
test_01465,0.280133
test_01466,0.941327
test_01467,1.000000
test_01468,0.999990
test_01469,0.000002
test_01470,0.993760
test_01471,0.339119
test_01472,0.977607
test_01473,0.000000
test_01474,0.999995
test_01475,0.000009
test_01476,0.000001
test_01477,0.858730
test_01478,0.001082
test_01479,0.999024
test_01480,1.000000
test_01481,0.672588
test_01482,0.003079
test_01483,0.999997
test_01484,0.000002
test_01485,0.999973
test_01486,1.000000
test_01487,0.100352
test_01488,1.000000
test_01489,0.993317
test_01490,0.999997
test_01491,0.000029
test_01492,0.000002
test_01493,0.000004
test_01494,0.000000
test_01495,0.000008
test_01496,1.000000
test_01497,0.970818
test_01498,0.001232
test_01499,0.000085
test_01500,0.000129
test_01501,0.117348
test_01502,0.047689
test_01503,0.004827
test_01504,0.999993
test_01505,0.000001
test_01506,1.000000
test_01507,0.999999
test_01508,0.999976
test_01509,1.000000
test_01510,0.654344
test_01511,1.000000
test_01512,0.999938
test_01513,1.000000
test_01514,0.005790
test_01515,0.999998
test_01516,0.000007
test_01517,0.000095
test_01518,0.999319
test_01519,0.851234
test_01520,0.999875
test_01521,0.999967
test_01522,0.999647
test_01523,0.015867
test_01524,1.000000
test_01525,1.000000
test_01526,0.000001
test_01527,1.000000
test_01528,0.999999
test_01529,0.483888
test_01530,1.000000
test_01531,0.000235
test_01532,0.998981
test_01533,0.999999
test_01534,0.000558
test_01535,0.013533
test_01536,0.683247
test_01537,1.000000
test_01538,0.001891
test_01539,1.000000
test_01540,0.981931
test_01541,0.999998
test_01542,0.999984
test_01543,1.000000
test_01544,0.000003
test_01545,1.000000
test_01546,1.000000
test_01547,0.999775
test_01548,0.000395
test_01549,0.998364
test_01550,1.000000
test_01551,0.000681
test_01552,0.999946
test_01553,0.813987
test_01554,0.000004
test_01555,0.999936
test_01556,0.999999
test_01557,1.000000
test_01558,1.000000
test_01559,0.000002
test_01560,0.999998
test_01561,0.964745
test_01562,0.000083
test_01563,0.999999
test_01564,0.000744
test_01565,0.999132
test_01566,1.000000
test_01567,0.000003
test_01568,0.000020
test_01569,0.000000
test_01570,0.092967
test_01571,1.000000
test_01572,0.999998
test_01573,0.999866
test_01574,0.025343
test_01575,0.000042
test_01576,0.999990
test_01577,0.000181
test_01578,0.999999
test_01579,0.997453
test_01580,0.793534
test_01581,1.000000
test_01582,0.000005
test_01583,0.000001
test_01584,0.249640
test_01585,0.000636
test_01586,1.000000
test_01587,0.999999
test_01588,0.000001
test_01589,0.019538
test_01590,0.164667
test_01591,1.000000
test_01592,0.000002
test_01593,0.000068
test_01594,0.997751
test_01595,1.000000
test_01596,0.000000
test_01597,0.042073
test_01598,0.000000
test_01599,0.993906
test_01600,0.000014
test_01601,1.000000
test_01602,0.525881
test_01603,1.000000
test_01604,0.999931
test_01605,0.039091
test_01606,0.000022
test_01607,1.000000
test_01608,0.999998
test_01609,1.000000
test_01610,0.999997
test_01611,0.000011
test_01612,0.999941
test_01613,0.000003
test_01614,0.000001
test_01615,0.999969
test_01616,0.000042
test_01617,1.000000
test_01618,1.000000
test_01619,0.000001
test_01620,0.943609
test_01621,0.006019
test_01622,0.999997
test_01623,0.791729
test_01624,0.999099
test_01625,0.998718
test_01626,0.999997
test_01627,0.999991
test_01628,0.000000
test_01629,1.000000
test_01630,0.999991
test_01631,1.000000
test_01632,0.000001
test_01633,0.999998
test_01634,0.000000
test_01635,0.999705
test_01636,1.000000
test_01637,0.000000
test_01638,0.999955
test_01639,0.000011
test_01640,0.000006
test_01641,0.120003
test_01642,0.857751
test_01643,0.000003
test_01644,1.000000
test_01645,0.999996
test_01646,0.013067
test_01647,0.999893
test_01648,0.999991
test_01649,0.000000
test_01650,0.512528
test_01651,0.000000
test_01652,0.999997
test_01653,0.000000
test_01654,0.999999
test_01655,1.000000
test_01656,0.977177
test_01657,0.000018
test_01658,0.000020
test_01659,0.000001
test_01660,1.000000
test_01661,0.000000
test_01662,0.999403
test_01663,0.000114
test_01664,0.001105
test_01665,1.000000
test_01666,0.002855
test_01667,0.000151
test_01668,0.999995
test_01669,0.000002
test_01670,0.131897
test_01671,1.000000
test_01672,1.000000
test_01673,0.005705
test_01674,0.000003
test_01675,0.000000
test_01676,1.000000
test_01677,0.969248
test_01678,0.001287
test_01679,0.999996
test_01680,0.000028
test_01681,0.999569
test_01682,1.000000
test_01683,0.000023
test_01684,0.998297
test_01685,1.000000
test_01686,0.999886
test_01687,0.004656
test_01688,0.969232
test_01689,0.000001
test_01690,0.999999
test_01691,0.997996
test_01692,0.000000
test_01693,0.003054
test_01694,0.003180
test_01695,0.000003
test_01696,0.999998
test_01697,0.999998
test_01698,1.000000
test_01699,0.000443
test_01700,1.000000
test_01701,0.000000
test_01702,0.000043
test_01703,1.000000
test_01704,0.000001
test_01705,0.007521
test_01706,1.000000
test_01707,1.000000
test_01708,0.999623
test_01709,1.000000
test_01710,0.993147
test_01711,0.000009
test_01712,0.810287
test_01713,0.001645
test_01714,0.000004
test_01715,1.000000
test_01716,0.997562
test_01717,1.000000
test_01718,0.000001
test_01719,0.002482
test_01720,0.999619
test_01721,0.000000
test_01722,1.000000
test_01723,0.000001
test_01724,0.000002
test_01725,0.000000
test_01726,0.000207
test_01727,1.000000
test_01728,0.002817
test_01729,0.999992
test_01730,0.999303
test_01731,0.008835
test_01732,0.964672
test_01733,0.999941
test_01734,0.999990
test_01735,0.999994
test_01736,0.999993
test_01737,1.000000
test_01738,1.000000
test_01739,0.726224
test_01740,0.001647
test_01741,0.000190
test_01742,0.000017
test_01743,0.993562
test_01744,0.544636
test_01745,0.040993
test_01746,0.000297
test_01747,1.000000
test_01748,0.001041
test_01749,0.999969
test_01750,1.000000
test_01751,0.001491
test_01752,0.001520
test_01753,0.846485
test_01754,0.000136
test_01755,0.984353
test_01756,0.999441
test_01757,0.590361
test_01758,0.000000
test_01759,0.000129
test_01760,0.791112
test_01761,0.000593
test_01762,0.049339
test_01763,0.000000
test_01764,0.999822
test_01765,0.657178
test_01766,0.000000
test_01767,0.000000
test_01768,0.000363
test_01769,0.999999
test_01770,0.983383
test_01771,0.165008
test_01772,0.193762
test_01773,0.991663
test_01774,1.000000
test_01775,0.999998
test_01776,1.000000
test_01777,1.000000
test_01778,1.000000
test_01779,0.217134
test_01780,0.000046
test_01781,0.985031
test_01782,0.000002
test_01783,0.999882
test_01784,0.787619
test_01785,1.000000
test_01786,0.001006
test_01787,0.000138
test_01788,1.000000
test_01789,0.992434
test_01790,0.000001
test_01791,0.999937
test_01792,0.108778
test_01793,0.000002
test_01794,1.000000
test_01795,0.000002
test_01796,0.000001
test_01797,0.000000
test_01798,1.000000
test_01799,0.999388
test_01800,0.999979
test_01801,1.000000
test_01802,0.589029
test_01803,1.000000
test_01804,0.999988
test_01805,0.000001
test_01806,0.012131
test_01807,1.000000
test_01808,0.999999
test_01809,1.000000
test_01810,0.999985
test_01811,0.999998
test_01812,1.000000
test_01813,0.122317
test_01814,0.000000
test_01815,1.000000
test_01816,0.383048
test_01817,0.000001
test_01818,1.000000
test_01819,0.999999
test_01820,0.000001
test_01821,1.000000
test_01822,0.956481
test_01823,0.000000
test_01824,0.784662
test_01825,0.000602
test_01826,0.999985
test_01827,0.000001
test_01828,0.999979
test_01829,0.000000
test_01830,0.998820
test_01831,0.000004
test_01832,0.000065
test_01833,0.000221
test_01834,0.667518
test_01835,0.805957
test_01836,0.016325
test_01837,1.000000
test_01838,0.000001
test_01839,1.000000
test_01840,0.001497
test_01841,0.999993
test_01842,0.000007
test_01843,0.000008
test_01844,0.999888
test_01845,0.778805
test_01846,0.999455
test_01847,0.998068
test_01848,0.000001
test_01849,0.999989
test_01850,0.999940
test_01851,0.999607
test_01852,0.000691
test_01853,0.005071
test_01854,0.000024
test_01855,0.000323
test_01856,0.152649
test_01857,0.000001
test_01858,0.999998
test_01859,0.005081
test_01860,1.000000
test_01861,0.000001
test_01862,0.999997
test_01863,0.999718
test_01864,0.000000
test_01865,0.999950
test_01866,0.000062
test_01867,0.000084
test_01868,0.025133
test_01869,1.000000
test_01870,0.000001
test_01871,1.000000
test_01872,0.000021
test_01873,1.000000
test_01874,0.997750
test_01875,0.000480
test_01876,0.999995
test_01877,1.000000
test_01878,0.005217
test_01879,0.999966
test_01880,1.000000
test_01881,0.998916
test_01882,0.000000
test_01883,0.994934
test_01884,0.000001
test_01885,0.561336
test_01886,0.000002
test_01887,0.999872
test_01888,0.000013
test_01889,0.014797
test_01890,0.993721
test_01891,0.000443
test_01892,0.000001
test_01893,1.000000
test_01894,0.228405
test_01895,0.000000
test_01896,1.000000
test_01897,0.000001
test_01898,0.999997
test_01899,0.997595
test_01900,1.000000
test_01901,0.999727
test_01902,0.999999
test_01903,0.000000
test_01904,0.000000
test_01905,0.999977
test_01906,0.000013
test_01907,0.999992
test_01908,1.000000
test_01909,0.998325
test_01910,0.000000
test_01911,0.000007
test_01912,1.000000
test_01913,0.000000
test_01914,0.999303
test_01915,0.000016
test_01916,0.999999
test_01917,0.999957
test_01918,0.998898
test_01919,0.028987
test_01920,1.000000
test_01921,0.000001
test_01922,0.999515
test_01923,0.676861
test_01924,0.999983
test_01925,0.999998
test_01926,0.000000
test_01927,0.999791
test_01928,0.886457
test_01929,0.992103
test_01930,1.000000
test_01931,0.000001
test_01932,0.999999
test_01933,0.982481
test_01934,0.999997
test_01935,0.000001
test_01936,0.000004
test_01937,0.999997
test_01938,0.396064
test_01939,0.999999
test_01940,0.000009
test_01941,1.000000
test_01942,0.999985
test_01943,0.000004
test_01944,0.999815
test_01945,0.000000
test_01946,0.994768
test_01947,0.000001
test_01948,0.000001
test_01949,0.000006
test_01950,0.999992
test_01951,0.999771
test_01952,1.000000
test_01953,0.000002
test_01954,1.000000
test_01955,0.000139
test_01956,1.000000
test_01957,1.000000
test_01958,0.000005
test_01959,0.000001
test_01960,1.000000
test_01961,1.000000
test_01962,0.000000
test_01963,0.000199
test_01964,0.000002
test_01965,0.999852
test_01966,0.000002
test_01967,0.465005
test_01968,0.999943
test_01969,0.000057
test_01970,0.000129
test_01971,0.999999
test_01972,1.000000
test_01973,0.000003
test_01974,0.071663
test_01975,1.000000
test_01976,1.000000
test_01977,0.255564
test_01978,1.000000
test_01979,0.000141
test_01980,0.000002
test_01981,0.000104
test_01982,0.000000
test_01983,0.000984
test_01984,0.993123
test_01985,0.999988
test_01986,0.999364
test_01987,0.000224
test_01988,0.000052
test_01989,0.974348
test_01990,0.018519
test_01991,1.000000
test_01992,0.471537
test_01993,1.000000
test_01994,0.000001
test_01995,1.000000
test_01996,1.000000
test_01997,1.000000
test_01998,0.000165
test_01999,0.904414
test_02000,1.000000
test_02001,0.000003
test_02002,0.000715
test_02003,1.000000
test_02004,0.000003
test_02005,0.999987
test_02006,0.000000
test_02007,0.109509
test_02008,0.000324
test_02009,0.999925
test_02010,0.552033
test_02011,0.999996
test_02012,0.999858
test_02013,1.000000
test_02014,0.000001
test_02015,0.000004
test_02016,0.984694
test_02017,0.000181
test_02018,0.999999
test_02019,0.999172
test_02020,0.620126
test_02021,1.000000
test_02022,0.000052
test_02023,0.985167
test_02024,0.000403
test_02025,0.939617
test_02026,1.000000
test_02027,0.000005
test_02028,0.999998
test_02029,0.952527
test_02030,0.999998
test_02031,0.999476
test_02032,0.000004
test_02033,0.000001
test_02034,0.001228
test_02035,0.919124
test_02036,0.000000
test_02037,0.000006
test_02038,0.999961
test_02039,0.999999
test_02040,0.996861
test_02041,0.999996
test_02042,0.000002
test_02043,0.000000
test_02044,0.993704
test_02045,0.803381
test_02046,0.000001
test_02047,0.209221
test_02048,0.999999
test_02049,0.000105
test_02050,0.999995
test_02051,1.000000
test_02052,0.000028
test_02053,0.000045
test_02054,0.791489
test_02055,0.998554
test_02056,1.000000
test_02057,0.999990
test_02058,0.999802
test_02059,1.000000
test_02060,0.999964
test_02061,0.999999
test_02062,0.000000
test_02063,0.000002
test_02064,1.000000
test_02065,1.000000
test_02066,1.000000
test_02067,0.000004
test_02068,0.000008
test_02069,1.000000
test_02070,0.000001
test_02071,0.077888
test_02072,1.000000
test_02073,0.000011
test_02074,1.000000
test_02075,0.999998
test_02076,0.002103
test_02077,0.006915
test_02078,0.999891
test_02079,0.000000
test_02080,0.999300
test_02081,0.000001
test_02082,0.999969
test_02083,0.000000
test_02084,0.000006
test_02085,0.220828
test_02086,0.000012
test_02087,0.000001
test_02088,0.938283
test_02089,0.000114
test_02090,0.002053
test_02091,0.006179
test_02092,0.000234
test_02093,0.000004
test_02094,0.999987
test_02095,0.000002
test_02096,0.000000
test_02097,0.714734
test_02098,0.999924
test_02099,0.998688
test_02100,0.999998
test_02101,0.909876
test_02102,1.000000
test_02103,0.000002
test_02104,0.000004
test_02105,0.999999
test_02106,0.999997
test_02107,0.000252
test_02108,0.000000
test_02109,0.000008
test_02110,0.999889
test_02111,0.000000
test_02112,0.962132
test_02113,0.999998
test_02114,1.000000
test_02115,0.000590
test_02116,1.000000
test_02117,0.000003
test_02118,0.016175
test_02119,0.999197
test_02120,0.011086
test_02121,1.000000
test_02122,0.000001
test_02123,0.000135
test_02124,0.000001
test_02125,1.000000
test_02126,0.008084
test_02127,0.000019
test_02128,0.000000
test_02129,0.999997
test_02130,1.000000
test_02131,0.999996
test_02132,0.999999
test_02133,1.000000
test_02134,0.000001
test_02135,1.000000
test_02136,0.923757
test_02137,0.000005
test_02138,0.990724
test_02139,0.995986
test_02140,0.000129
test_02141,1.000000
test_02142,0.999970
test_02143,0.000008
test_02144,0.735739
test_02145,0.000011
test_02146,0.000008
test_02147,0.999731
test_02148,0.999958
test_02149,0.000000
test_02150,1.000000
test_02151,0.000098
test_02152,0.000004
test_02153,0.951773
test_02154,1.000000
test_02155,1.000000
test_02156,0.899019
test_02157,0.000196
test_02158,0.002021
test_02159,1.000000
test_02160,1.000000
test_02161,0.999997
test_02162,0.999999
test_02163,0.000004
test_02164,0.000002
test_02165,0.000003
test_02166,0.030422
test_02167,0.033136
test_02168,0.000478
test_02169,0.587951
test_02170,0.999998
test_02171,0.958279
test_02172,1.000000
test_02173,0.001233
test_02174,0.364252
test_02175,0.999992
test_02176,0.000001
test_02177,0.999999
test_02178,0.000004
test_02179,0.958581
test_02180,1.000000
test_02181,1.000000
test_02182,0.516812
test_02183,0.000001
test_02184,0.000000
test_02185,1.000000
test_02186,0.000003
test_02187,0.999994
test_02188,0.000169
test_02189,0.999996
test_02190,0.998760
test_02191,0.999987
test_02192,0.000000
test_02193,0.000001
test_02194,1.000000
test_02195,0.637736
test_02196,0.000001
test_02197,0.963305
test_02198,0.000759
test_02199,0.000007
test_02200,0.000022
test_02201,0.043645
test_02202,0.000001
test_02203,0.016466
test_02204,0.992801
test_02205,0.000005
test_02206,0.999999
test_02207,0.000690
test_02208,0.999998
test_02209,0.995793
test_02210,0.000002
test_02211,0.694842
test_02212,0.024564
test_02213,1.000000
test_02214,1.000000
test_02215,0.027786
test_02216,0.000013
test_02217,0.000023
test_02218,0.999994
test_02219,0.000002
test_02220,0.000000
test_02221,0.000054
test_02222,1.000000
test_02223,0.000027
test_02224,0.999999
test_02225,0.000001
test_02226,0.000229
test_02227,0.003975
test_02228,1.000000
test_02229,0.999412
test_02230,0.006217
test_02231,0.001117
test_02232,0.999893
test_02233,0.999999
test_02234,0.000000
test_02235,0.472555
test_02236,0.399087
test_02237,0.999992
test_02238,0.000002
test_02239,1.000000
test_02240,1.000000
test_02241,1.000000
test_02242,0.998305
test_02243,0.000000
test_02244,0.988266
test_02245,0.000008
test_02246,0.267842
test_02247,0.999915
test_02248,0.999143
test_02249,0.999992
test_02250,1.000000
test_02251,0.000001
test_02252,1.000000
test_02253,0.753835
test_02254,0.000000
test_02255,0.006205
test_02256,0.000641
test_02257,0.999999
test_02258,0.000001
test_02259,0.999801
test_02260,0.813577
test_02261,0.000001
test_02262,0.000004
test_02263,0.848398
test_02264,0.014798
test_02265,1.000000
test_02266,0.999999
test_02267,0.000000
test_02268,0.000157
test_02269,0.999997
test_02270,1.000000
test_02271,0.014985
test_02272,0.000001
test_02273,0.970821
test_02274,0.906427
test_02275,1.000000
test_02276,0.999999
test_02277,1.000000
test_02278,1.000000
test_02279,0.565256
test_02280,0.000000
test_02281,0.999647
test_02282,0.000002
test_02283,0.951720
test_02284,0.000004
test_02285,0.015468
test_02286,0.000006
test_02287,0.002013
test_02288,0.000000
test_02289,0.002298
test_02290,0.008183
test_02291,0.000002
test_02292,0.046878
test_02293,0.000145
test_02294,1.000000
test_02295,0.996274
test_02296,0.999999
test_02297,0.999983
test_02298,1.000000
test_02299,1.000000
test_02300,0.000003
test_02301,0.010796
test_02302,0.999996
test_02303,1.000000
test_02304,0.000006
test_02305,0.999990
test_02306,1.000000
test_02307,0.000619
test_02308,0.002693
test_02309,0.000002
test_02310,0.996259
test_02311,0.999117
test_02312,0.000367
test_02313,0.017135
test_02314,0.000000
test_02315,0.999989
test_02316,0.999405
test_02317,0.000040
test_02318,1.000000
test_02319,1.000000
test_02320,0.647261
test_02321,0.999940
test_02322,1.000000
test_02323,0.000000
test_02324,0.999885
test_02325,0.976702
test_02326,0.678608
test_02327,0.195232
test_02328,0.000004
test_02329,0.000016
test_02330,0.000001
test_02331,0.000000
test_02332,0.000002
test_02333,0.000000
test_02334,0.999739
test_02335,0.683023
test_02336,1.000000
test_02337,0.000101
test_02338,0.000173
test_02339,0.999971
test_02340,1.000000
test_02341,0.995915
test_02342,0.000002
test_02343,0.999963
test_02344,0.000001
test_02345,0.000045
test_02346,0.764121
test_02347,0.999997
test_02348,0.763739
test_02349,1.000000
test_02350,0.000001
test_02351,0.000010
test_02352,0.000169
test_02353,0.060303
test_02354,1.000000
test_02355,1.000000
test_02356,0.997240
test_02357,0.000000
test_02358,0.993557
test_02359,1.000000
test_02360,0.002828
test_02361,0.999966
test_02362,0.108504
test_02363,0.999967
test_02364,1.000000
test_02365,0.998555
test_02366,0.000946
test_02367,0.999989
test_02368,0.000007
test_02369,0.000001
test_02370,0.999140
test_02371,0.999948
test_02372,0.000151
test_02373,0.000000
test_02374,1.000000
test_02375,1.000000
test_02376,0.999385
test_02377,0.061160
test_02378,0.999998
test_02379,0.000033
test_02380,1.000000
test_02381,0.999998
test_02382,0.999998
test_02383,0.000096
test_02384,0.000000
test_02385,0.999915
test_02386,0.000001
test_02387,1.000000
test_02388,0.000000
test_02389,0.000000
test_02390,0.001274
test_02391,0.979428
test_02392,0.789520
test_02393,0.000000
test_02394,0.000112
test_02395,0.999999
test_02396,0.000004
test_02397,0.989409
test_02398,1.000000
test_02399,0.071976
test_02400,0.999999
test_02401,0.999982
test_02402,0.999991
test_02403,0.004273
test_02404,0.999991
test_02405,0.999605
test_02406,0.083237
test_02407,0.999993
test_02408,0.998511
test_02409,0.000009
test_02410,0.000001
test_02411,0.999763
test_02412,0.529613
test_02413,0.999859
test_02414,0.999996
test_02415,1.000000
test_02416,0.000002
test_02417,0.999858
test_02418,0.081449
test_02419,0.000022
test_02420,0.000195
test_02421,0.999972
test_02422,0.000003
test_02423,0.999997
test_02424,0.000001
test_02425,0.000002
test_02426,1.000000
test_02427,0.977935
test_02428,0.000000
test_02429,0.000000
test_02430,0.999999
test_02431,0.000018
test_02432,0.998255
test_02433,1.000000
test_02434,0.999999
test_02435,0.000427
test_02436,0.001321
test_02437,0.997169
test_02438,1.000000
test_02439,1.000000
test_02440,0.999999
test_02441,0.999784
test_02442,0.932045
test_02443,0.996790
test_02444,0.001983
test_02445,0.999548
test_02446,0.000043
test_02447,0.999973
test_02448,0.999923
test_02449,0.000001
test_02450,0.999997
test_02451,1.000000
test_02452,0.000000
test_02453,0.999966
test_02454,0.999122
test_02455,0.999958
test_02456,0.000029
test_02457,0.000001
test_02458,0.000100
test_02459,0.000141
test_02460,0.999999
test_02461,0.999999
test_02462,0.999858
test_02463,0.000006
test_02464,0.988757
test_02465,0.000005
test_02466,0.000005
test_02467,0.000000
test_02468,0.999987
test_02469,0.090007
test_02470,0.975658
test_02471,1.000000
test_02472,0.020183
test_02473,0.999999
test_02474,0.000001
test_02475,0.000035
test_02476,0.000817
test_02477,0.999999
test_02478,0.986379
test_02479,1.000000
test_02480,1.000000
test_02481,1.000000
test_02482,0.995245
test_02483,0.000004
test_02484,0.998539
test_02485,0.000002
test_02486,0.999758
test_02487,0.671155
test_02488,0.000001
test_02489,0.999875
test_02490,0.999861
test_02491,0.001821
test_02492,0.000002
test_02493,0.000001
test_02494,0.350453
test_02495,0.000001
test_02496,0.999877
test_02497,0.037219
test_02498,0.006172
test_02499,0.002190
test_02500,0.999981
test_02501,0.000000
test_02502,0.001707
test_02503,0.999884
test_02504,1.000000
test_02505,0.343975
test_02506,0.004375
test_02507,0.999093
test_02508,0.000069
test_02509,1.000000
test_02510,0.000001
test_02511,0.999964
test_02512,0.999997
test_02513,0.999989
test_02514,0.001024
test_02515,0.997896
test_02516,1.000000
test_02517,0.001235
test_02518,0.000001
test_02519,0.999887
test_02520,0.000000
test_02521,0.000271
test_02522,0.999996
test_02523,0.000001
test_02524,0.999999
test_02525,0.999997
test_02526,0.032839
test_02527,0.999671
test_02528,0.999842
test_02529,0.994221
test_02530,0.999963
test_02531,0.999998
test_02532,0.000007
test_02533,0.999902
test_02534,0.000016
test_02535,0.813038
test_02536,0.999996
test_02537,0.999760
test_02538,0.990367
test_02539,0.999916
test_02540,0.000000
test_02541,0.000026
test_02542,0.999967
test_02543,0.894750
test_02544,0.999992
test_02545,0.163909
test_02546,0.000000
test_02547,1.000000
test_02548,0.048451
test_02549,0.999999
test_02550,1.000000
test_02551,0.000010
test_02552,0.999994
test_02553,0.999997
test_02554,0.999987
test_02555,0.827539
test_02556,0.023378
test_02557,0.929696
test_02558,0.999999
test_02559,0.000001
test_02560,0.000135
test_02561,0.995540
test_02562,0.739455
test_02563,1.000000
test_02564,0.999416
test_02565,0.054274
test_02566,0.393905
test_02567,0.000008
test_02568,0.000037
test_02569,0.000003
test_02570,0.999999
test_02571,0.000033
test_02572,0.999974
test_02573,0.000003
test_02574,0.999959
test_02575,0.000204
test_02576,0.999999
test_02577,0.999938
test_02578,1.000000
test_02579,0.000002
test_02580,0.000002
test_02581,0.866988
test_02582,0.000694
test_02583,0.327764
test_02584,1.000000
test_02585,0.000000
test_02586,0.001358
test_02587,0.000026
test_02588,0.015878
test_02589,0.219875
test_02590,1.000000
test_02591,0.999994
test_02592,0.986197
test_02593,0.999998
test_02594,1.000000
test_02595,1.000000
test_02596,0.000000
test_02597,0.999993
test_02598,0.999999
test_02599,0.000350
test_02600,1.000000
test_02601,0.000015
test_02602,0.000869
test_02603,0.000222
test_02604,0.000176
test_02605,0.000000
test_02606,0.999984
test_02607,0.999976
test_02608,0.870169
test_02609,1.000000
test_02610,0.000188
test_02611,0.999867
test_02612,0.999668
test_02613,0.022369
test_02614,0.051316
test_02615,0.002762
test_02616,0.971675
test_02617,1.000000
test_02618,0.526492
test_02619,1.000000
test_02620,0.000247
test_02621,0.999089
test_02622,0.002963
test_02623,0.985959
test_02624,1.000000
test_02625,0.003535
test_02626,1.000000
test_02627,1.000000
test_02628,0.000002
test_02629,0.000000
test_02630,0.999652
test_02631,0.000001
test_02632,0.000028
test_02633,1.000000
test_02634,0.001411
test_02635,0.000215
test_02636,0.000002
test_02637,0.999999
test_02638,0.065610
test_02639,0.003113
test_02640,0.817541
test_02641,1.000000
test_02642,0.000001
test_02643,1.000000
test_02644,0.002118
test_02645,0.009348
test_02646,0.000315
test_02647,0.000000
test_02648,0.000000
test_02649,1.000000
test_02650,0.000345
test_02651,0.999999
test_02652,0.666986
test_02653,1.000000
test_02654,0.880752
test_02655,0.000006
test_02656,0.008549
test_02657,0.000049
test_02658,0.669390
test_02659,0.999507
test_02660,0.989485
test_02661,0.999993
test_02662,0.032743
test_02663,0.000006
test_02664,1.000000
test_02665,0.999999
test_02666,1.000000
test_02667,0.009896
test_02668,0.999062
test_02669,0.913046
test_02670,0.003826
test_02671,0.000000
test_02672,1.000000
test_02673,1.000000
test_02674,0.860890
test_02675,0.534715
test_02676,1.000000
test_02677,0.000220
test_02678,1.000000
test_02679,1.000000
test_02680,0.000005
test_02681,0.941603
test_02682,0.000000
test_02683,0.999998
test_02684,0.000591
test_02685,0.000101
test_02686,1.000000
test_02687,0.270468
test_02688,1.000000
test_02689,0.000261
test_02690,0.000001
test_02691,0.000088
test_02692,1.000000
test_02693,0.999955
test_02694,1.000000
test_02695,0.999998
test_02696,0.974628
test_02697,0.000000
test_02698,0.002491
test_02699,1.000000
test_02700,0.000234
test_02701,0.000099
test_02702,0.215570
test_02703,0.000054
test_02704,0.000026
test_02705,1.000000
test_02706,0.000000
test_02707,1.000000
test_02708,0.961802
test_02709,0.999995
test_02710,0.999986
test_02711,0.000011
test_02712,1.000000
test_02713,0.000001
test_02714,0.002109
test_02715,1.000000
test_02716,0.947005
test_02717,0.882659
test_02718,0.000002
test_02719,0.999990
test_02720,0.000001
test_02721,0.000018
test_02722,0.000132
test_02723,1.000000
test_02724,0.012410
test_02725,0.999937
test_02726,0.999998
test_02727,0.000001
test_02728,0.000591
test_02729,0.067006
test_02730,1.000000
test_02731,0.043335
test_02732,0.999986
test_02733,0.063498
test_02734,0.000004
test_02735,0.999991
test_02736,0.690132
test_02737,0.999919
test_02738,0.999029
test_02739,0.814292
test_02740,0.999996
test_02741,0.000066
test_02742,0.211939
test_02743,0.000001
test_02744,0.000001
test_02745,0.999902
test_02746,0.004267
test_02747,0.000007
test_02748,0.000001
test_02749,0.999999
test_02750,1.000000
test_02751,0.849380
test_02752,0.999995
test_02753,0.999975
test_02754,0.000004
test_02755,0.999940
test_02756,1.000000
test_02757,0.000003
test_02758,0.374625
test_02759,0.832346
test_02760,0.000009
test_02761,1.000000
test_02762,0.000000
test_02763,0.000014
test_02764,1.000000
test_02765,0.000001
test_02766,0.000001
test_02767,0.000669
test_02768,0.001930
test_02769,0.000000
test_02770,0.901592
test_02771,0.999999
test_02772,0.951918
test_02773,0.000002
test_02774,0.999992
test_02775,0.739833
test_02776,0.999813
test_02777,1.000000
test_02778,0.830715
test_02779,0.000001
test_02780,0.162419
test_02781,0.999858
test_02782,0.999887
test_02783,0.000001
test_02784,0.000009
test_02785,0.999999
test_02786,0.000003
test_02787,0.000008
test_02788,0.999999
test_02789,0.000050
test_02790,0.000775
test_02791,0.000001
test_02792,0.999898
test_02793,0.999854
test_02794,0.048876
test_02795,1.000000
test_02796,0.999999
test_02797,0.000037
test_02798,0.642211
test_02799,0.999982
test_02800,0.000001
test_02801,0.000000
test_02802,0.277976
test_02803,0.165650
test_02804,0.000101
test_02805,0.001101
test_02806,0.999993
test_02807,0.000016
test_02808,0.000188
test_02809,0.993165
test_02810,0.000002
test_02811,0.000085
test_02812,0.855351
test_02813,0.999972
test_02814,1.000000
test_02815,0.003573
test_02816,0.457050
test_02817,0.000000
test_02818,0.000002
test_02819,0.994071
test_02820,0.318983
test_02821,0.000006
test_02822,0.999999
test_02823,0.999997
test_02824,0.000000
test_02825,1.000000
test_02826,1.000000
test_02827,0.999802
test_02828,1.000000
test_02829,0.985562
test_02830,1.000000
test_02831,1.000000
test_02832,0.000043
test_02833,0.000026
test_02834,0.999897
test_02835,0.000000
test_02836,1.000000
test_02837,1.000000
test_02838,0.000001
test_02839,1.000000
test_02840,0.999978
test_02841,1.000000
test_02842,0.999999
test_02843,0.000000
test_02844,0.000001
test_02845,0.000313
test_02846,1.000000
test_02847,0.999992
test_02848,0.000004
test_02849,0.001616
test_02850,0.000004
test_02851,0.999424
test_02852,0.000000
test_02853,0.297592
test_02854,0.864256
test_02855,1.000000
test_02856,0.000791
test_02857,0.999992
test_02858,1.000000
test_02859,0.989942
test_02860,0.994352
test_02861,1.000000
test_02862,0.000502
test_02863,0.589136
test_02864,0.999912
test_02865,0.999995
test_02866,1.000000
test_02867,0.949423
test_02868,0.000001
test_02869,0.999565
test_02870,0.849120
test_02871,1.000000
test_02872,0.000769
test_02873,0.995179
test_02874,1.000000
test_02875,0.967922
test_02876,0.999999
test_02877,0.000082
test_02878,0.000000
test_02879,0.000016
test_02880,0.999917
test_02881,0.000001
test_02882,0.000005
test_02883,0.999969
test_02884,0.125222
test_02885,0.001155
test_02886,0.000036
test_02887,0.000014
test_02888,0.000003
test_02889,0.000475
test_02890,0.000000
test_02891,0.028780
test_02892,0.000015
test_02893,0.003351
test_02894,0.002034
test_02895,0.994555
test_02896,0.021391
test_02897,0.000132
test_02898,0.874548
test_02899,0.967795
test_02900,0.995846
test_02901,0.000054
test_02902,0.000000
test_02903,0.000002
test_02904,0.016843
test_02905,1.000000
test_02906,0.999740
test_02907,0.999996
test_02908,0.253935
test_02909,0.008160
test_02910,0.000001
test_02911,0.000001
test_02912,1.000000
test_02913,0.000153
test_02914,0.139585
test_02915,0.999999
test_02916,0.995412
test_02917,0.000278
test_02918,0.037721
test_02919,0.000000
test_02920,0.000000
test_02921,0.001011
test_02922,0.964996
test_02923,0.000008
test_02924,0.000280
test_02925,0.043242
test_02926,0.999997
test_02927,0.089511
test_02928,0.309203
test_02929,0.000001
test_02930,1.000000
test_02931,0.999993
test_02932,0.999920
test_02933,0.011102
test_02934,0.057063
test_02935,0.402718
test_02936,0.999996
test_02937,0.000001
test_02938,0.003586
test_02939,0.999994
test_02940,0.012988
test_02941,1.000000
test_02942,0.000447
test_02943,0.993498
test_02944,0.000039
test_02945,0.633312
test_02946,0.000000
test_02947,0.005123
test_02948,0.000617
test_02949,0.390021
test_02950,0.000097
test_02951,0.000002
test_02952,0.999875
test_02953,0.999925
test_02954,1.000000
test_02955,0.000183
test_02956,0.000015
test_02957,0.000000
test_02958,1.000000
test_02959,0.000003
test_02960,0.463094
test_02961,0.000001
test_02962,0.999994
test_02963,0.000045
test_02964,0.997208
test_02965,0.000004
test_02966,0.000001
test_02967,0.000023
test_02968,1.000000
test_02969,1.000000
test_02970,0.984101
test_02971,0.999978
test_02972,0.973275
test_02973,0.000000
test_02974,0.000010
test_02975,0.001519
test_02976,0.999999
test_02977,0.985951
test_02978,1.000000
test_02979,1.000000
test_02980,0.000000
test_02981,1.000000
test_02982,0.008584
test_02983,0.999999
test_02984,0.783679
test_02985,0.006962
test_02986,1.000000
test_02987,0.000011
test_02988,0.000010
test_02989,0.999992
test_02990,0.991406
test_02991,1.000000
test_02992,0.000000
test_02993,0.474900
test_02994,1.000000
test_02995,0.000001
test_02996,0.983439
test_02997,0.006012
test_02998,0.000423
test_02999,1.000000
test_03000,0.999998
test_03001,1.000000
test_03002,0.999803
test_03003,0.999971
test_03004,0.007507
test_03005,0.000103
test_03006,0.999998
test_03007,0.000111
test_03008,0.000002
test_03009,0.003071
test_03010,0.011526
test_03011,1.000000
test_03012,0.000002
test_03013,0.999978
test_03014,0.999996
test_03015,0.000000
test_03016,0.000000
test_03017,0.571441
test_03018,0.000000
test_03019,0.000002
test_03020,0.999999
test_03021,0.000004
test_03022,1.000000
test_03023,0.344775
test_03024,0.999486
test_03025,0.000007
test_03026,0.000062
test_03027,0.000092
test_03028,0.490236
test_03029,0.000001
test_03030,0.005312
test_03031,0.063545
test_03032,0.000607
test_03033,0.999984
test_03034,0.599195
test_03035,0.003301
test_03036,0.000016
test_03037,0.004800
test_03038,0.000001
test_03039,0.000000
test_03040,1.000000
test_03041,0.999999
test_03042,0.999606
test_03043,0.999959
test_03044,1.000000
test_03045,0.999935
test_03046,0.953117
test_03047,1.000000
test_03048,0.000012
test_03049,0.999899
test_03050,0.471499
test_03051,0.000001
test_03052,0.033382
test_03053,0.002066
test_03054,0.000020
test_03055,1.000000
test_03056,1.000000
test_03057,0.000000
test_03058,0.008456
test_03059,1.000000
test_03060,0.999996
test_03061,1.000000
test_03062,1.000000
test_03063,0.001567
test_03064,1.000000
test_03065,0.000002
test_03066,1.000000
test_03067,0.985316
test_03068,0.980277
test_03069,0.999999
test_03070,0.999999
test_03071,1.000000
test_03072,0.000820
test_03073,0.000001
test_03074,0.999998
test_03075,1.000000
test_03076,0.000001
test_03077,0.047082
test_03078,0.006782
test_03079,0.000252
test_03080,0.000000
test_03081,0.000113
test_03082,1.000000
test_03083,0.999999
test_03084,0.896388
test_03085,0.999980
test_03086,0.036992
test_03087,0.930808
test_03088,0.999985
test_03089,0.000001
test_03090,0.999731
test_03091,0.999707
test_03092,0.000001
test_03093,0.999999
test_03094,1.000000
test_03095,0.999998
test_03096,1.000000
test_03097,0.000003
test_03098,0.000011
test_03099,0.998807
test_03100,0.046170
test_03101,0.845810
test_03102,0.999533
test_03103,0.000005
test_03104,0.981086
test_03105,0.000386
test_03106,0.000001
test_03107,0.000006
test_03108,0.000001
test_03109,0.000001
test_03110,0.000132
test_03111,0.000000
test_03112,0.000000
test_03113,0.000003
test_03114,0.000477
test_03115,0.007295
test_03116,1.000000
test_03117,0.000005
test_03118,0.000005
test_03119,1.000000
test_03120,0.001693
test_03121,0.000004
test_03122,0.996643
test_03123,1.000000
test_03124,1.000000
test_03125,0.091095
test_03126,0.996259
test_03127,0.998621
test_03128,0.000001
test_03129,0.002017
test_03130,1.000000
test_03131,0.641361
test_03132,1.000000
test_03133,0.758115
test_03134,1.000000
test_03135,1.000000
test_03136,0.000001
test_03137,0.000040
test_03138,0.000000
test_03139,0.000001
test_03140,0.000001
test_03141,1.000000
test_03142,0.999999
test_03143,0.015498
test_03144,0.707044
test_03145,1.000000
test_03146,0.000001
test_03147,0.000002
test_03148,0.000002
test_03149,0.830775
test_03150,0.998685
test_03151,0.000080
test_03152,0.999638
test_03153,0.000001
test_03154,1.000000
test_03155,0.000002
test_03156,1.000000
test_03157,0.000003
test_03158,1.000000
test_03159,0.999997
test_03160,0.000297
test_03161,0.000001
test_03162,0.999987
test_03163,0.000008
test_03164,0.999152
test_03165,0.000008
test_03166,0.000000
test_03167,0.000007
test_03168,0.000000
test_03169,0.000033
test_03170,0.000002
test_03171,0.998909
test_03172,0.990557
test_03173,0.999999
test_03174,0.999973
test_03175,0.800797
test_03176,1.000000
test_03177,0.000005
test_03178,1.000000
test_03179,0.013583
test_03180,1.000000
test_03181,0.999996
test_03182,0.999736
test_03183,0.999998
test_03184,1.000000
test_03185,0.962829
test_03186,0.000007
test_03187,0.999995
test_03188,0.003351
test_03189,0.999999
test_03190,0.002141
test_03191,0.000543
test_03192,0.999429
test_03193,0.992156
test_03194,0.849207
test_03195,0.001841
test_03196,0.990326
test_03197,0.000002
test_03198,0.000005
test_03199,0.009878
test_03200,0.000016
test_03201,0.002227
test_03202,0.002488
test_03203,0.000000
test_03204,0.999999
test_03205,0.387842
test_03206,0.000009
test_03207,0.999991
test_03208,0.000043
test_03209,0.001058
test_03210,0.992543
test_03211,0.000000
test_03212,0.998778
test_03213,1.000000
test_03214,0.000003
test_03215,1.000000
test_03216,0.000018
test_03217,0.000219
test_03218,0.000000
test_03219,0.998081
test_03220,0.999923
test_03221,0.999991
test_03222,0.000032
test_03223,0.048086
test_03224,1.000000
test_03225,0.999999
test_03226,0.000000
test_03227,0.999999
test_03228,0.662796
test_03229,0.000012
test_03230,0.999999
test_03231,0.999999
test_03232,1.000000
test_03233,0.000001
test_03234,0.234968
test_03235,0.754487
test_03236,0.000000
test_03237,0.999998
test_03238,0.000300
test_03239,0.000002
test_03240,0.000005
test_03241,0.997425
test_03242,0.000001
test_03243,0.000001
test_03244,0.982729
test_03245,0.968989
test_03246,0.999975
test_03247,1.000000
test_03248,0.000002
test_03249,0.140549
test_03250,0.000035
test_03251,0.000000
test_03252,0.999996
test_03253,1.000000
test_03254,0.000000
test_03255,0.700103
test_03256,1.000000
test_03257,0.729681
test_03258,0.611830
test_03259,0.976356
test_03260,0.000012
test_03261,0.000000
test_03262,0.999999
test_03263,0.810574
test_03264,0.650997
test_03265,0.000000
test_03266,1.000000
test_03267,1.000000
test_03268,0.048083
test_03269,1.000000
test_03270,0.000000
test_03271,0.000010
test_03272,0.999995
test_03273,0.000001
test_03274,0.000289
test_03275,0.000002
test_03276,0.000042
test_03277,0.000002
test_03278,1.000000
test_03279,0.999991
test_03280,0.993035
test_03281,1.000000
test_03282,0.006671
test_03283,0.000003
test_03284,0.000000
test_03285,0.999974
test_03286,0.997586
test_03287,1.000000
test_03288,0.999185
test_03289,0.994436
test_03290,0.020796
test_03291,0.999987
test_03292,0.995368
test_03293,0.999999
test_03294,1.000000
test_03295,0.000001
test_03296,0.000000
test_03297,1.000000
test_03298,0.000005
test_03299,1.000000
test_03300,1.000000
test_03301,0.870913
test_03302,0.999126
test_03303,0.000002
test_03304,0.000004
test_03305,0.999997
test_03306,1.000000
test_03307,0.999999
test_03308,0.999996
test_03309,0.000001
test_03310,1.000000
test_03311,0.000004
test_03312,1.000000
test_03313,0.000006
test_03314,0.000005
test_03315,0.997804
test_03316,1.000000
test_03317,1.000000
test_03318,0.999995
test_03319,0.000000
test_03320,0.999999
test_03321,0.999387
test_03322,0.999997
test_03323,0.997561
test_03324,0.000004
test_03325,0.001118
test_03326,0.000006
test_03327,0.993238
test_03328,0.000110
test_03329,0.000003
test_03330,0.999991
test_03331,0.000003
test_03332,0.620368
test_03333,0.482880
test_03334,0.999999
test_03335,0.999999
test_03336,0.000180
test_03337,0.996019
test_03338,0.998578
test_03339,0.999879
test_03340,0.999981
test_03341,0.000013
test_03342,0.000005
test_03343,0.000177
test_03344,1.000000
test_03345,0.000000
test_03346,0.024619
test_03347,0.000061
test_03348,0.000074
test_03349,1.000000
test_03350,0.999952
test_03351,0.071546
test_03352,1.000000
test_03353,0.000807
test_03354,0.000014
test_03355,0.999993
test_03356,0.996355
test_03357,0.999966
test_03358,0.000639
test_03359,1.000000
test_03360,0.854987
test_03361,0.037854
test_03362,1.000000
test_03363,0.999784
test_03364,0.442644
test_03365,1.000000
test_03366,0.984374
test_03367,0.999889
test_03368,0.999999
test_03369,0.001714
test_03370,0.999999
test_03371,1.000000
test_03372,0.025339
test_03373,0.000409
test_03374,0.602055
test_03375,0.000002
test_03376,0.999907
test_03377,0.000016
test_03378,0.010175
test_03379,0.999999
test_03380,1.000000
test_03381,1.000000
test_03382,1.000000
test_03383,0.997338
test_03384,0.999991
test_03385,1.000000
test_03386,0.304626
test_03387,1.000000
test_03388,0.014118
test_03389,0.917262
test_03390,0.462422
test_03391,1.000000
test_03392,0.076000
test_03393,0.000013
test_03394,0.984440
test_03395,0.362000
test_03396,0.000403
test_03397,0.000001
test_03398,0.999999
test_03399,0.999983
test_03400,0.000000
test_03401,0.000417
test_03402,0.997875
test_03403,0.000254
test_03404,0.312904
test_03405,0.999998
test_03406,0.004028
test_03407,0.000001
test_03408,0.000053
test_03409,0.000003
test_03410,0.989028
test_03411,1.000000
test_03412,0.999829
test_03413,0.000033
test_03414,0.000004
test_03415,1.000000
test_03416,0.089337
test_03417,0.002358
test_03418,0.000001
test_03419,0.001783
test_03420,1.000000
test_03421,0.000009
test_03422,0.999986
test_03423,0.000012
test_03424,0.007379
test_03425,0.000000
test_03426,0.998740
test_03427,1.000000
test_03428,0.000004
test_03429,0.999974
test_03430,1.000000
test_03431,1.000000
test_03432,0.000086
test_03433,0.999998
test_03434,0.023370
test_03435,1.000000
test_03436,0.003426
test_03437,0.000003
test_03438,0.000003
test_03439,1.000000
test_03440,0.995139
test_03441,0.999997
test_03442,0.994386
test_03443,0.999966
test_03444,0.999616
test_03445,0.000103
test_03446,0.999999
test_03447,1.000000
test_03448,0.046564
test_03449,1.000000
test_03450,0.000384
test_03451,0.000976
test_03452,0.000000
test_03453,0.000001
test_03454,0.000011
test_03455,0.000000
test_03456,0.000000
test_03457,0.000090
test_03458,0.999770
test_03459,0.000002
test_03460,0.000076
test_03461,0.999980
test_03462,1.000000
test_03463,0.000026
test_03464,0.999897
test_03465,0.036329
test_03466,0.000009
test_03467,0.999999
test_03468,0.000000
test_03469,0.032332
test_03470,0.000000
test_03471,0.981237
test_03472,1.000000
test_03473,0.999995
test_03474,1.000000
test_03475,0.114691
test_03476,0.000024
test_03477,0.000006
test_03478,0.000137
test_03479,0.000000
test_03480,1.000000
test_03481,0.991263
test_03482,0.999967
test_03483,0.024459
test_03484,0.999794
test_03485,0.000001
test_03486,1.000000
test_03487,0.999992
test_03488,1.000000
test_03489,0.000002
test_03490,0.999999
test_03491,0.999954
test_03492,1.000000
test_03493,1.000000
test_03494,0.000006
test_03495,0.037475
test_03496,0.000033
test_03497,0.985110
test_03498,1.000000
test_03499,0.999997
test_03500,0.837042
test_03501,0.000031
test_03502,0.000044
test_03503,0.001125
test_03504,0.000284
test_03505,0.000000
test_03506,0.274633
test_03507,0.025287
test_03508,0.230612
test_03509,0.973333
test_03510,1.000000
test_03511,0.000008
test_03512,0.999951
test_03513,0.000040
test_03514,0.999393
test_03515,0.984202
test_03516,0.000017
test_03517,1.000000
test_03518,0.000000
test_03519,0.995559
test_03520,0.096218
test_03521,0.393210
test_03522,0.999983
test_03523,1.000000
test_03524,0.000003
test_03525,1.000000
test_03526,1.000000
test_03527,0.999116
test_03528,0.000394
test_03529,0.000000
test_03530,0.000001
test_03531,0.000001
test_03532,0.999978
test_03533,0.049369
test_03534,0.999993
test_03535,0.000028
test_03536,1.000000
test_03537,0.000025
test_03538,0.000017
test_03539,0.182417
test_03540,0.882473
test_03541,0.000046
test_03542,0.013108
test_03543,0.999977
test_03544,0.000095
test_03545,0.000001
test_03546,0.000698
test_03547,1.000000
test_03548,1.000000
test_03549,0.000005
test_03550,0.999998
test_03551,1.000000
test_03552,0.999987
test_03553,0.999998
test_03554,0.701611
test_03555,0.000000
test_03556,0.000709
test_03557,0.999964
test_03558,0.994071
test_03559,0.000000
test_03560,0.999974
test_03561,1.000000
test_03562,0.999999
test_03563,0.503631
test_03564,1.000000
test_03565,0.999996
test_03566,0.000000
test_03567,0.782924
test_03568,0.000208
test_03569,0.000160
test_03570,0.999999
test_03571,0.000003
test_03572,0.999997
test_03573,0.999865
test_03574,0.985081
test_03575,1.000000
test_03576,1.000000
test_03577,0.000888
test_03578,0.000000
test_03579,0.000003
test_03580,0.999404
test_03581,0.000000
test_03582,0.999855
test_03583,1.000000
test_03584,0.000000
test_03585,0.062337
test_03586,0.000074
test_03587,0.000073
test_03588,0.000011
test_03589,0.000006
test_03590,0.000000
test_03591,0.000000
test_03592,1.000000
test_03593,1.000000
test_03594,0.000004
test_03595,0.999998
test_03596,0.999999
test_03597,0.057779
test_03598,0.891080
test_03599,0.999964
test_03600,0.000021
test_03601,0.999937
test_03602,0.000027
test_03603,1.000000
test_03604,1.000000
test_03605,0.999981
test_03606,0.000001
test_03607,0.000000
test_03608,1.000000
test_03609,0.000672
test_03610,0.000018
test_03611,0.993164
test_03612,1.000000
test_03613,0.980903
test_03614,0.000000
test_03615,0.938205
test_03616,0.000016
test_03617,0.999989
test_03618,1.000000
test_03619,0.000074
test_03620,0.000000
test_03621,0.000046
test_03622,0.027790
test_03623,0.000000
test_03624,0.000022
test_03625,1.000000
test_03626,0.276424
test_03627,0.014266
test_03628,0.000001
test_03629,0.982028
test_03630,0.065239
test_03631,0.013686
test_03632,0.999835
test_03633,0.000004
test_03634,0.000001
test_03635,0.999419
test_03636,0.003702
test_03637,0.000008
test_03638,0.741832
test_03639,0.000553
test_03640,0.000009
test_03641,0.999941
test_03642,0.343299
test_03643,1.000000
test_03644,0.000039
test_03645,0.999999
test_03646,0.999999
test_03647,0.982599
test_03648,0.999982
test_03649,1.000000
test_03650,1.000000
test_03651,0.000000
test_03652,0.000305
test_03653,0.999959
test_03654,0.999943
test_03655,0.999994
test_03656,0.104108
test_03657,0.219960
test_03658,0.995836
test_03659,1.000000
test_03660,0.999973
test_03661,0.809226
test_03662,0.999400
test_03663,0.999679
test_03664,0.999999
test_03665,1.000000
test_03666,0.023560
test_03667,0.000001
test_03668,0.999999
test_03669,0.997796
test_03670,0.998032
test_03671,0.000001
test_03672,0.999798
test_03673,0.000936
test_03674,0.000013
test_03675,1.000000
test_03676,1.000000
test_03677,0.999963
test_03678,0.999977
test_03679,0.000001
test_03680,1.000000
test_03681,0.925082
test_03682,0.980717
test_03683,1.000000
test_03684,1.000000
test_03685,1.000000
test_03686,1.000000
test_03687,0.002670
test_03688,1.000000
test_03689,0.000005
test_03690,1.000000
test_03691,1.000000
test_03692,0.000478
test_03693,0.007847
test_03694,1.000000
test_03695,0.000003
test_03696,0.000008
test_03697,0.308981
test_03698,1.000000
test_03699,0.999995
test_03700,1.000000
test_03701,0.742317
test_03702,0.999999
test_03703,0.999927
test_03704,0.000002
test_03705,0.000152
test_03706,0.000001
test_03707,1.000000
test_03708,0.000908
test_03709,1.000000
test_03710,0.137630
test_03711,0.416938
test_03712,1.000000
test_03713,0.000032
test_03714,0.000002
test_03715,1.000000
test_03716,1.000000
test_03717,0.000001
test_03718,0.000003
test_03719,1.000000
test_03720,0.000001
test_03721,0.000107
test_03722,0.000001
test_03723,0.000023
test_03724,0.999954
test_03725,0.004760
test_03726,0.999713
test_03727,0.000001
test_03728,0.001448
test_03729,0.000103
test_03730,0.999727
test_03731,0.673649
test_03732,0.999996
test_03733,0.999998
test_03734,0.992631
test_03735,0.000046
test_03736,0.000002
test_03737,0.999999
test_03738,0.999999
test_03739,0.667313
test_03740,0.000003
test_03741,0.000007
test_03742,0.753283
test_03743,1.000000
test_03744,1.000000
test_03745,0.997634
test_03746,0.000107
test_03747,0.007124
test_03748,0.000006
test_03749,0.999776
test_03750,1.000000
test_03751,0.997256
test_03752,1.000000
test_03753,1.000000
test_03754,1.000000
test_03755,0.999994
test_03756,0.999975
test_03757,0.000153
test_03758,0.999997
test_03759,0.000203
test_03760,0.000328
test_03761,0.999870
test_03762,1.000000
test_03763,0.000953
test_03764,1.000000
test_03765,0.232477
test_03766,0.999999
test_03767,0.999884
test_03768,0.000010
test_03769,0.000078
test_03770,0.999993
test_03771,1.000000
test_03772,1.000000
test_03773,0.990877
test_03774,0.000095
test_03775,0.955556
test_03776,0.000000
test_03777,0.000001
test_03778,1.000000
test_03779,0.000009
test_03780,0.000069
test_03781,0.000044
test_03782,0.000001
test_03783,0.000000
test_03784,0.000007
test_03785,1.000000
test_03786,0.000004
test_03787,0.000003
test_03788,0.000000
test_03789,0.000470
test_03790,0.994236
test_03791,0.813108
test_03792,1.000000
test_03793,0.000074
test_03794,1.000000
test_03795,0.999962
test_03796,0.999999
test_03797,0.000001
test_03798,1.000000
test_03799,0.000001
test_03800,1.000000
test_03801,0.070651
test_03802,0.001410
test_03803,0.000122
test_03804,0.000003
test_03805,0.999951
test_03806,0.000000
test_03807,0.999718
test_03808,0.990385
test_03809,0.716002
test_03810,0.068130
test_03811,0.013798
test_03812,0.000001
test_03813,1.000000
test_03814,0.000000
test_03815,0.730820
test_03816,0.000036
test_03817,0.999829
test_03818,0.000005
test_03819,0.236711
test_03820,1.000000
test_03821,1.000000
test_03822,0.999996
test_03823,0.000000
test_03824,0.998708
test_03825,0.995783
test_03826,1.000000
test_03827,0.001456
test_03828,0.999996
test_03829,0.000009
test_03830,1.000000
test_03831,0.000000
test_03832,0.000107
test_03833,0.000420
test_03834,1.000000
test_03835,0.951961
test_03836,0.001144
test_03837,0.000021
test_03838,0.001428
test_03839,0.977102
test_03840,0.999999
test_03841,1.000000
test_03842,0.759897
test_03843,0.599570
test_03844,0.000001
test_03845,1.000000
test_03846,0.999988
test_03847,0.000003
test_03848,0.999996
test_03849,0.999991
test_03850,0.206496
test_03851,0.000001
test_03852,0.999978
test_03853,1.000000
test_03854,1.000000
test_03855,0.000000
test_03856,0.000002
test_03857,0.000005
test_03858,0.000000
test_03859,0.000026
test_03860,0.000000
test_03861,0.000916
test_03862,0.999841
test_03863,0.999994
test_03864,0.999991
test_03865,0.012952
test_03866,1.000000
test_03867,0.000050
test_03868,0.000016
test_03869,1.000000
test_03870,0.999964
test_03871,0.000001
test_03872,0.000000
test_03873,0.000649
test_03874,0.000932
test_03875,0.000000
test_03876,1.000000
test_03877,0.000063
test_03878,0.999132
test_03879,1.000000
test_03880,1.000000
test_03881,0.000001
test_03882,1.000000
test_03883,0.000015
test_03884,1.000000
test_03885,0.001865
test_03886,0.000002
test_03887,0.004775
test_03888,0.999806
test_03889,0.000000
test_03890,0.963232
test_03891,0.000001
test_03892,0.000175
test_03893,0.000002
test_03894,0.001850
test_03895,0.063597
test_03896,0.999999
test_03897,0.999999
test_03898,0.000017
test_03899,0.999724
test_03900,0.270620
test_03901,0.000000
test_03902,0.001200
test_03903,0.661585
test_03904,0.000001
test_03905,0.999993
test_03906,0.000000
test_03907,1.000000
test_03908,0.001608
test_03909,0.989000
test_03910,0.000144
test_03911,1.000000
test_03912,1.000000
test_03913,0.000003
test_03914,0.000273
test_03915,0.008995
test_03916,0.999994
test_03917,0.999903
test_03918,0.999997
test_03919,0.999978
test_03920,0.999502
test_03921,0.000002
test_03922,0.000000
test_03923,0.884650
test_03924,0.129391
test_03925,0.000000
test_03926,1.000000
test_03927,0.000000
test_03928,0.000577
test_03929,0.999866
test_03930,0.999221
test_03931,1.000000
test_03932,0.000000
test_03933,0.000002
test_03934,0.991804
test_03935,0.000022
test_03936,0.999737
test_03937,0.000001
test_03938,0.998921
test_03939,0.000001
test_03940,0.002431
test_03941,0.024919
test_03942,0.000004
test_03943,0.001000
test_03944,0.999998
test_03945,1.000000
test_03946,0.994020
test_03947,0.999980
test_03948,0.999985
test_03949,0.068342
test_03950,0.940917
test_03951,0.000048
test_03952,0.833504
test_03953,0.999986
test_03954,1.000000
test_03955,0.000006
test_03956,0.000042
test_03957,0.976957
test_03958,1.000000
test_03959,0.000460
test_03960,0.000001
test_03961,1.000000
test_03962,1.000000
test_03963,0.000660
test_03964,1.000000
test_03965,0.000005
test_03966,0.001575
test_03967,0.000194
test_03968,1.000000
test_03969,0.985426
test_03970,0.999554
test_03971,0.000069
test_03972,0.000002
test_03973,1.000000
test_03974,0.937491
test_03975,0.999996
test_03976,1.000000
test_03977,1.000000
test_03978,0.001056
test_03979,0.999999
test_03980,0.999990
test_03981,1.000000
test_03982,0.718333
test_03983,1.000000
test_03984,0.999945
test_03985,0.001797
test_03986,0.000002
test_03987,0.005932
test_03988,0.999967
test_03989,0.000009
test_03990,0.003116
test_03991,0.000019
test_03992,0.999999
test_03993,0.526891
test_03994,0.000039
test_03995,0.000351
test_03996,0.999913
test_03997,0.337642
test_03998,0.744261
test_03999,1.000000
test_04000,0.855052
test_04001,0.038625
test_04002,1.000000
test_04003,1.000000
test_04004,0.998221
test_04005,0.000004
test_04006,0.000028
test_04007,0.000001
test_04008,0.998542
test_04009,0.000000
test_04010,0.000035
test_04011,0.000007
test_04012,0.000000
test_04013,0.002332
test_04014,1.000000
test_04015,1.000000
test_04016,0.506069
test_04017,0.049100
test_04018,1.000000
test_04019,1.000000
test_04020,1.000000
test_04021,0.000002
test_04022,0.000000
test_04023,0.999280
test_04024,0.000001
test_04025,0.000004
test_04026,0.999978
test_04027,0.000000
test_04028,0.000002
test_04029,0.997532
test_04030,1.000000
test_04031,0.019186
test_04032,0.000195
test_04033,1.000000
test_04034,1.000000
test_04035,0.995758
test_04036,0.923146
test_04037,1.000000
test_04038,0.000021
test_04039,0.000004
test_04040,0.999905
test_04041,0.999972
test_04042,1.000000
test_04043,0.376775
test_04044,0.000001
test_04045,0.000224
test_04046,0.000113
test_04047,0.717391
test_04048,0.759682
test_04049,0.999997
test_04050,0.971239
test_04051,1.000000
test_04052,0.999951
test_04053,0.049982
test_04054,0.000027
test_04055,1.000000
test_04056,1.000000
test_04057,0.874763
test_04058,0.478971
test_04059,0.990393
test_04060,1.000000
test_04061,0.119228
test_04062,0.000524
test_04063,0.002917
test_04064,0.997949
test_04065,0.999928
test_04066,1.000000
test_04067,0.002796
test_04068,0.000002
test_04069,0.000007
test_04070,0.000000
test_04071,0.999927
test_04072,0.002453
test_04073,0.000046
test_04074,0.000069
test_04075,1.000000
test_04076,0.998298
test_04077,0.492321
test_04078,0.999998
test_04079,0.000004
test_04080,0.001555
test_04081,1.000000
test_04082,0.000000
test_04083,0.004372
test_04084,1.000000
test_04085,0.000562
test_04086,0.998389
test_04087,0.322425
test_04088,1.000000
test_04089,0.000000
test_04090,0.999969
test_04091,0.999998
test_04092,1.000000
test_04093,0.999826
test_04094,0.000180
test_04095,0.291380
test_04096,0.000010
test_04097,0.999917
test_04098,0.000001
test_04099,1.000000
test_04100,1.000000
test_04101,0.000005
test_04102,0.018779
test_04103,0.000001
test_04104,0.999999
test_04105,0.000020
test_04106,0.000002
test_04107,0.000008
test_04108,0.999993
test_04109,1.000000
test_04110,0.998957
test_04111,0.999996
test_04112,0.965732
test_04113,0.999842
test_04114,0.674578
test_04115,0.174980
test_04116,0.997083
test_04117,1.000000
test_04118,0.000003
test_04119,0.000003
test_04120,0.999997
test_04121,0.000632
test_04122,0.000010
test_04123,0.999997
test_04124,0.708290
test_04125,0.000004
test_04126,0.000006
test_04127,0.000008
test_04128,0.999999
test_04129,0.999994
test_04130,0.000002
test_04131,0.000023
test_04132,0.000596
test_04133,0.000000
test_04134,0.997466
test_04135,1.000000
test_04136,0.999993
test_04137,0.991749
test_04138,0.043133
test_04139,0.999998
test_04140,1.000000
test_04141,0.999994
test_04142,0.007228
test_04143,0.999896
test_04144,0.999998
test_04145,0.999826
test_04146,0.000096
test_04147,0.000012
test_04148,0.999976
test_04149,1.000000
test_04150,0.000035
test_04151,0.557600
test_04152,0.260861
test_04153,0.485584
test_04154,0.000001
test_04155,0.000008
test_04156,0.736117
test_04157,0.999961
test_04158,1.000000
test_04159,0.000036
test_04160,0.999998
test_04161,0.000254
test_04162,0.304026
test_04163,0.052785
test_04164,0.999995
test_04165,1.000000
test_04166,0.000021
test_04167,0.018376
test_04168,0.000000
test_04169,1.000000
test_04170,0.995084
test_04171,1.000000
test_04172,0.000043
test_04173,0.999999
test_04174,0.002908
test_04175,0.999927
test_04176,0.000158
test_04177,0.000003
test_04178,1.000000
test_04179,0.000901
test_04180,0.928476
test_04181,0.996195
test_04182,0.999997
test_04183,0.001111
test_04184,0.003990
test_04185,0.999936
test_04186,1.000000
test_04187,0.999901
test_04188,0.000012
test_04189,0.000007
test_04190,0.999980
test_04191,0.999995
test_04192,0.000000
test_04193,0.000000
test_04194,0.000002
test_04195,0.000001
test_04196,0.997490
test_04197,0.000055
test_04198,1.000000
test_04199,0.000002
test_04200,0.000291
test_04201,0.707711
test_04202,0.999983
test_04203,0.999885
test_04204,0.001807
test_04205,0.000000
test_04206,0.000000
test_04207,0.999999
test_04208,0.000001
test_04209,0.132485
test_04210,0.906504
test_04211,0.987399
test_04212,0.999948
test_04213,0.000013
test_04214,0.999724
test_04215,0.000000
test_04216,0.000007
test_04217,1.000000
test_04218,0.000001
test_04219,0.999156
test_04220,0.000000
test_04221,0.923381
test_04222,0.999249
test_04223,0.999999
test_04224,1.000000
test_04225,0.326062
test_04226,1.000000
test_04227,0.999969
test_04228,0.999997
test_04229,0.999253
test_04230,0.000258
test_04231,0.954209
test_04232,0.999998
test_04233,1.000000
test_04234,1.000000
test_04235,1.000000
test_04236,0.000001
test_04237,0.976931
test_04238,0.000369
test_04239,0.999948
test_04240,0.995947
test_04241,0.997744
test_04242,0.997585
test_04243,0.000168
test_04244,0.999110
test_04245,0.999989
test_04246,1.000000
test_04247,0.999951
test_04248,0.999996
test_04249,1.000000
test_04250,0.005555
test_04251,1.000000
test_04252,0.040867
test_04253,0.000001
test_04254,0.001122
test_04255,0.999999
test_04256,0.999999
test_04257,0.242301
test_04258,0.002275
test_04259,0.999999
test_04260,0.006197
test_04261,0.834959
test_04262,0.914260
test_04263,0.000464
test_04264,0.027360
test_04265,1.000000
test_04266,0.871056
test_04267,0.000010
test_04268,1.000000
test_04269,1.000000
test_04270,0.000538
test_04271,0.000000
test_04272,0.000215
test_04273,0.911151
test_04274,0.000018
test_04275,0.000011
test_04276,1.000000
test_04277,0.000001
test_04278,0.024741
test_04279,0.000000
test_04280,0.000000
test_04281,1.000000
test_04282,0.630988
test_04283,0.000005
test_04284,0.000001
test_04285,0.000224
test_04286,0.000001
test_04287,0.999999
test_04288,0.000012
test_04289,0.999977
test_04290,0.000003
test_04291,0.000000
test_04292,0.008486
test_04293,1.000000
test_04294,0.148793
test_04295,0.001341
test_04296,0.998511
test_04297,1.000000
test_04298,1.000000
test_04299,0.000136
test_04300,0.000001
test_04301,0.041246
test_04302,0.000040
test_04303,1.000000
test_04304,1.000000
test_04305,0.999999
test_04306,0.000000
test_04307,1.000000
test_04308,0.000062
test_04309,0.999996
test_04310,1.000000
test_04311,0.001099
test_04312,0.719297
test_04313,0.000000
test_04314,0.999992
test_04315,1.000000
test_04316,0.000001
test_04317,0.000053
test_04318,0.000150
test_04319,0.000001
test_04320,0.055998
test_04321,1.000000
test_04322,0.948087
test_04323,0.000007
test_04324,1.000000
test_04325,0.999999
test_04326,0.999792
test_04327,0.000640
test_04328,0.000000
test_04329,1.000000
test_04330,0.987055
test_04331,0.999103
test_04332,0.000002
test_04333,0.000001
test_04334,0.999999
test_04335,0.000589
test_04336,0.001333
test_04337,0.883996
test_04338,0.999999
test_04339,0.999971
test_04340,0.000601
test_04341,0.999999
test_04342,0.000687
test_04343,0.999990
test_04344,0.000006
test_04345,0.999999
test_04346,0.000000
test_04347,0.003996
test_04348,0.999944
test_04349,1.000000
test_04350,1.000000
test_04351,0.000001
test_04352,0.000003
test_04353,0.537675
test_04354,0.000003
test_04355,0.999995
test_04356,0.001010
test_04357,0.318419
test_04358,0.000003
test_04359,0.000802
test_04360,0.999962
test_04361,0.688096
test_04362,0.000000
test_04363,1.000000
test_04364,0.891542
test_04365,0.002022
test_04366,0.000007
test_04367,0.994002
test_04368,0.000002
test_04369,0.999999
test_04370,0.005703
test_04371,1.000000
test_04372,0.574420
test_04373,0.000219
test_04374,0.000000
test_04375,1.000000
test_04376,0.042352
test_04377,0.000013
test_04378,1.000000
test_04379,0.000006
test_04380,0.004426
test_04381,0.999962
test_04382,0.000001
test_04383,0.000832
test_04384,0.997896
test_04385,0.933419
test_04386,0.000036
test_04387,0.000001
test_04388,0.000105
test_04389,0.000002
test_04390,1.000000
test_04391,0.999936
test_04392,1.000000
test_04393,1.000000
test_04394,1.000000
test_04395,0.000003
test_04396,0.006448
test_04397,0.999736
test_04398,0.000000
test_04399,0.000005
test_04400,0.001600
test_04401,0.000424
test_04402,1.000000
test_04403,0.999995
test_04404,0.000561
test_04405,0.999966
test_04406,1.000000
test_04407,0.000000
test_04408,0.999999
test_04409,0.999997
test_04410,1.000000
test_04411,1.000000
test_04412,0.809246
test_04413,1.000000
test_04414,1.000000
test_04415,0.000018
test_04416,0.003123
test_04417,0.000105
test_04418,0.000001
test_04419,0.000038
test_04420,0.000001
test_04421,0.014473
test_04422,0.000730
test_04423,0.997000
test_04424,0.000625
test_04425,1.000000
test_04426,0.006980
test_04427,0.999997
test_04428,0.001547
test_04429,1.000000
test_04430,0.999984
test_04431,0.999999
test_04432,0.086584
test_04433,0.045551
test_04434,1.000000
test_04435,0.815336
test_04436,0.000055
test_04437,0.999998
test_04438,0.999991
test_04439,0.000000
test_04440,1.000000
test_04441,0.999964
test_04442,1.000000
test_04443,0.000001
test_04444,0.076287
test_04445,0.999991
test_04446,0.000001
test_04447,0.997504
test_04448,0.000000
test_04449,0.999997
test_04450,0.999997
test_04451,0.000002
test_04452,0.000074
test_04453,0.999999
test_04454,0.000000
test_04455,0.998991
test_04456,0.000000
test_04457,0.216157
test_04458,0.999970
test_04459,0.000018
test_04460,0.000008
test_04461,0.999996
test_04462,0.006788
test_04463,0.999931
test_04464,1.000000
test_04465,0.994944
test_04466,0.000002
test_04467,1.000000
test_04468,0.000002
test_04469,0.001034
test_04470,0.963896
test_04471,0.808926
test_04472,1.000000
test_04473,0.000000
test_04474,0.000001
test_04475,0.000013
test_04476,0.000001
test_04477,0.009230
test_04478,0.998624
test_04479,0.999998
test_04480,0.000502
test_04481,0.999999
test_04482,0.000000
test_04483,0.999970
test_04484,0.999998
test_04485,0.994113
test_04486,1.000000
test_04487,0.000001
test_04488,1.000000
test_04489,0.000287
test_04490,0.999989
test_04491,0.010724
test_04492,0.000005
test_04493,0.000054
test_04494,0.000002
test_04495,0.999777
test_04496,0.000000
test_04497,0.000019
test_04498,0.005688
test_04499,0.000003
test_04500,1.000000
test_04501,0.000003
test_04502,0.999293
test_04503,0.000086
test_04504,0.700667
test_04505,0.008817
test_04506,1.000000
test_04507,0.000003
test_04508,0.000003
test_04509,0.000001
test_04510,0.000000
test_04511,0.000105
test_04512,0.999010
test_04513,0.000002
test_04514,0.988730
test_04515,0.000000
test_04516,0.999441
test_04517,0.999999
test_04518,0.000009
test_04519,0.000646
test_04520,0.000009
test_04521,0.999866
test_04522,1.000000
test_04523,0.000099
test_04524,1.000000
test_04525,0.000002
test_04526,0.999999
test_04527,0.001731
test_04528,0.999996
test_04529,0.004866
test_04530,0.000000
test_04531,0.826055
test_04532,0.547258
test_04533,0.000000
test_04534,0.000411
test_04535,0.926543
test_04536,0.000002
test_04537,0.000002
test_04538,0.999809
test_04539,0.999945
test_04540,1.000000
test_04541,0.999995
test_04542,1.000000
test_04543,0.000000
test_04544,0.054553
test_04545,1.000000
test_04546,1.000000
test_04547,1.000000
test_04548,1.000000
test_04549,0.000002
test_04550,0.557942
test_04551,1.000000
test_04552,0.795297
test_04553,0.001627
test_04554,0.460117
test_04555,0.001240
test_04556,0.042988
test_04557,0.000005
test_04558,0.001834
test_04559,0.000001
test_04560,0.000013
test_04561,0.000000
test_04562,0.586667
test_04563,1.000000
test_04564,0.000004
test_04565,0.999999
test_04566,0.012244
test_04567,0.999995
test_04568,0.788882
test_04569,0.999753
test_04570,0.000078
test_04571,0.000000
test_04572,1.000000
test_04573,1.000000
test_04574,0.000270
test_04575,0.997243
test_04576,1.000000
test_04577,0.999651
test_04578,0.988746
test_04579,0.000001
test_04580,0.000001
test_04581,0.000016
test_04582,0.000000
test_04583,0.998920
test_04584,0.999986
test_04585,0.991424
test_04586,0.053937
test_04587,1.000000
test_04588,0.995992
test_04589,1.000000
test_04590,1.000000
test_04591,0.999290
test_04592,0.000000
test_04593,0.981142
test_04594,0.000002
test_04595,0.999597
test_04596,0.000001
test_04597,0.000011
test_04598,0.000189
test_04599,0.002311
test_04600,0.000048
test_04601,0.000010
test_04602,0.001165
test_04603,1.000000
test_04604,0.134408
test_04605,0.999997
test_04606,0.554685
test_04607,0.001020
test_04608,0.000103
test_04609,0.999997
test_04610,0.000000
test_04611,0.999932
test_04612,1.000000
test_04613,0.999995
test_04614,1.000000
test_04615,1.000000
test_04616,0.999996
test_04617,0.000001
test_04618,0.999989
test_04619,0.950918
test_04620,0.000001
test_04621,0.999984
test_04622,0.006487
test_04623,1.000000
test_04624,0.002551
test_04625,0.999970
test_04626,0.000001
test_04627,0.000017
test_04628,1.000000
test_04629,0.999996
test_04630,1.000000
test_04631,1.000000
test_04632,0.000000
test_04633,0.000007
test_04634,1.000000
test_04635,1.000000
test_04636,0.999389
test_04637,0.999998
test_04638,0.738307
test_04639,1.000000
test_04640,1.000000
test_04641,0.999993
test_04642,0.000177
test_04643,0.036870
test_04644,0.866160
test_04645,0.999999
test_04646,0.003563
test_04647,1.000000
test_04648,0.977552
test_04649,0.996757
test_04650,0.000278
test_04651,1.000000
test_04652,0.000018
test_04653,0.999443
test_04654,0.000000
test_04655,0.999667
test_04656,0.000001
test_04657,0.999997
test_04658,1.000000
test_04659,0.999792
test_04660,0.999999
test_04661,0.000011
test_04662,0.456465
test_04663,0.000003
test_04664,0.000005
test_04665,1.000000
test_04666,0.000002
test_04667,1.000000
test_04668,0.000002
test_04669,1.000000
test_04670,0.960512
test_04671,0.002579
test_04672,0.007565
test_04673,0.000176
test_04674,0.000122
test_04675,0.574406
test_04676,0.000193
test_04677,0.999999
test_04678,0.998144
test_04679,0.000001
test_04680,0.991062
test_04681,1.000000
test_04682,0.000000
test_04683,0.000037
test_04684,0.000069
test_04685,1.000000
test_04686,0.999990
test_04687,0.999997
test_04688,0.000019
test_04689,0.999990
test_04690,1.000000
test_04691,0.001970
test_04692,0.000000
test_04693,0.999971
test_04694,0.999972
test_04695,0.000001
test_04696,0.946995
test_04697,0.000002
test_04698,0.002218
test_04699,0.000740
test_04700,1.000000
test_04701,0.000001
test_04702,0.282488
test_04703,0.999971
test_04704,0.999450
test_04705,0.013934
test_04706,0.000001
test_04707,0.999965
test_04708,0.000006
test_04709,0.000244
test_04710,0.902286
test_04711,0.999998
test_04712,0.999980
test_04713,0.999172
test_04714,0.000916
test_04715,0.999999
test_04716,0.000005
test_04717,0.005410
test_04718,0.000052
test_04719,0.000202
test_04720,0.987918
test_04721,1.000000
test_04722,1.000000
test_04723,0.999999
test_04724,0.994930
test_04725,0.938501
test_04726,0.999777
test_04727,1.000000
test_04728,0.999769
test_04729,0.000107
test_04730,0.000001
test_04731,0.002896
test_04732,1.000000
test_04733,0.000055
test_04734,1.000000
test_04735,1.000000
test_04736,0.000002
test_04737,0.004401
test_04738,0.000077
test_04739,0.000000
test_04740,0.999864
test_04741,0.920482
test_04742,1.000000
test_04743,0.999992
test_04744,0.975275
test_04745,0.999992
test_04746,0.015322
test_04747,0.000011
test_04748,0.999973
test_04749,0.999997
test_04750,0.898946
test_04751,1.000000
test_04752,0.024116
test_04753,0.999999
test_04754,0.000068
test_04755,0.954031
test_04756,0.000000
test_04757,0.000000
test_04758,0.000000
test_04759,1.000000
test_04760,1.000000
test_04761,0.597127
test_04762,0.000069
test_04763,0.004754
test_04764,1.000000
test_04765,1.000000
test_04766,0.000001
test_04767,0.999999
test_04768,0.000002
test_04769,1.000000
test_04770,1.000000
test_04771,0.000029
test_04772,0.932539
test_04773,0.999998
test_04774,0.000001
test_04775,0.999977
test_04776,1.000000
test_04777,0.000001
test_04778,0.001038
test_04779,1.000000
test_04780,1.000000
test_04781,0.001274
test_04782,0.000020
test_04783,1.000000
test_04784,0.000000
test_04785,0.999868
test_04786,0.000001
test_04787,0.999998
test_04788,0.000109
test_04789,0.000000
test_04790,1.000000
test_04791,0.000454
test_04792,0.015103
test_04793,0.999342
test_04794,0.000042
test_04795,0.000000
test_04796,0.000011
test_04797,0.999934
test_04798,1.000000
test_04799,0.000014
test_04800,1.000000
test_04801,0.978646
test_04802,0.000071
test_04803,0.999999
test_04804,0.999899
test_04805,0.000008
test_04806,0.997359
test_04807,0.006100
test_04808,0.998471
test_04809,0.999943
test_04810,0.000104
test_04811,0.000000
test_04812,0.999989
test_04813,1.000000
test_04814,0.000096
test_04815,0.999999
test_04816,0.055247
test_04817,0.000007
test_04818,0.693747
test_04819,0.000002
test_04820,0.000003
test_04821,1.000000
test_04822,0.999999
test_04823,0.999999
test_04824,0.000000
test_04825,0.923804
test_04826,0.999484
test_04827,0.000000
test_04828,0.971702
test_04829,1.000000
test_04830,0.000031
test_04831,0.000075
test_04832,1.000000
test_04833,0.003483
test_04834,0.000002
test_04835,0.999999
test_04836,0.001986
test_04837,1.000000
test_04838,0.000000
test_04839,0.001395
test_04840,0.000001
test_04841,0.000003
test_04842,0.997076
test_04843,0.000001
test_04844,0.000000
test_04845,0.999998
test_04846,0.003045
test_04847,0.237208
test_04848,0.980845
test_04849,0.999948
test_04850,0.994622
test_04851,1.000000
test_04852,1.000000
test_04853,0.077985
test_04854,0.000003
test_04855,1.000000
test_04856,0.000247
test_04857,0.918632
test_04858,0.999999
test_04859,0.534932
test_04860,0.000021
test_04861,0.010141
test_04862,0.000001
test_04863,0.180630
test_04864,1.000000
test_04865,0.000055
test_04866,0.001311
test_04867,0.000129
test_04868,0.000000
test_04869,0.386112
test_04870,1.000000
test_04871,1.000000
test_04872,1.000000
test_04873,0.999945
test_04874,0.000003
test_04875,1.000000
test_04876,0.000133
test_04877,0.958835
test_04878,0.000184
test_04879,0.999997
test_04880,0.000002
test_04881,0.000003
test_04882,1.000000
test_04883,1.000000
test_04884,0.000001
test_04885,0.000002
test_04886,0.999999
test_04887,0.000002
test_04888,0.000004
test_04889,0.999998
test_04890,0.000000
test_04891,0.000031
test_04892,0.000727
test_04893,0.060682
test_04894,0.000004
test_04895,0.000000
test_04896,0.000000
test_04897,0.004061
test_04898,0.849408
test_04899,0.004926
test_04900,1.000000
test_04901,0.999976
test_04902,0.000000
test_04903,1.000000
test_04904,0.999747
test_04905,0.803583
test_04906,1.000000
test_04907,0.994190
test_04908,0.000066
test_04909,0.999999
test_04910,0.999991
test_04911,0.999999
test_04912,0.999999
test_04913,1.000000
test_04914,0.000002
test_04915,0.998622
test_04916,0.000057
test_04917,0.234018
test_04918,1.000000
test_04919,0.764396
test_04920,0.997489
test_04921,0.994689
test_04922,0.000057
test_04923,0.000206
test_04924,0.000000
test_04925,1.000000
test_04926,1.000000
test_04927,0.000012
test_04928,0.000001
test_04929,0.999998
test_04930,0.948552
test_04931,0.999492
test_04932,0.999999
test_04933,1.000000
test_04934,0.999017
test_04935,0.000022
test_04936,0.999990
test_04937,0.000005
test_04938,0.000001
test_04939,0.999998
test_04940,1.000000
test_04941,1.000000
test_04942,0.933053
test_04943,1.000000
test_04944,0.471645
test_04945,0.000001
test_04946,0.000000
test_04947,1.000000
test_04948,0.999997
test_04949,1.000000
test_04950,0.005286
test_04951,0.997635
test_04952,0.999970
test_04953,0.003697
test_04954,0.999988
test_04955,1.000000
test_04956,0.999998
test_04957,1.000000
test_04958,0.000056
test_04959,0.001171
test_04960,0.999798
test_04961,0.000006
test_04962,1.000000
test_04963,0.000101
test_04964,0.008081
test_04965,0.999918
test_04966,0.999630
test_04967,0.949072
test_04968,0.003039
test_04969,0.005145
test_04970,1.000000
test_04971,1.000000
test_04972,0.000000
test_04973,0.999998
test_04974,0.999996
test_04975,0.000312
test_04976,0.000305
test_04977,0.000001
test_04978,0.000030
test_04979,0.376247
test_04980,0.999999
test_04981,0.999998
test_04982,0.995428
test_04983,0.615934
test_04984,0.952729
test_04985,0.999995
test_04986,0.017822
test_04987,0.997056
test_04988,0.000003
test_04989,0.000000
test_04990,1.000000
test_04991,0.000008
test_04992,0.003066
test_04993,0.999991
test_04994,0.000490
test_04995,1.000000
test_04996,0.147325
test_04997,0.000000
test_04998,0.000059
test_04999,0.000002
test_05000,1.000000
test_05001,0.858681
test_05002,0.333245
test_05003,1.000000
test_05004,0.000762
test_05005,0.835106
test_05006,0.000000
test_05007,0.999998
test_05008,1.000000
test_05009,0.999749
test_05010,0.000000
test_05011,0.116292
test_05012,0.999976
test_05013,1.000000
test_05014,1.000000
test_05015,1.000000
test_05016,0.346311
test_05017,0.999972
test_05018,0.175511
test_05019,0.000002
test_05020,0.999999
test_05021,0.000289
test_05022,1.000000
test_05023,0.802823
test_05024,0.999996
test_05025,0.057065
test_05026,0.999404
test_05027,0.244077
test_05028,1.000000
test_05029,1.000000
test_05030,0.999999
test_05031,0.000018
test_05032,1.000000
test_05033,1.000000
test_05034,0.998809
test_05035,0.989986
test_05036,0.907682
test_05037,1.000000
test_05038,0.000011
test_05039,0.999999
test_05040,0.895275
test_05041,0.999987
test_05042,0.999998
test_05043,0.999987
test_05044,0.999814
test_05045,0.617526
test_05046,0.000001
test_05047,1.000000
test_05048,0.000001
test_05049,1.000000
test_05050,0.155979
test_05051,0.902379
test_05052,0.999993
test_05053,0.999999
test_05054,0.000009
test_05055,0.000001
test_05056,0.999998
test_05057,1.000000
test_05058,0.999998
test_05059,0.000003
test_05060,1.000000
test_05061,1.000000
test_05062,0.000006
test_05063,0.999998
test_05064,0.999943
test_05065,0.000025
test_05066,0.000003
test_05067,0.995011
test_05068,0.999980
test_05069,0.997677
test_05070,0.990826
test_05071,0.000000
test_05072,0.999907
test_05073,0.018892
test_05074,0.007103
test_05075,0.999963
test_05076,1.000000
test_05077,0.000011
test_05078,0.999982
test_05079,0.000072
test_05080,1.000000
test_05081,0.000000
test_05082,0.000011
test_05083,0.999943
test_05084,1.000000
test_05085,1.000000
test_05086,0.889363
test_05087,0.999980
test_05088,1.000000
test_05089,0.817154
test_05090,0.084705
test_05091,0.999993
test_05092,0.000002
test_05093,0.000001
test_05094,0.002733
test_05095,1.000000
test_05096,0.000001
test_05097,1.000000
test_05098,0.000004
test_05099,1.000000
test_05100,0.000000
test_05101,0.033246
test_05102,0.000000
test_05103,1.000000
test_05104,0.000000
test_05105,0.999990
test_05106,0.999989
test_05107,0.000000
test_05108,0.999891
test_05109,0.000002
test_05110,0.999979
test_05111,1.000000
test_05112,0.999978
test_05113,0.564333
test_05114,0.355493
test_05115,0.001148
test_05116,0.005111
test_05117,0.975502
test_05118,0.000188
test_05119,1.000000
test_05120,0.999986
test_05121,0.000136
test_05122,0.001032
test_05123,0.000151
test_05124,0.003477
test_05125,0.999986
test_05126,0.999988
test_05127,0.999988
test_05128,0.000273
test_05129,0.018274
test_05130,0.000002
test_05131,0.002495
test_05132,0.083303
test_05133,0.000263
test_05134,0.824123
test_05135,0.000104
test_05136,0.691844
test_05137,1.000000
test_05138,0.989701
test_05139,0.761457
test_05140,0.999936
test_05141,0.147783
test_05142,1.000000
test_05143,0.178179
test_05144,0.001787
test_05145,0.999999
test_05146,0.999999
test_05147,0.999904
test_05148,0.081275
test_05149,0.074097
test_05150,0.000121
test_05151,0.999953
test_05152,1.000000
test_05153,0.025208
test_05154,0.002469
test_05155,0.823474
test_05156,0.999999
test_05157,0.000119
test_05158,1.000000
test_05159,0.000000
test_05160,0.976025
test_05161,0.904713
test_05162,0.978888
test_05163,0.000000
test_05164,0.714898
test_05165,0.000001
test_05166,1.000000
test_05167,0.999998
test_05168,0.999785
test_05169,0.349626
test_05170,0.000000
test_05171,0.999981
test_05172,1.000000
test_05173,0.000005
test_05174,0.999996
test_05175,0.035067
test_05176,0.679704
test_05177,1.000000
test_05178,0.999998
test_05179,0.000004
test_05180,0.000000
test_05181,0.002074
test_05182,0.000004
test_05183,0.000245
test_05184,1.000000
test_05185,1.000000
test_05186,0.999834
test_05187,1.000000
test_05188,1.000000
test_05189,0.354482
test_05190,1.000000
test_05191,0.980615
test_05192,0.770915
test_05193,0.000000
test_05194,0.000355
test_05195,0.000369
test_05196,0.001621
test_05197,0.000011
test_05198,0.999997
test_05199,1.000000
test_05200,1.000000
test_05201,1.000000
test_05202,0.808233
test_05203,1.000000
test_05204,0.000006
test_05205,0.000078
test_05206,0.999995
test_05207,0.000026
test_05208,0.080176
test_05209,0.075218
test_05210,1.000000
test_05211,0.999278
test_05212,1.000000
test_05213,0.000002
test_05214,0.000078
test_05215,0.999994
test_05216,0.999723
test_05217,0.999997
test_05218,1.000000
test_05219,0.000476
test_05220,1.000000
test_05221,0.000001
test_05222,0.000465
test_05223,0.999318
test_05224,0.002298
test_05225,0.657237
test_05226,0.000001
test_05227,0.999980
test_05228,0.995214
test_05229,0.995062
test_05230,0.019549
test_05231,0.000547
test_05232,0.000033
test_05233,0.974329
test_05234,0.839510
test_05235,0.999997
test_05236,0.982505
test_05237,0.999999
test_05238,0.000011
test_05239,0.999993
test_05240,0.999998
test_05241,0.000071
test_05242,0.081093
test_05243,1.000000
test_05244,0.008511
test_05245,0.000001
test_05246,0.006934
test_05247,0.000429
test_05248,0.000003
test_05249,0.005081
test_05250,0.999989
test_05251,0.999998
test_05252,0.000000
test_05253,0.000057
test_05254,1.000000
test_05255,0.999656
test_05256,0.000029
test_05257,0.983018
test_05258,0.780955
test_05259,0.000193
test_05260,0.999995
test_05261,1.000000
test_05262,0.999997
test_05263,1.000000
test_05264,0.999999
test_05265,0.000010
test_05266,1.000000
test_05267,1.000000
test_05268,0.999941
test_05269,0.999999
test_05270,0.999986
test_05271,0.999994
test_05272,1.000000
test_05273,0.000002
test_05274,0.000000
test_05275,0.998574
test_05276,0.999989
test_05277,0.016988
test_05278,0.999993
test_05279,0.000001
test_05280,0.115494
test_05281,1.000000
test_05282,0.000009
test_05283,1.000000
test_05284,0.999973
test_05285,0.000001
test_05286,0.999491
test_05287,0.000000
test_05288,0.999997
test_05289,1.000000
test_05290,0.992415
test_05291,0.000001
test_05292,0.930033
test_05293,0.000003
test_05294,1.000000
test_05295,1.000000
test_05296,0.284411
test_05297,0.000012
test_05298,0.999999
test_05299,1.000000
test_05300,0.048314
test_05301,0.000229
test_05302,0.000000
test_05303,0.999999
test_05304,0.000010
test_05305,1.000000
test_05306,0.879745
test_05307,0.999995
test_05308,1.000000
test_05309,0.000002
test_05310,0.000001
test_05311,1.000000
test_05312,1.000000
test_05313,0.999999
test_05314,0.475516
test_05315,0.894540
test_05316,1.000000
test_05317,1.000000
test_05318,0.978621
test_05319,0.994133
test_05320,0.999997
test_05321,1.000000
test_05322,0.182418
test_05323,0.995193
test_05324,1.000000
test_05325,1.000000
test_05326,1.000000
test_05327,1.000000
test_05328,0.010172
test_05329,1.000000
test_05330,0.000039
test_05331,0.006606
test_05332,0.000001
test_05333,0.001402
test_05334,0.000003
test_05335,0.005285
test_05336,1.000000
test_05337,0.996997
test_05338,1.000000
test_05339,0.000079
test_05340,1.000000
test_05341,0.000097
test_05342,0.000018
test_05343,0.949216
test_05344,0.000004
test_05345,0.000095
test_05346,0.999998
test_05347,0.000324
test_05348,0.999996
test_05349,0.000006
test_05350,0.000023
test_05351,1.000000
test_05352,0.001984
test_05353,0.000067
test_05354,0.000004
test_05355,0.727751
test_05356,0.000003
test_05357,0.999997
test_05358,0.999894
test_05359,0.000000
test_05360,0.001778
test_05361,0.999938
test_05362,0.999857
test_05363,0.000124
test_05364,1.000000
test_05365,0.000004
test_05366,0.272192
test_05367,0.000075
test_05368,0.000001
test_05369,0.000012
test_05370,1.000000
test_05371,0.000027
test_05372,0.428571
test_05373,0.972635
test_05374,0.000244
test_05375,0.000001
test_05376,0.108643
test_05377,0.999964
test_05378,1.000000
test_05379,0.999829
test_05380,0.000012
test_05381,0.183700
test_05382,0.906518
test_05383,0.999924
test_05384,0.974739
test_05385,0.764788
test_05386,0.962546
test_05387,1.000000
test_05388,1.000000
test_05389,0.000000
test_05390,0.410522
test_05391,0.999999
test_05392,0.998432
test_05393,0.999999
test_05394,0.998898
test_05395,0.999998
test_05396,0.918642
test_05397,0.000544
test_05398,1.000000
test_05399,0.999990
test_05400,0.996367
test_05401,0.968499
test_05402,1.000000
test_05403,0.999960
test_05404,0.999231
test_05405,0.000641
test_05406,1.000000
test_05407,0.440609
test_05408,0.999979
test_05409,0.000000
test_05410,1.000000
test_05411,0.999999
test_05412,1.000000
test_05413,0.000101
test_05414,0.000001
test_05415,0.015356
test_05416,0.960856
test_05417,0.000013
test_05418,1.000000
test_05419,0.999905
test_05420,0.995114
test_05421,0.999999
test_05422,1.000000
test_05423,0.006919
test_05424,0.000002
test_05425,0.030045
test_05426,0.000000
test_05427,0.000001
test_05428,1.000000
test_05429,0.999995
test_05430,1.000000
test_05431,0.000319
test_05432,0.999626
test_05433,1.000000
test_05434,0.999999
test_05435,0.999896
test_05436,0.000000
test_05437,0.999856
test_05438,0.003460
test_05439,0.000023
test_05440,0.000001
test_05441,1.000000
test_05442,0.999999
test_05443,0.000787
test_05444,1.000000
test_05445,0.000025
test_05446,0.000002
test_05447,0.999458
test_05448,0.996692
test_05449,0.000001
test_05450,0.989593
test_05451,0.002409
test_05452,0.999811
test_05453,0.999998
test_05454,0.000000
test_05455,0.000001
test_05456,0.000019
test_05457,0.000019
test_05458,0.017824
test_05459,0.000004
test_05460,1.000000
test_05461,0.000018
test_05462,1.000000
test_05463,1.000000
test_05464,1.000000
test_05465,0.551365
test_05466,1.000000
test_05467,0.019021
test_05468,1.000000
test_05469,0.999923
test_05470,0.000000
test_05471,0.000012
test_05472,0.999433
test_05473,0.054248
test_05474,0.000099
test_05475,0.000283
test_05476,0.000012
test_05477,0.044839
test_05478,0.944993
test_05479,0.999996
test_05480,0.000001
test_05481,1.000000
test_05482,0.000003
test_05483,0.999998
test_05484,0.000000
test_05485,0.000001
test_05486,0.208738
test_05487,0.042825
test_05488,0.999995
test_05489,0.001007
test_05490,0.000007
test_05491,0.238153
test_05492,0.000002
test_05493,0.000002
test_05494,1.000000
test_05495,0.999998
test_05496,1.000000
test_05497,0.000000
test_05498,0.996290
test_05499,0.000952
test_05500,0.006450
test_05501,1.000000
test_05502,0.000002
test_05503,0.000001
test_05504,1.000000
test_05505,0.998119
test_05506,0.000234
test_05507,0.000209
test_05508,1.000000
test_05509,0.000000
test_05510,1.000000
test_05511,1.000000
test_05512,0.000006
test_05513,0.000000
test_05514,0.000000
test_05515,0.000004
test_05516,0.000384
test_05517,0.000137
test_05518,0.000015
test_05519,0.991343
test_05520,0.998505
test_05521,0.999999
test_05522,0.000027
test_05523,1.000000
test_05524,1.000000
test_05525,0.000001
test_05526,0.000007
test_05527,0.999720
test_05528,0.000000
test_05529,1.000000
test_05530,0.000002
test_05531,0.000000
test_05532,0.999972
test_05533,0.999998
test_05534,0.999839
test_05535,0.999974
test_05536,0.997696
test_05537,1.000000
test_05538,0.005164
test_05539,0.999999
test_05540,0.000647
test_05541,0.000012
test_05542,0.192400
test_05543,0.000002
test_05544,0.997257
test_05545,0.013588
test_05546,0.000000
test_05547,0.001155
test_05548,0.783965
test_05549,0.000419
test_05550,0.000019
test_05551,0.999907
test_05552,0.000831
test_05553,0.999983
test_05554,0.984244
test_05555,0.999996
test_05556,0.999999
test_05557,0.999869
test_05558,0.011264
test_05559,0.000000
test_05560,0.999993
test_05561,0.000037
test_05562,0.999997
test_05563,0.999323
test_05564,0.999678
test_05565,0.999639
test_05566,0.000000
test_05567,1.000000
test_05568,0.998564
test_05569,0.919967
test_05570,0.000000
test_05571,0.999999
test_05572,0.996793
test_05573,0.999909
test_05574,0.326933
test_05575,0.999999
test_05576,0.000000
test_05577,0.999995
test_05578,1.000000
test_05579,0.000060
test_05580,0.753342
test_05581,0.000001
test_05582,1.000000
test_05583,0.000001
test_05584,0.999999
test_05585,0.000001
test_05586,0.319068
test_05587,0.000000
test_05588,0.999998
test_05589,0.000000
test_05590,0.999977
test_05591,0.000094
test_05592,0.000082
test_05593,1.000000
test_05594,0.332340
test_05595,1.000000
test_05596,0.999999
test_05597,0.000035
test_05598,0.999998
test_05599,0.000002
test_05600,1.000000
test_05601,1.000000
test_05602,0.826581
test_05603,0.110984
test_05604,1.000000
test_05605,0.999597
test_05606,0.334165
test_05607,0.058116
test_05608,0.000214
test_05609,0.000002
test_05610,1.000000
test_05611,0.000000
test_05612,0.673983
test_05613,0.000035
test_05614,0.068887
test_05615,0.999999
test_05616,0.000000
test_05617,0.000002
test_05618,0.000003
test_05619,0.000089
test_05620,0.000007
test_05621,0.000003
test_05622,0.999995
test_05623,0.000003
test_05624,0.749016
test_05625,0.070513
test_05626,0.999993
test_05627,0.000001
test_05628,0.817171
test_05629,0.000139
test_05630,0.000000
test_05631,0.000008
test_05632,0.999628
test_05633,1.000000
test_05634,0.999996
test_05635,0.000030
test_05636,0.999999
test_05637,0.222058
test_05638,0.717681
test_05639,0.999859
test_05640,1.000000
test_05641,0.000006
test_05642,1.000000
test_05643,0.001914
test_05644,0.999708
test_05645,0.999999
test_05646,0.000612
test_05647,0.000592
test_05648,0.000001
test_05649,0.004605
test_05650,1.000000
test_05651,0.000002
test_05652,0.283253
test_05653,0.000004
test_05654,0.998670
test_05655,1.000000
test_05656,0.000386
test_05657,0.000986
test_05658,0.999072
test_05659,0.999999
test_05660,1.000000
test_05661,0.000012
test_05662,1.000000
test_05663,0.993904
test_05664,1.000000
test_05665,0.000986
test_05666,0.721024
test_05667,0.982540
test_05668,0.485617
test_05669,0.999977
test_05670,0.999240
test_05671,0.000217
test_05672,0.999953
test_05673,0.001550
test_05674,0.004679
test_05675,0.921251
test_05676,0.000000
test_05677,0.000186
test_05678,0.000000
test_05679,1.000000
test_05680,0.000000
test_05681,0.000000
test_05682,0.999997
test_05683,0.000026
test_05684,0.000008
test_05685,0.000331
test_05686,0.999998
test_05687,0.000000
test_05688,0.829446
test_05689,0.044440
test_05690,0.000023
test_05691,0.999978
test_05692,0.702101
test_05693,1.000000
test_05694,0.892809
test_05695,0.000002
test_05696,1.000000
test_05697,0.455346
test_05698,0.000001
test_05699,0.997863
test_05700,1.000000
test_05701,1.000000
test_05702,0.004267
test_05703,1.000000
test_05704,0.999998
test_05705,0.029743
test_05706,0.908761
test_05707,0.999957
test_05708,0.000003
test_05709,0.000179
test_05710,1.000000
test_05711,0.003066
test_05712,1.000000
test_05713,0.000041
test_05714,1.000000
test_05715,0.095557
test_05716,0.999999
test_05717,0.999965
test_05718,1.000000
test_05719,0.000001
test_05720,0.000003
test_05721,0.999978
test_05722,0.999399
test_05723,0.000003
test_05724,0.999969
test_05725,0.000034
test_05726,0.000001
test_05727,0.999996
test_05728,0.223323
test_05729,0.000000
test_05730,0.999999
test_05731,1.000000
test_05732,0.000000
test_05733,0.314320
test_05734,0.999622
test_05735,0.000001
test_05736,0.000072
test_05737,0.003369
test_05738,0.022428
test_05739,0.020278
test_05740,0.898673
test_05741,0.000003
test_05742,0.000000
test_05743,0.000002
test_05744,0.004187
test_05745,0.258660
test_05746,0.000463
test_05747,0.999892
test_05748,0.000007
test_05749,1.000000
test_05750,0.000006
test_05751,0.000013
test_05752,0.064064
test_05753,0.000006
test_05754,0.996913
test_05755,1.000000
test_05756,0.130798
test_05757,0.208586
test_05758,0.999972
test_05759,0.000001
test_05760,1.000000
test_05761,0.997768
test_05762,0.000107
test_05763,0.999884
test_05764,0.999445
test_05765,1.000000
test_05766,0.100250
test_05767,0.000007
test_05768,0.000001
test_05769,0.071710
test_05770,1.000000
test_05771,0.999992
test_05772,0.999906
test_05773,1.000000
test_05774,0.999995
test_05775,0.998599
test_05776,0.000133
test_05777,0.999664
test_05778,0.999998
test_05779,0.274297
test_05780,0.950659
test_05781,0.998914
test_05782,0.103422
test_05783,0.140243
test_05784,0.999981
test_05785,1.000000
test_05786,0.139068
test_05787,0.999290
test_05788,0.109085
test_05789,1.000000
test_05790,0.438278
test_05791,0.000001
test_05792,0.094249
test_05793,1.000000
test_05794,0.999772
test_05795,0.999999
test_05796,0.999999
test_05797,0.999994
test_05798,0.999318
test_05799,0.999995
test_05800,1.000000
test_05801,0.000537
test_05802,0.000132
test_05803,0.999999
test_05804,1.000000
test_05805,1.000000
test_05806,0.000121
test_05807,0.000284
test_05808,0.886854
test_05809,0.996118
test_05810,0.999997
test_05811,0.000034
test_05812,0.999990
test_05813,1.000000
test_05814,1.000000
test_05815,0.999777
test_05816,0.000003
test_05817,0.999037
test_05818,1.000000
test_05819,1.000000
test_05820,0.000048
test_05821,0.992584
test_05822,0.000001
test_05823,0.300427
test_05824,0.000593
test_05825,0.000001
test_05826,0.991335
test_05827,0.000000
test_05828,0.000039
test_05829,0.000062
test_05830,0.000008
test_05831,0.000000
test_05832,0.999990
test_05833,0.907089
test_05834,0.000006
test_05835,0.998307
test_05836,0.999997
test_05837,0.000551
test_05838,0.000011
test_05839,0.999989
test_05840,0.999999
test_05841,0.029216
test_05842,0.000173
test_05843,0.999860
test_05844,0.000000
test_05845,0.000000
test_05846,0.987353
test_05847,0.999999
test_05848,0.000028
test_05849,0.000000
test_05850,0.637555
test_05851,0.000211
test_05852,0.999760
test_05853,0.997829
test_05854,0.916121
test_05855,1.000000
test_05856,0.999962
test_05857,0.011389
test_05858,0.000044
test_05859,0.000009
test_05860,0.000010
test_05861,0.000000
test_05862,0.135938
test_05863,0.000003
test_05864,0.017803
test_05865,0.000033
test_05866,0.486324
test_05867,0.999982
test_05868,0.998915
test_05869,1.000000
test_05870,0.000002
test_05871,0.998592
test_05872,0.999987
test_05873,0.000015
test_05874,0.000018
test_05875,0.000003
test_05876,0.945767
test_05877,0.998088
test_05878,0.999999
test_05879,1.000000
test_05880,0.996253
test_05881,1.000000
test_05882,0.999997
test_05883,1.000000
test_05884,0.999969
test_05885,0.000005
test_05886,0.789643
test_05887,0.000113
test_05888,0.000012
test_05889,0.000021
test_05890,0.000003
test_05891,0.000007
test_05892,0.999994
test_05893,0.000000
test_05894,0.984433
test_05895,0.000009
test_05896,0.999999
test_05897,0.104672
test_05898,0.000000
test_05899,1.000000
test_05900,0.999992
test_05901,1.000000
test_05902,0.632644
test_05903,0.041899
test_05904,0.000002
test_05905,0.004919
test_05906,0.000002
test_05907,0.853117
test_05908,0.000003
test_05909,0.000175
test_05910,1.000000
test_05911,0.000001
test_05912,0.000084
test_05913,0.994352
test_05914,0.000000
test_05915,0.999763
test_05916,0.000000
test_05917,0.000008
test_05918,0.999965
test_05919,1.000000
test_05920,0.880157
test_05921,1.000000
test_05922,0.999972
test_05923,1.000000
test_05924,0.000001
test_05925,0.000356
test_05926,0.000010
test_05927,0.000008
test_05928,0.999999
test_05929,0.000001
test_05930,0.000001
test_05931,1.000000
test_05932,0.000000
test_05933,0.000002
test_05934,0.000036
test_05935,0.000001
test_05936,0.999989
test_05937,0.004395
test_05938,0.999993
test_05939,0.000000
test_05940,0.004276
test_05941,0.999563
test_05942,0.000000
test_05943,1.000000
test_05944,0.999996
test_05945,0.000070
test_05946,0.921287
test_05947,0.999999
test_05948,1.000000
test_05949,0.999952
test_05950,0.000000
test_05951,0.000002
test_05952,0.000000
test_05953,0.999966
test_05954,0.999695
test_05955,0.999357
test_05956,0.005449
test_05957,0.000000
test_05958,0.000002
test_05959,1.000000
test_05960,0.000001
test_05961,0.997137
test_05962,0.999999
test_05963,1.000000
test_05964,0.000155
test_05965,0.000050
test_05966,0.000002
test_05967,0.999911
test_05968,0.997232
test_05969,0.000012
test_05970,0.999973
test_05971,0.000000
test_05972,0.999996
test_05973,0.000000
test_05974,0.000022
test_05975,1.000000
test_05976,0.000071
test_05977,1.000000
test_05978,0.999993
test_05979,0.000011
test_05980,0.000722
test_05981,0.999975
test_05982,1.000000
test_05983,0.000003
test_05984,0.873373
test_05985,0.000045
test_05986,0.918009
test_05987,1.000000
test_05988,0.981993
test_05989,0.996574
test_05990,0.999997
test_05991,0.999874
test_05992,0.962506
test_05993,1.000000
test_05994,0.000002
test_05995,0.000076
test_05996,0.036903
test_05997,1.000000
test_05998,0.003280
test_05999,0.122935
test_06000,1.000000
test_06001,1.000000
test_06002,0.981545
test_06003,1.000000
test_06004,0.000004
test_06005,0.710928
test_06006,1.000000
test_06007,0.000000
test_06008,0.000001
test_06009,0.000000
test_06010,0.999993
test_06011,0.997465
test_06012,1.000000
test_06013,0.999967
test_06014,0.015246
test_06015,0.000001
test_06016,0.004218
test_06017,0.000217
test_06018,0.001955
test_06019,0.999998
test_06020,0.057418
test_06021,0.000001
test_06022,0.000000
test_06023,0.000064
test_06024,0.905677
test_06025,0.999385
test_06026,0.000653
test_06027,0.999993
test_06028,0.000000
test_06029,0.000002
test_06030,0.887883
test_06031,0.011949
test_06032,0.000000
test_06033,0.000003
test_06034,0.999996
test_06035,0.000003
test_06036,0.799437
test_06037,0.000010
test_06038,0.999981
test_06039,0.000002
test_06040,0.226068
test_06041,0.999471
test_06042,0.999887
test_06043,0.000001
test_06044,1.000000
test_06045,0.999770
test_06046,0.000005
test_06047,0.000016
test_06048,1.000000
test_06049,0.000087
test_06050,0.000039
test_06051,0.000001
test_06052,1.000000
test_06053,0.000008
test_06054,0.000023
test_06055,0.000001
test_06056,0.884128
test_06057,1.000000
test_06058,1.000000
test_06059,1.000000
test_06060,1.000000
test_06061,0.000000
test_06062,0.999541
test_06063,0.998936
test_06064,1.000000
test_06065,0.000007
test_06066,0.011418
test_06067,0.997884
test_06068,0.999997
test_06069,1.000000
test_06070,0.000001
test_06071,0.000003
test_06072,1.000000
test_06073,0.999998
test_06074,0.000031
test_06075,0.000000
test_06076,0.999999
test_06077,0.996554
test_06078,0.880944
test_06079,0.999456
test_06080,1.000000
test_06081,0.999971
test_06082,0.000071
test_06083,0.000085
test_06084,0.000000
test_06085,1.000000
test_06086,0.000102
test_06087,0.999831
test_06088,0.000006
test_06089,0.999486
test_06090,1.000000
test_06091,0.997732
test_06092,0.000000
test_06093,0.407399
test_06094,0.999999
test_06095,0.997636
test_06096,1.000000
test_06097,0.000000
test_06098,0.000009
test_06099,0.000005
test_06100,0.000731
test_06101,0.000001
test_06102,0.999999
test_06103,0.999999
test_06104,1.000000
test_06105,0.999993
test_06106,0.986449
test_06107,0.379950
test_06108,0.999991
test_06109,0.000005
test_06110,0.713613
test_06111,0.001480
test_06112,0.997565
test_06113,0.000001
test_06114,0.000000
test_06115,1.000000
test_06116,0.999988
test_06117,0.014095
test_06118,0.000012
test_06119,0.999461
test_06120,0.613028
test_06121,0.999959
test_06122,0.003257
test_06123,0.000000
test_06124,0.999999
test_06125,1.000000
test_06126,0.044127
test_06127,0.000000
test_06128,0.998852
test_06129,0.999540
test_06130,0.984688
test_06131,0.139758
test_06132,0.999999
test_06133,0.908562
test_06134,0.000000
test_06135,0.000000
test_06136,0.999458
test_06137,0.999944
test_06138,0.999999
test_06139,1.000000
test_06140,0.999971
test_06141,1.000000
test_06142,0.999995
test_06143,0.000002
test_06144,1.000000
test_06145,0.000262
test_06146,0.000008
test_06147,0.999996
test_06148,0.000010
test_06149,0.000000
test_06150,0.000001
test_06151,1.000000
test_06152,0.000002
test_06153,0.999973
test_06154,0.999980
test_06155,0.999992
test_06156,0.000001
test_06157,0.000003
test_06158,0.000000
test_06159,0.999852
test_06160,0.999995
test_06161,0.806893
test_06162,0.782000
test_06163,0.999999
test_06164,0.000211
test_06165,0.000305
test_06166,0.000495
test_06167,0.998178
test_06168,0.525256
test_06169,0.999988
test_06170,0.573200
test_06171,0.000005
test_06172,1.000000
test_06173,0.999999
test_06174,0.000041
test_06175,0.000002
test_06176,0.999976
test_06177,1.000000
test_06178,1.000000
test_06179,0.999918
test_06180,0.001090
test_06181,0.000001
test_06182,0.000155
test_06183,1.000000
test_06184,0.999709
test_06185,0.140857
test_06186,1.000000
test_06187,0.000003
test_06188,0.999992
test_06189,0.000000
test_06190,0.999471
test_06191,0.000001
test_06192,0.000003
test_06193,0.999999
test_06194,0.999995
test_06195,0.999858
test_06196,0.000002
test_06197,0.999620
test_06198,0.000009
test_06199,0.999964
test_06200,0.999999
test_06201,0.999913
test_06202,0.000154
test_06203,0.000001
test_06204,0.417175
test_06205,0.999897
test_06206,0.000001
test_06207,0.999482
test_06208,0.000000
test_06209,0.696851
test_06210,1.000000
test_06211,0.001337
test_06212,0.999998
test_06213,0.000001
test_06214,0.000032
test_06215,1.000000
test_06216,0.999992
test_06217,1.000000
test_06218,0.999992
test_06219,0.976837
test_06220,0.000001
test_06221,0.000001
test_06222,0.056887
test_06223,0.000000
test_06224,0.737098
test_06225,0.999663
test_06226,0.999835
test_06227,0.000001
test_06228,1.000000
test_06229,0.000000
test_06230,0.000073
test_06231,0.000001
test_06232,0.000010
test_06233,0.000001
test_06234,1.000000
test_06235,0.000000
test_06236,0.000043
test_06237,0.830050
test_06238,0.372999
test_06239,0.999999
test_06240,1.000000
test_06241,0.453434
test_06242,0.003170
test_06243,1.000000
test_06244,0.030832
test_06245,0.999927
test_06246,1.000000
test_06247,0.999995
test_06248,1.000000
test_06249,1.000000
test_06250,1.000000
test_06251,0.000004
test_06252,0.999997
test_06253,0.736530
test_06254,0.999999
test_06255,0.000001
test_06256,0.998001
test_06257,1.000000
test_06258,0.999996
test_06259,0.006296
test_06260,1.000000
test_06261,0.000001
test_06262,0.871942
test_06263,0.999599
test_06264,0.543514
test_06265,0.991437
test_06266,1.000000
test_06267,0.999999
test_06268,0.999999
test_06269,0.237521
test_06270,0.159981
test_06271,0.989289
test_06272,0.994625
test_06273,0.999999
test_06274,1.000000
test_06275,0.999999
test_06276,0.000031
test_06277,1.000000
test_06278,0.000012
test_06279,0.000001
test_06280,0.000747
test_06281,1.000000
test_06282,1.000000
test_06283,0.992719
test_06284,0.414303
test_06285,0.851926
test_06286,0.999097
test_06287,0.000001
test_06288,1.000000
test_06289,0.000311
test_06290,0.000099
test_06291,0.000001
test_06292,0.000000
test_06293,0.000000
test_06294,0.010230
test_06295,0.000001
test_06296,0.001128
test_06297,0.919725
test_06298,0.999996
test_06299,0.999756
test_06300,0.999989
test_06301,0.008438
test_06302,0.866547
test_06303,0.000002
test_06304,1.000000
test_06305,0.000032
test_06306,0.001035
test_06307,0.000941
test_06308,0.248452
test_06309,1.000000
test_06310,0.000000
test_06311,0.000000
test_06312,0.000029
test_06313,0.124627
test_06314,0.000003
test_06315,0.999808
test_06316,0.799972
test_06317,1.000000
test_06318,1.000000
test_06319,0.007149
test_06320,1.000000
test_06321,0.724923
test_06322,1.000000
test_06323,0.000019
test_06324,0.000407
test_06325,0.999999
test_06326,0.999996
test_06327,0.000000
test_06328,1.000000
test_06329,0.033380
test_06330,0.000279
test_06331,0.000003
test_06332,0.000002
test_06333,0.210633
test_06334,0.000020
test_06335,0.997049
test_06336,0.000091
test_06337,0.000016
test_06338,0.999997
test_06339,0.999974
test_06340,1.000000
test_06341,0.000253
test_06342,0.999999
test_06343,0.001957
test_06344,0.468394
test_06345,0.000133
test_06346,0.999719
test_06347,0.000007
test_06348,1.000000
test_06349,0.000012
test_06350,0.000001
test_06351,0.999852
test_06352,0.007944
test_06353,0.000002
test_06354,0.525343
test_06355,0.000054
test_06356,0.999976
test_06357,0.000012
test_06358,0.999732
test_06359,0.001408
test_06360,0.999982
test_06361,0.000013
test_06362,0.000000
test_06363,0.013079
test_06364,1.000000
test_06365,0.000007
test_06366,0.999998
test_06367,0.999935
test_06368,0.999911
test_06369,0.999998
test_06370,0.909075
test_06371,0.087358
test_06372,0.999999
test_06373,0.996683
test_06374,0.999976
test_06375,0.000089
test_06376,0.000010
test_06377,0.999976
test_06378,0.992450
test_06379,0.000017
test_06380,0.000237
test_06381,0.000000
test_06382,1.000000
test_06383,0.990279
test_06384,0.999997
test_06385,0.517368
test_06386,0.999925
test_06387,0.999996
test_06388,1.000000
test_06389,0.000002
test_06390,0.171826
test_06391,0.000003
test_06392,0.000005
test_06393,0.000059
test_06394,0.999787
test_06395,0.987826
test_06396,0.018706
test_06397,0.000002
test_06398,0.999608
test_06399,0.000003
test_06400,0.000000
test_06401,0.993775
test_06402,1.000000
test_06403,0.110462
test_06404,0.000009
test_06405,0.000002
test_06406,0.000026
test_06407,0.000001
test_06408,0.000460
test_06409,1.000000
test_06410,1.000000
test_06411,0.998351
test_06412,0.000372
test_06413,0.000053
test_06414,0.999975
test_06415,0.000019
test_06416,0.999749
test_06417,0.999998
test_06418,0.000031
test_06419,0.999984
test_06420,0.000013
test_06421,0.999993
test_06422,0.999996
test_06423,0.998307
test_06424,1.000000
test_06425,0.947613
test_06426,0.000002
test_06427,0.036901
test_06428,0.087892
test_06429,0.000004
test_06430,0.000130
test_06431,0.999998
test_06432,0.000000
test_06433,0.790729
test_06434,1.000000
test_06435,1.000000
test_06436,0.000016
test_06437,0.010218
test_06438,0.000000
test_06439,0.999969
test_06440,0.000001
test_06441,0.999792
test_06442,0.000076
test_06443,0.000025
test_06444,0.000000
test_06445,0.000002
test_06446,0.999905
test_06447,0.994678
test_06448,1.000000
test_06449,0.000033
test_06450,0.999830
test_06451,1.000000
test_06452,1.000000
test_06453,0.000023
test_06454,0.999967
test_06455,0.999999
test_06456,0.000004
test_06457,0.999946
test_06458,0.002053
test_06459,0.896385
test_06460,0.000007
test_06461,0.000000
test_06462,0.998851
test_06463,0.999882
test_06464,0.000200
test_06465,0.000001
test_06466,0.001329
test_06467,0.075039
test_06468,0.000001
test_06469,1.000000
test_06470,1.000000
test_06471,0.000007
test_06472,0.000005
test_06473,1.000000
test_06474,0.000000
test_06475,0.999796
test_06476,0.000095
test_06477,0.000000
test_06478,1.000000
test_06479,0.999977
test_06480,1.000000
test_06481,0.983799
test_06482,0.999975
test_06483,0.000000
test_06484,0.000001
test_06485,0.999472
test_06486,0.983730
test_06487,0.001513
test_06488,1.000000
test_06489,0.000000
test_06490,0.995279
test_06491,0.000090
test_06492,0.156336
test_06493,0.000294
test_06494,0.998418
test_06495,0.006251
test_06496,0.003056
test_06497,0.999998
test_06498,1.000000
test_06499,0.999621
test_06500,0.260784
test_06501,0.000124
test_06502,1.000000
test_06503,0.000008
test_06504,0.000000
test_06505,0.000001
test_06506,0.999726
test_06507,0.999996
test_06508,0.999999
test_06509,0.332760
test_06510,0.996669
test_06511,0.999274
test_06512,0.999998
test_06513,1.000000
test_06514,0.011900
test_06515,0.999917
test_06516,1.000000
test_06517,0.999994
test_06518,0.964616
test_06519,0.031319
test_06520,0.000008
test_06521,0.999963
test_06522,0.999977
test_06523,0.999999
test_06524,0.000003
test_06525,0.000030
test_06526,1.000000
test_06527,0.000002
test_06528,1.000000
test_06529,0.000038
test_06530,0.006442
test_06531,0.989163
test_06532,0.331412
test_06533,0.931608
test_06534,0.999996
test_06535,1.000000
test_06536,0.997879
test_06537,0.000000
test_06538,1.000000
test_06539,0.000007
test_06540,0.000004
test_06541,0.236104
test_06542,0.000080
test_06543,0.406046
test_06544,1.000000
test_06545,0.999994
test_06546,0.000001
test_06547,0.999754
test_06548,1.000000
test_06549,0.000014
test_06550,0.999980
test_06551,0.000004
test_06552,1.000000
test_06553,0.999999
test_06554,0.994594
test_06555,0.012429
test_06556,1.000000
test_06557,0.000085
test_06558,0.997802
test_06559,0.000003
test_06560,0.000028
test_06561,0.980109
test_06562,0.010176
test_06563,0.000008
test_06564,0.999998
test_06565,0.999998
test_06566,0.999965
test_06567,0.222759
test_06568,0.991416
test_06569,0.001620
test_06570,0.000002
test_06571,0.000121
test_06572,0.000001
test_06573,0.006445
test_06574,0.082043
test_06575,0.000005
test_06576,0.996743
test_06577,0.000305
test_06578,0.999969
test_06579,0.001191
test_06580,0.999997
test_06581,0.151341
test_06582,0.999997
test_06583,0.005142
test_06584,0.999977
test_06585,0.000014
test_06586,0.048150
test_06587,0.999991
test_06588,0.000001
test_06589,0.000902
test_06590,0.000001
test_06591,0.000003
test_06592,0.999481
test_06593,0.996360
test_06594,0.999997
test_06595,0.792934
test_06596,0.053793
test_06597,0.463648
test_06598,0.000036
test_06599,0.000003
test_06600,0.000000
test_06601,0.000000
test_06602,0.000012
test_06603,0.000346
test_06604,0.004485
test_06605,0.000000
test_06606,0.999018
test_06607,0.000002
test_06608,1.000000
test_06609,0.999932
test_06610,0.010428
test_06611,0.719872
test_06612,0.000000
test_06613,0.000007
test_06614,0.000006
test_06615,0.000007
test_06616,0.231601
test_06617,0.999851
test_06618,0.000042
test_06619,0.000009
test_06620,0.999902
test_06621,0.000000
test_06622,0.983073
test_06623,0.001055
test_06624,0.999992
test_06625,1.000000
test_06626,0.000002
test_06627,0.000003
test_06628,0.999973
test_06629,0.000027
test_06630,0.000023
test_06631,0.000006
test_06632,0.000005
test_06633,0.009531
test_06634,0.999243
test_06635,0.000081
test_06636,0.000002
test_06637,0.000001
test_06638,0.000001
test_06639,0.999984
test_06640,0.999980
test_06641,0.032408
test_06642,0.404084
test_06643,0.999999
test_06644,1.000000
test_06645,0.999998
test_06646,0.998583
test_06647,0.999587
test_06648,0.000001
test_06649,0.115119
test_06650,0.000168
test_06651,0.156194
test_06652,0.000000
test_06653,0.999999
test_06654,0.622358
test_06655,0.000000
test_06656,1.000000
test_06657,0.999966
test_06658,0.000390
test_06659,0.273679
test_06660,0.994892
test_06661,0.000053
test_06662,0.000109
test_06663,0.000000
test_06664,0.000000
test_06665,0.000008
test_06666,0.000003
test_06667,1.000000
test_06668,0.893802
test_06669,0.000162
test_06670,0.652076
test_06671,0.999706
test_06672,0.000015
test_06673,0.000001
test_06674,0.999948
test_06675,0.003969
test_06676,0.950527
test_06677,1.000000
test_06678,0.999997
test_06679,0.000018
test_06680,0.000002
test_06681,1.000000
test_06682,0.000018
test_06683,0.999963
test_06684,0.508847
test_06685,0.999992
test_06686,0.985017
test_06687,0.000006
test_06688,0.093356
test_06689,0.990778
test_06690,0.999974
test_06691,0.000016
test_06692,0.999993
test_06693,0.985946
test_06694,1.000000
test_06695,0.000002
test_06696,0.999978
test_06697,0.999986
test_06698,0.000022
test_06699,0.946898
test_06700,1.000000
test_06701,1.000000
test_06702,1.000000
test_06703,0.000005
test_06704,0.990573
test_06705,0.999999
test_06706,0.067515
test_06707,0.005660
test_06708,0.999998
test_06709,0.056809
test_06710,0.795962
test_06711,0.999962
test_06712,0.000144
test_06713,1.000000
test_06714,0.001292
test_06715,0.000007
test_06716,0.999978
test_06717,0.999991
test_06718,1.000000
test_06719,0.999996
test_06720,0.999996
test_06721,0.127805
test_06722,0.999998
test_06723,0.808828
test_06724,0.000000
test_06725,0.088243
test_06726,0.817164
test_06727,0.627042
test_06728,0.000000
test_06729,0.000004
test_06730,0.000001
test_06731,0.997553
test_06732,0.506482
test_06733,0.996679
test_06734,0.001388
test_06735,0.326543
test_06736,0.999881
test_06737,1.000000
test_06738,1.000000
test_06739,0.999999
test_06740,0.922045
test_06741,0.999755
test_06742,0.999999
test_06743,0.999992
test_06744,0.752819
test_06745,0.001037
test_06746,1.000000
test_06747,1.000000
test_06748,0.999508
test_06749,1.000000
test_06750,0.240256
test_06751,0.000014
test_06752,0.000003
test_06753,0.000000
test_06754,0.000109
test_06755,1.000000
test_06756,0.000000
test_06757,1.000000
test_06758,0.000001
test_06759,0.000219
test_06760,0.000053
test_06761,1.000000
test_06762,1.000000
test_06763,0.999985
test_06764,0.999999
test_06765,1.000000
test_06766,0.000001
test_06767,0.000004
test_06768,0.550330
test_06769,0.000000
test_06770,0.000010
test_06771,0.999999
test_06772,0.000000
test_06773,1.000000
test_06774,0.075436
test_06775,0.000001
test_06776,0.999974
test_06777,1.000000
test_06778,0.000000
test_06779,0.004193
test_06780,1.000000
test_06781,1.000000
test_06782,0.999368
test_06783,0.999980
test_06784,0.000003
test_06785,0.999983
test_06786,1.000000
test_06787,0.000000
test_06788,0.000000
test_06789,0.999867
test_06790,0.999002
test_06791,0.999824
test_06792,1.000000
test_06793,0.000003
test_06794,0.887924
test_06795,0.000001
test_06796,0.999948
test_06797,0.999998
test_06798,0.999989
test_06799,0.000001
test_06800,0.025000
test_06801,0.990790
test_06802,0.000137
test_06803,0.000029
test_06804,0.002671
test_06805,0.000803
test_06806,0.998913
test_06807,0.066650
test_06808,0.999999
test_06809,0.912651
test_06810,0.259140
test_06811,1.000000
test_06812,0.000053
test_06813,0.999561
test_06814,1.000000
test_06815,1.000000
test_06816,1.000000
test_06817,0.001474
test_06818,0.999981
test_06819,0.995170
test_06820,0.011724
test_06821,0.999473
test_06822,0.845307
test_06823,0.000159
test_06824,1.000000
test_06825,0.000014
test_06826,0.000002
test_06827,0.002666
test_06828,1.000000
test_06829,1.000000
test_06830,0.001500
test_06831,0.992432
test_06832,0.000000
test_06833,0.000010
test_06834,0.000065
test_06835,0.000001
test_06836,0.000162
test_06837,0.000000
test_06838,0.000003
test_06839,0.000004
test_06840,1.000000
test_06841,0.000024
test_06842,1.000000
test_06843,0.003545
test_06844,0.000003
test_06845,0.000087
test_06846,0.999999
test_06847,0.999998
test_06848,0.000002
test_06849,1.000000
test_06850,0.999099
test_06851,0.034727
test_06852,0.000006
test_06853,0.000221
test_06854,0.001595
test_06855,0.000000
test_06856,0.063304
test_06857,0.170817
test_06858,0.000032
test_06859,0.999986
test_06860,0.999999
test_06861,0.000002
test_06862,0.999926
test_06863,0.999993
test_06864,1.000000
test_06865,0.000011
test_06866,0.681905
test_06867,0.001945
test_06868,0.999996
test_06869,0.068012
test_06870,1.000000
test_06871,0.999997
test_06872,0.084661
test_06873,0.000796
test_06874,0.999998
test_06875,0.000007
test_06876,0.000001
test_06877,1.000000
test_06878,0.000035
test_06879,0.009684
test_06880,0.000003
test_06881,1.000000
test_06882,0.036965
test_06883,1.000000
test_06884,0.000000
test_06885,0.214271
test_06886,0.000180
test_06887,1.000000
test_06888,0.000012
test_06889,1.000000
test_06890,0.000248
test_06891,0.000015
test_06892,0.000001
test_06893,0.006188
test_06894,0.000000
test_06895,0.000018
test_06896,0.999994
test_06897,0.002519
test_06898,0.000018
test_06899,0.002856
test_06900,0.000000
test_06901,1.000000
test_06902,0.000020
test_06903,0.999999
test_06904,0.999999
test_06905,1.000000
test_06906,0.000009
test_06907,1.000000
test_06908,0.999991
test_06909,0.000053
test_06910,1.000000
test_06911,0.505333
test_06912,0.000000
test_06913,0.000026
test_06914,0.986058
test_06915,0.018192
test_06916,0.999996
test_06917,0.000013
test_06918,0.999999
test_06919,0.999941
test_06920,0.489706
test_06921,0.769313
test_06922,1.000000
test_06923,0.999993
test_06924,0.741852
test_06925,0.000000
test_06926,0.000003
test_06927,0.000002
test_06928,0.000000
test_06929,0.050213
test_06930,0.000001
test_06931,0.000001
test_06932,0.990678
test_06933,0.999998
test_06934,0.000000
test_06935,0.000000
test_06936,1.000000
test_06937,0.983334
test_06938,0.000004
test_06939,0.000001
test_06940,0.999999
test_06941,0.999994
test_06942,0.000001
test_06943,0.000001
test_06944,0.022051
test_06945,0.000003
test_06946,0.000002
test_06947,0.999995
test_06948,0.146716
test_06949,1.000000
test_06950,0.004158
test_06951,0.000002
test_06952,0.999111
test_06953,0.026148
test_06954,0.782274
test_06955,1.000000
test_06956,1.000000
test_06957,1.000000
test_06958,1.000000
test_06959,0.000006
test_06960,0.000000
test_06961,0.903161
test_06962,0.000000
test_06963,0.632952
test_06964,1.000000
test_06965,0.000144
test_06966,0.000000
test_06967,0.000010
test_06968,0.000001
test_06969,0.000011
test_06970,1.000000
test_06971,0.999999
test_06972,0.000000
test_06973,0.999993
test_06974,0.000012
test_06975,0.999996
test_06976,0.999996
test_06977,0.999999
test_06978,0.000001
test_06979,0.701200
test_06980,0.999993
test_06981,1.000000
test_06982,1.000000
test_06983,0.000002
test_06984,0.000081
test_06985,0.966394
test_06986,0.004484
test_06987,0.000003
test_06988,0.000007
test_06989,0.000021
test_06990,1.000000
test_06991,0.999999
test_06992,0.994134
test_06993,0.000014
test_06994,0.000000
test_06995,0.000000
test_06996,0.000019
test_06997,0.999998
test_06998,0.000033
test_06999,0.999995
test_07000,0.004025
test_07001,0.999679
test_07002,1.000000
test_07003,0.998882
test_07004,1.000000
test_07005,0.817683
test_07006,0.016716
test_07007,0.000042
test_07008,0.002969
test_07009,0.999987
test_07010,0.999978
test_07011,0.409288
test_07012,0.999519
test_07013,0.012684
test_07014,0.999987
test_07015,0.999969
test_07016,1.000000
test_07017,0.000004
test_07018,1.000000
test_07019,0.988513
test_07020,0.000010
test_07021,1.000000
test_07022,0.000777
test_07023,0.003052
test_07024,0.000004
test_07025,1.000000
test_07026,1.000000
test_07027,0.000004
test_07028,1.000000
test_07029,0.999953
test_07030,0.000257
test_07031,0.003685
test_07032,1.000000
test_07033,1.000000
test_07034,0.000015
test_07035,0.029779
test_07036,0.000000
test_07037,0.156478
test_07038,0.999785
test_07039,0.000028
test_07040,0.000000
test_07041,0.995518
test_07042,0.790014
test_07043,0.988037
test_07044,1.000000
test_07045,0.000003
test_07046,1.000000
test_07047,1.000000
test_07048,0.000010
test_07049,0.909732
test_07050,0.000076
test_07051,0.000013
test_07052,0.999954
test_07053,0.000002
test_07054,0.999999
test_07055,1.000000
test_07056,1.000000
test_07057,0.000008
test_07058,0.999840
test_07059,0.110720
test_07060,0.994100
test_07061,0.999977
test_07062,0.000009
test_07063,0.000117
test_07064,0.000001
test_07065,0.000944
test_07066,0.025299
test_07067,1.000000
test_07068,0.999996
test_07069,1.000000
test_07070,0.000229
test_07071,0.000014
test_07072,1.000000
test_07073,0.940467
test_07074,1.000000
test_07075,0.999999
test_07076,0.999999
test_07077,0.000033
test_07078,1.000000
test_07079,1.000000
test_07080,0.756874
test_07081,0.999557
test_07082,1.000000
test_07083,0.000000
test_07084,0.347726
test_07085,0.997748
test_07086,0.999995
test_07087,0.000019
test_07088,0.999999
test_07089,0.353807
test_07090,0.999999
test_07091,0.000014
test_07092,0.999997
test_07093,0.980231
test_07094,0.999989
test_07095,0.009715
test_07096,0.999993
test_07097,0.000044
test_07098,0.029349
test_07099,0.000000
test_07100,0.994620
test_07101,1.000000
test_07102,0.999998
test_07103,1.000000
test_07104,0.999964
test_07105,0.000029
test_07106,0.999387
test_07107,0.000001
test_07108,0.948586
test_07109,0.001939
test_07110,0.947280
test_07111,0.231411
test_07112,1.000000
test_07113,0.000048
test_07114,0.999831
test_07115,0.999999
test_07116,0.272595
test_07117,0.000001
test_07118,0.000000
test_07119,0.000010
test_07120,0.000017
test_07121,0.000109
test_07122,0.988815
test_07123,0.972241
test_07124,1.000000
test_07125,0.999998
test_07126,1.000000
test_07127,0.999999
test_07128,0.000020
test_07129,0.000000
test_07130,1.000000
test_07131,0.999997
test_07132,0.000007
test_07133,0.000002
test_07134,0.756469
test_07135,0.001834
test_07136,0.999660
test_07137,1.000000
test_07138,0.000000
test_07139,0.000005
test_07140,0.000718
test_07141,0.000004
test_07142,0.000000
test_07143,0.000002
test_07144,0.000537
test_07145,0.000887
test_07146,0.998073
test_07147,0.929833
test_07148,0.999994
test_07149,0.593643
test_07150,0.000022
test_07151,0.022787
test_07152,0.181793
test_07153,0.999788
test_07154,0.999997
test_07155,0.000179
test_07156,0.000003
test_07157,0.999999
test_07158,1.000000
test_07159,0.000637
test_07160,0.000005
test_07161,0.000001
test_07162,0.999974
test_07163,0.999992
test_07164,0.999981
test_07165,0.162599
test_07166,1.000000
test_07167,0.000000
test_07168,0.999999
test_07169,0.000001
test_07170,1.000000
test_07171,0.999965
test_07172,1.000000
test_07173,1.000000
test_07174,0.982554
test_07175,0.999985
test_07176,0.002286
test_07177,0.000035
test_07178,0.999995
test_07179,0.565578
test_07180,0.000001
test_07181,0.329029
test_07182,0.002290
test_07183,0.000049
test_07184,0.000001
test_07185,0.999943
test_07186,1.000000
test_07187,0.004236
test_07188,0.693946
test_07189,0.000000
test_07190,0.014428
test_07191,0.000001
test_07192,0.000000
test_07193,0.000001
test_07194,0.748171
test_07195,0.263987
test_07196,1.000000
test_07197,0.002109
test_07198,0.000057
test_07199,0.000000
test_07200,0.999999
test_07201,0.000451
test_07202,0.000000
test_07203,1.000000
test_07204,0.998828
test_07205,0.000000
test_07206,0.180676
test_07207,0.999998
test_07208,0.000125
test_07209,0.000061
test_07210,0.000001
test_07211,0.000066
test_07212,0.999592
test_07213,0.000760
test_07214,0.999999
test_07215,0.018838
test_07216,0.000000
test_07217,0.000007
test_07218,0.002278
test_07219,0.999827
test_07220,0.000004
test_07221,1.000000
test_07222,0.049011
test_07223,0.002087
test_07224,1.000000
test_07225,0.072645
test_07226,0.375100
test_07227,0.999999
test_07228,0.000000
test_07229,0.000001
test_07230,0.057314
test_07231,0.000002
test_07232,0.008493
test_07233,1.000000
test_07234,1.000000
test_07235,0.999999
test_07236,0.000001
test_07237,1.000000
test_07238,0.000001
test_07239,0.972057
test_07240,0.002315
test_07241,0.000025
test_07242,0.038809
test_07243,0.000001
test_07244,1.000000
test_07245,0.003525
test_07246,0.066243
test_07247,0.999887
test_07248,0.999986
test_07249,0.000002
test_07250,0.000056
test_07251,0.173625
test_07252,1.000000
test_07253,0.000001
test_07254,0.999322
test_07255,0.999986
test_07256,0.000001
test_07257,1.000000
test_07258,0.690761
test_07259,0.369402
test_07260,0.860902
test_07261,0.000006
test_07262,0.000000
test_07263,1.000000
test_07264,0.014264
test_07265,0.999997
test_07266,0.000001
test_07267,0.021088
test_07268,0.999990
test_07269,1.000000
test_07270,0.999994
test_07271,1.000000
test_07272,0.901235
test_07273,1.000000
test_07274,0.999985
test_07275,0.996318
test_07276,0.237174
test_07277,1.000000
test_07278,0.999999
test_07279,0.000006
test_07280,0.000001
test_07281,0.000002
test_07282,0.624614
test_07283,0.000001
test_07284,0.551886
test_07285,0.999755
test_07286,0.099460
test_07287,0.999999
test_07288,0.000004
test_07289,0.000018
test_07290,0.000001
test_07291,0.972704
test_07292,0.003445
test_07293,0.000003
test_07294,1.000000
test_07295,0.997245
test_07296,0.798237
test_07297,0.999997
test_07298,0.999589
test_07299,0.999196
test_07300,0.053395
test_07301,0.999423
test_07302,0.991372
test_07303,1.000000
test_07304,0.000004
test_07305,0.046330
test_07306,0.027227
test_07307,0.000000
test_07308,0.000020
test_07309,0.000004
test_07310,0.000027
test_07311,0.000000
test_07312,1.000000
test_07313,0.000021
test_07314,0.999993
test_07315,0.026526
test_07316,0.977279
test_07317,1.000000
test_07318,0.000001
test_07319,0.999950
test_07320,0.999975
test_07321,0.237162
test_07322,0.939878
test_07323,0.000000
test_07324,0.994876
test_07325,0.954849
test_07326,1.000000
test_07327,1.000000
test_07328,1.000000
test_07329,0.061676
test_07330,0.999741
test_07331,0.000000
test_07332,0.000083
test_07333,0.084117
test_07334,0.966542
test_07335,0.230178
test_07336,0.303952
test_07337,0.999836
test_07338,0.999919
test_07339,0.000001
test_07340,0.617932
test_07341,0.001275
test_07342,0.000538
test_07343,0.999998
test_07344,0.999997
test_07345,0.000344
test_07346,0.000023
test_07347,0.000002
test_07348,0.997054
test_07349,0.000000
test_07350,1.000000
test_07351,0.000406
test_07352,0.988780
test_07353,0.999997
test_07354,0.999958
test_07355,0.980521
test_07356,1.000000
test_07357,0.996526
test_07358,0.984253
test_07359,0.960663
test_07360,0.999996
test_07361,0.033171
test_07362,0.000115
test_07363,0.999999
test_07364,0.000305
test_07365,0.998190
test_07366,0.999999
test_07367,0.999989
test_07368,0.000121
test_07369,0.002104
test_07370,0.999989
test_07371,0.000001
test_07372,0.000000
test_07373,0.999967
test_07374,0.000001
test_07375,0.806877
test_07376,0.991466
test_07377,0.000001
test_07378,0.999999
test_07379,0.000000
test_07380,0.037882
test_07381,0.036576
test_07382,0.000359
test_07383,0.999996
test_07384,0.999903
test_07385,0.000005
test_07386,0.000001
test_07387,0.000007
test_07388,0.063648
test_07389,0.020482
test_07390,0.000000
test_07391,1.000000
test_07392,0.253162
test_07393,0.999998
test_07394,0.972331
test_07395,0.997952
test_07396,0.000001
test_07397,1.000000
test_07398,0.999979
test_07399,0.999075
test_07400,0.999638
test_07401,0.000044
test_07402,1.000000
test_07403,0.000638
test_07404,0.000001
test_07405,1.000000
test_07406,0.999681
test_07407,0.000014
test_07408,0.185433
test_07409,0.005294
test_07410,1.000000
test_07411,0.000043
test_07412,0.000000
test_07413,0.799934
test_07414,0.000005
test_07415,0.999995
test_07416,0.000006
test_07417,0.007884
test_07418,0.999999
test_07419,0.000001
test_07420,0.000017
test_07421,0.286872
test_07422,1.000000
test_07423,1.000000
test_07424,0.000001
test_07425,0.000009
test_07426,0.000011
test_07427,0.000020
test_07428,0.000000
test_07429,0.861932
test_07430,0.000066
test_07431,1.000000
test_07432,0.000092
test_07433,0.001412
test_07434,0.000000
test_07435,0.000002
test_07436,0.000002
test_07437,0.999999
test_07438,0.999986
test_07439,0.004029
test_07440,0.000008
test_07441,0.000002
test_07442,0.000011
test_07443,1.000000
test_07444,0.000003
test_07445,0.002010
test_07446,0.000000
test_07447,0.000001
test_07448,0.000069
test_07449,0.999998
test_07450,0.999215
test_07451,1.000000
test_07452,0.000008
test_07453,0.000000
test_07454,0.962031
test_07455,0.000071
test_07456,1.000000
test_07457,0.090437
test_07458,0.999999
test_07459,0.999999
test_07460,0.000009
test_07461,0.999989
test_07462,0.990294
test_07463,0.041417
test_07464,0.000489
test_07465,1.000000
test_07466,0.000370
test_07467,0.999992
test_07468,0.999996
test_07469,0.000227
test_07470,0.999962
test_07471,0.004747
test_07472,0.991426
test_07473,0.000004
test_07474,0.000001
test_07475,0.996237
test_07476,0.000001
test_07477,0.000000
test_07478,0.999684
test_07479,0.999997
test_07480,0.015168
test_07481,0.002078
test_07482,0.003383
test_07483,0.063283
test_07484,0.008573
test_07485,1.000000
test_07486,1.000000
test_07487,0.000011
test_07488,0.000000
test_07489,1.000000
test_07490,0.999759
test_07491,0.000029
test_07492,0.006145
test_07493,0.999758
test_07494,0.999996
test_07495,0.999981
test_07496,0.000122
test_07497,0.000000
test_07498,0.991836
test_07499,0.412801
test_07500,0.000003
test_07501,0.000001
test_07502,0.996982
test_07503,0.000049
test_07504,0.911788
test_07505,1.000000
test_07506,1.000000
test_07507,0.000003
test_07508,0.000001
test_07509,1.000000
test_07510,0.999951
test_07511,1.000000
test_07512,0.000003
test_07513,0.999896
test_07514,1.000000
test_07515,0.999356
test_07516,1.000000
test_07517,0.999999
test_07518,0.000985
test_07519,0.000002
test_07520,0.000012
test_07521,0.000277
test_07522,1.000000
test_07523,0.000000
test_07524,0.333782
test_07525,0.020294
test_07526,0.000005
test_07527,0.096296
test_07528,1.000000
test_07529,0.000016
test_07530,1.000000
test_07531,0.988053
test_07532,1.000000
test_07533,0.000000
test_07534,0.101733
test_07535,0.000949
test_07536,0.657872
test_07537,0.000007
test_07538,0.897132
test_07539,1.000000
test_07540,0.000001
test_07541,0.940188
test_07542,0.007037
test_07543,0.009559
test_07544,0.999343
test_07545,0.001523
test_07546,1.000000
test_07547,0.999999
test_07548,0.000470
test_07549,0.999999
test_07550,0.999218
test_07551,0.999983
test_07552,0.000781
test_07553,1.000000
test_07554,0.999999
test_07555,0.000013
test_07556,0.000140
test_07557,1.000000
test_07558,1.000000
test_07559,0.999996
test_07560,0.999814
test_07561,0.000002
test_07562,0.189641
test_07563,0.999910
test_07564,0.999999
test_07565,0.000002
test_07566,0.000005
test_07567,0.000002
test_07568,0.000164
test_07569,0.985215
test_07570,0.999990
test_07571,0.000005
test_07572,0.999963
test_07573,0.992976
test_07574,0.999969
test_07575,0.141400
test_07576,0.000002
test_07577,0.000015
test_07578,0.000003
test_07579,0.000000
test_07580,1.000000
test_07581,0.000001
test_07582,0.000000
test_07583,1.000000
test_07584,1.000000
test_07585,0.999113
test_07586,0.999997
test_07587,0.639627
test_07588,0.999995
test_07589,1.000000
test_07590,0.000164
test_07591,0.999999
test_07592,0.000025
test_07593,1.000000
test_07594,0.999974
test_07595,0.000000
test_07596,0.000000
test_07597,1.000000
test_07598,0.678679
test_07599,0.999332
test_07600,0.000196
test_07601,0.000035
test_07602,0.000346
test_07603,0.024840
test_07604,0.000128
test_07605,0.000053
test_07606,0.000007
test_07607,0.000001
test_07608,0.124920
test_07609,1.000000
test_07610,0.000001
test_07611,0.001233
test_07612,0.000003
test_07613,0.000008
test_07614,1.000000
test_07615,0.649682
test_07616,0.999992
test_07617,0.000193
test_07618,0.999998
test_07619,0.000002
test_07620,0.102150
test_07621,0.000005
test_07622,0.000646
test_07623,1.000000
test_07624,0.003136
test_07625,0.000001
test_07626,0.999997
test_07627,1.000000
test_07628,0.999998
test_07629,0.000007
test_07630,0.999998
test_07631,0.000008
test_07632,0.000010
test_07633,0.001328
test_07634,1.000000
test_07635,1.000000
test_07636,0.000002
test_07637,0.926525
test_07638,0.999999
test_07639,0.000001
test_07640,0.000055
test_07641,0.992602
test_07642,0.933561
test_07643,0.999941
test_07644,1.000000
test_07645,0.000306
test_07646,0.991055
test_07647,1.000000
test_07648,0.000000
test_07649,1.000000
test_07650,0.999973
test_07651,0.935772
test_07652,0.999959
test_07653,1.000000
test_07654,1.000000
test_07655,0.012242
test_07656,0.000348
test_07657,1.000000
test_07658,0.000000
test_07659,0.999999
test_07660,0.000002
test_07661,1.000000
test_07662,0.000015
test_07663,0.000010
test_07664,0.000001
test_07665,0.000016
test_07666,0.998445
test_07667,0.000010
test_07668,0.000196
test_07669,0.999999
test_07670,0.000003
test_07671,0.000154
test_07672,0.000001
test_07673,0.000000
test_07674,0.889771
test_07675,0.000000
test_07676,0.000089
test_07677,0.000131
test_07678,0.000186
test_07679,0.000125
test_07680,0.999900
test_07681,0.000028
test_07682,0.000001
test_07683,0.999985
test_07684,0.999348
test_07685,0.729173
test_07686,0.000479
test_07687,0.024986
test_07688,0.999979
test_07689,1.000000
test_07690,0.178874
test_07691,0.000003
test_07692,1.000000
test_07693,0.999999
test_07694,0.000048
test_07695,0.003970
test_07696,0.000324
test_07697,1.000000
test_07698,1.000000
test_07699,0.000001
test_07700,0.995840
test_07701,0.000000
test_07702,0.000016
test_07703,0.999991
test_07704,1.000000
test_07705,0.000015
test_07706,0.834284
test_07707,0.137867
test_07708,0.999999
test_07709,0.919785
test_07710,0.399536
test_07711,1.000000
test_07712,0.000004
test_07713,0.000004
test_07714,0.044037
test_07715,1.000000
test_07716,0.999994
test_07717,0.000001
test_07718,0.000026
test_07719,0.000000
test_07720,0.000021
test_07721,0.000202
test_07722,0.000018
test_07723,0.000000
test_07724,0.999995
test_07725,0.998769
test_07726,0.000639
test_07727,0.000000
test_07728,0.000184
test_07729,0.999997
test_07730,0.932163
test_07731,0.000000
test_07732,0.004219
test_07733,1.000000
test_07734,0.000022
test_07735,0.181103
test_07736,0.000000
test_07737,0.999996
test_07738,0.000519
test_07739,0.003610
test_07740,0.000001
test_07741,0.000096
test_07742,0.636219
test_07743,0.999999
test_07744,0.002883
test_07745,0.706870
test_07746,0.000031
test_07747,0.000006
test_07748,0.939096
test_07749,0.998690
test_07750,0.999971
test_07751,0.000462
test_07752,0.000008
test_07753,0.040666
test_07754,0.000325
test_07755,0.003453
test_07756,1.000000
test_07757,0.174115
test_07758,0.000346
test_07759,0.976323
test_07760,0.000052
test_07761,1.000000
test_07762,1.000000
test_07763,1.000000
test_07764,1.000000
test_07765,0.138618
test_07766,1.000000
test_07767,0.000000
test_07768,0.556869
test_07769,0.000005
test_07770,0.484704
test_07771,0.999791
test_07772,1.000000
test_07773,0.999982
test_07774,0.000001
test_07775,0.000079
test_07776,0.730696
test_07777,0.999997
test_07778,0.023254
test_07779,0.999762
test_07780,0.999941
test_07781,0.000004
test_07782,0.002230
test_07783,0.000003
test_07784,0.496785
test_07785,0.000001
test_07786,0.007264
test_07787,1.000000
test_07788,0.998881
test_07789,0.000569
test_07790,0.000000
test_07791,0.000927
test_07792,0.000004
test_07793,0.000003
test_07794,0.000018
test_07795,0.999937
test_07796,0.000004
test_07797,0.000015
test_07798,0.694440
test_07799,1.000000
test_07800,0.999998
test_07801,0.000030
test_07802,0.999998
test_07803,1.000000
test_07804,0.999992
test_07805,0.000001
test_07806,0.000639
test_07807,0.014550
test_07808,0.000000
test_07809,0.000000
test_07810,0.000008
test_07811,1.000000
test_07812,0.567099
test_07813,1.000000
test_07814,0.000131
test_07815,0.000001
test_07816,0.000907
test_07817,1.000000
test_07818,0.000005
test_07819,1.000000
test_07820,0.000002
test_07821,0.999998
test_07822,0.000002
test_07823,0.000003
test_07824,1.000000
test_07825,0.999992
test_07826,0.000007
test_07827,0.999416
test_07828,0.000000
test_07829,0.771778
test_07830,0.002339
test_07831,1.000000
test_07832,0.999973
test_07833,0.804745
test_07834,0.762215
test_07835,0.999996
test_07836,0.000516
test_07837,0.011531
test_07838,1.000000
test_07839,0.063051
test_07840,0.999999
test_07841,0.000001
test_07842,0.000012
test_07843,0.000001
test_07844,0.999915
test_07845,1.000000
test_07846,0.029737
test_07847,0.999967
test_07848,0.000000
test_07849,1.000000
test_07850,1.000000
test_07851,0.000001
test_07852,0.999939
test_07853,0.000050
test_07854,0.998495
test_07855,0.021063
test_07856,0.000003
test_07857,0.000111
test_07858,0.000002
test_07859,1.000000
test_07860,0.000038
test_07861,0.002882
test_07862,0.000001
test_07863,0.001665
test_07864,0.023265
test_07865,1.000000
test_07866,0.950300
test_07867,0.000052
test_07868,0.905655
test_07869,0.460365
test_07870,0.000004
test_07871,0.999999
test_07872,0.014270
test_07873,0.000001
test_07874,0.000006
test_07875,0.000000
test_07876,0.000772
test_07877,0.000012
test_07878,0.000004
test_07879,0.000003
test_07880,0.999663
test_07881,0.993343
test_07882,0.994852
test_07883,1.000000
test_07884,0.991024
test_07885,0.999994
test_07886,0.160045
test_07887,1.000000
test_07888,0.003696
test_07889,1.000000
test_07890,0.999996
test_07891,0.999985
test_07892,0.056876
test_07893,0.999993
test_07894,0.000000
test_07895,0.036197
test_07896,0.999973
test_07897,0.000020
test_07898,0.999992
test_07899,0.999998
test_07900,0.999641
test_07901,0.999994
test_07902,0.000002
test_07903,0.000271
test_07904,0.000595
test_07905,0.957501
test_07906,0.000213
test_07907,0.002820
test_07908,0.000001
test_07909,0.999999
test_07910,0.999956
test_07911,1.000000
test_07912,0.000000
test_07913,0.000003
test_07914,0.000002
test_07915,0.000017
test_07916,1.000000
test_07917,0.000013
test_07918,0.009836
test_07919,0.000000
test_07920,0.000063
test_07921,1.000000
test_07922,0.451298
test_07923,0.999997
test_07924,0.000005
test_07925,0.000002
test_07926,0.000029
test_07927,0.999936
test_07928,0.000018
test_07929,0.000190
test_07930,0.000002
test_07931,0.000001
test_07932,1.000000
test_07933,1.000000
test_07934,0.000007
test_07935,0.000070
test_07936,0.000159
test_07937,0.807076
test_07938,0.996725
test_07939,0.000000
test_07940,0.000012
test_07941,0.000153
test_07942,0.000003
test_07943,1.000000
test_07944,0.982602
test_07945,0.000000
test_07946,0.000085
test_07947,1.000000
test_07948,0.018905
test_07949,1.000000
test_07950,1.000000
test_07951,0.000001
test_07952,0.000009
test_07953,0.000002
test_07954,0.004315
test_07955,0.000008
test_07956,0.000045
test_07957,0.644556
test_07958,0.000001
test_07959,0.391386
test_07960,0.000133
test_07961,0.981401
test_07962,0.000026
test_07963,1.000000
test_07964,0.000003
test_07965,0.000008
test_07966,1.000000
test_07967,1.000000
test_07968,0.000003
test_07969,0.000004
test_07970,0.000005
test_07971,0.000086
test_07972,1.000000
test_07973,0.000002
test_07974,0.334028
test_07975,0.000034
test_07976,0.000913
test_07977,0.000000
test_07978,0.998824
test_07979,0.000003
test_07980,0.686014
test_07981,0.919516
test_07982,0.003444
test_07983,0.000233
test_07984,0.629871
test_07985,1.000000
test_07986,0.000083
test_07987,0.000094
test_07988,0.999762
test_07989,0.000000
test_07990,0.999997
test_07991,0.988251
test_07992,0.000060
test_07993,0.999999
test_07994,0.999848
test_07995,1.000000
test_07996,0.999639
test_07997,0.000013
test_07998,1.000000
test_07999,0.999999
test_08000,0.006498
test_08001,0.000116
test_08002,0.000022
test_08003,0.999684
test_08004,0.000006
test_08005,0.999999
test_08006,1.000000
test_08007,0.000000
test_08008,1.000000
test_08009,0.000011
test_08010,0.999999
test_08011,0.000382
test_08012,0.999999
test_08013,0.000000
test_08014,0.639726
test_08015,0.000016
test_08016,0.940813
test_08017,0.025804
test_08018,0.999642
test_08019,1.000000
test_08020,1.000000
test_08021,0.998298
test_08022,0.000048
test_08023,0.000506
test_08024,0.000000
test_08025,0.044697
test_08026,1.000000
test_08027,0.308134
test_08028,0.000320
test_08029,0.999923
test_08030,0.001516
test_08031,0.000013
test_08032,0.999351
test_08033,0.000000
test_08034,1.000000
test_08035,0.001220
test_08036,1.000000
test_08037,0.000260
test_08038,1.000000
test_08039,1.000000
test_08040,0.999999
test_08041,0.994814
test_08042,0.998746
test_08043,0.019935
test_08044,0.856808
test_08045,0.000033
test_08046,0.881579
test_08047,0.000012
test_08048,0.955396
test_08049,0.999969
test_08050,0.000167
test_08051,0.014211
test_08052,1.000000
test_08053,0.999999
test_08054,0.000003
test_08055,1.000000
test_08056,0.999405
test_08057,0.000913
test_08058,0.000115
test_08059,0.000001
test_08060,1.000000
test_08061,0.051295
test_08062,1.000000
test_08063,0.020748
test_08064,0.691729
test_08065,1.000000
test_08066,0.000145
test_08067,1.000000
test_08068,0.869956
test_08069,0.836046
test_08070,0.000001
test_08071,0.999999
test_08072,0.000001
test_08073,0.999997
test_08074,0.848839
test_08075,0.780094
test_08076,0.000060
test_08077,0.000094
test_08078,0.795858
test_08079,0.000003
test_08080,0.979541
test_08081,0.007948
test_08082,0.000000
test_08083,1.000000
test_08084,0.000187
test_08085,0.000004
test_08086,0.000001
test_08087,0.736418
test_08088,1.000000
test_08089,0.000028
test_08090,0.000024
test_08091,1.000000
test_08092,0.990071
test_08093,0.914221
test_08094,0.000689
test_08095,0.999699
test_08096,0.000040
test_08097,1.000000
test_08098,0.000084
test_08099,0.001000
test_08100,1.000000
test_08101,0.000000
test_08102,0.000031
test_08103,1.000000
test_08104,0.000033
test_08105,1.000000
test_08106,0.999999
test_08107,0.999682
test_08108,0.381067
test_08109,0.999959
test_08110,0.999954
test_08111,0.000015
test_08112,0.999998
test_08113,0.000014
test_08114,0.000001
test_08115,0.001471
test_08116,0.999999
test_08117,0.000003
test_08118,0.001607
test_08119,0.443990
test_08120,0.000066
test_08121,0.880268
test_08122,0.999996
test_08123,0.722914
test_08124,0.773670
test_08125,0.999636
test_08126,0.286765
test_08127,0.000003
test_08128,0.106098
test_08129,0.000029
test_08130,0.004330
test_08131,0.999997
test_08132,0.000003
test_08133,0.998207
test_08134,0.000007
test_08135,0.000030
test_08136,0.000706
test_08137,0.000001
test_08138,0.000000
test_08139,0.999978
test_08140,0.999998
test_08141,0.999999
test_08142,1.000000
test_08143,1.000000
test_08144,0.999996
test_08145,0.000000
test_08146,0.999818
test_08147,0.000010
test_08148,0.000001
test_08149,0.000007
test_08150,1.000000
test_08151,0.021508
test_08152,0.971672
test_08153,0.267737
test_08154,0.025680
test_08155,0.000001
test_08156,0.000001
test_08157,0.000003
test_08158,0.000000
test_08159,0.999488
test_08160,1.000000
test_08161,1.000000
test_08162,0.263320
test_08163,0.999999
test_08164,0.000139
test_08165,0.000016
test_08166,0.232067
test_08167,0.000000
test_08168,1.000000
test_08169,0.999036
test_08170,0.000034
test_08171,0.999999
test_08172,0.999999
test_08173,0.991354
test_08174,0.009289
test_08175,1.000000
test_08176,1.000000
test_08177,1.000000
test_08178,1.000000
test_08179,0.999998
test_08180,0.974678
test_08181,0.000656
test_08182,0.000054
test_08183,1.000000
test_08184,0.996814
test_08185,0.503219
test_08186,0.999983
test_08187,0.999066
test_08188,0.000000
test_08189,0.000000
test_08190,0.998635
test_08191,0.998397
test_08192,0.999988
test_08193,0.992644
test_08194,0.002577
test_08195,0.000001
test_08196,0.000003
test_08197,0.999998
test_08198,1.000000
test_08199,0.030428
test_08200,0.999994
test_08201,0.000001
test_08202,0.997684
test_08203,0.999995
test_08204,0.999998
test_08205,0.722117
test_08206,0.000002
test_08207,1.000000
test_08208,0.000001
test_08209,0.000015
test_08210,0.000018
test_08211,0.000001
test_08212,0.944684
test_08213,0.999995
test_08214,0.012943
test_08215,0.000000
test_08216,0.000002
test_08217,0.999997
test_08218,1.000000
test_08219,0.000036
test_08220,0.000585
test_08221,0.000000
test_08222,1.000000
test_08223,0.000004
test_08224,0.000001
test_08225,0.000003
test_08226,0.977569
test_08227,1.000000
test_08228,0.999999
test_08229,0.010559
test_08230,0.851129
test_08231,0.000000
test_08232,0.000002
test_08233,0.000002
test_08234,0.000001
test_08235,0.000000
test_08236,0.001083
test_08237,1.000000
test_08238,0.999987
test_08239,0.999995
test_08240,0.999560
test_08241,0.999958
test_08242,0.999301
test_08243,0.000002
test_08244,1.000000
test_08245,0.999889
test_08246,0.007361
test_08247,0.003334
test_08248,0.761042
test_08249,0.999961
test_08250,0.005566
test_08251,0.999989
test_08252,1.000000
test_08253,0.000012
test_08254,0.017832
test_08255,0.000000
test_08256,0.000006
test_08257,0.000031
test_08258,0.979910
test_08259,1.000000
test_08260,0.074442
test_08261,1.000000
test_08262,1.000000
test_08263,1.000000
test_08264,1.000000
test_08265,1.000000
test_08266,0.988791
test_08267,0.000002
test_08268,0.000017
test_08269,1.000000
test_08270,0.000003
test_08271,0.003927
test_08272,0.998161
test_08273,0.999453
test_08274,1.000000
test_08275,0.007320
test_08276,0.999999
test_08277,0.000012
test_08278,0.000003
test_08279,0.925131
test_08280,0.000006
test_08281,0.212247
test_08282,0.999994
test_08283,0.999998
test_08284,0.999894
test_08285,0.999977
test_08286,0.000001
test_08287,0.007102
test_08288,0.000000
test_08289,0.000009
test_08290,0.000000
test_08291,0.973356
test_08292,0.000000
test_08293,0.999993
test_08294,0.000001
test_08295,0.313288
test_08296,0.016734
test_08297,1.000000
test_08298,0.000238
test_08299,0.000001
test_08300,0.989116
test_08301,0.999939
test_08302,1.000000
test_08303,0.999998
test_08304,1.000000
test_08305,0.002617
test_08306,0.000001
test_08307,0.999998
test_08308,0.949592
test_08309,0.000027
test_08310,0.999999
test_08311,0.000002
test_08312,0.925359
test_08313,1.000000
test_08314,0.000001
test_08315,1.000000
test_08316,0.999265
test_08317,0.999977
test_08318,0.000001
test_08319,1.000000
test_08320,0.000940
test_08321,0.999972
test_08322,0.999032
test_08323,1.000000
test_08324,0.999979
test_08325,1.000000
test_08326,0.000001
test_08327,0.000004
test_08328,0.000069
test_08329,0.999999
test_08330,0.938713
test_08331,1.000000
test_08332,0.000623
test_08333,0.000003
test_08334,0.999239
test_08335,0.000288
test_08336,0.023750
test_08337,0.631316
test_08338,0.999979
test_08339,0.000001
test_08340,0.000307
test_08341,1.000000
test_08342,0.000000
test_08343,0.998933
test_08344,0.999997
test_08345,0.999973
test_08346,0.000002
test_08347,0.989036
test_08348,0.999928
test_08349,0.000001
test_08350,1.000000
test_08351,1.000000
test_08352,0.000000
test_08353,1.000000
test_08354,0.000000
test_08355,0.963261
test_08356,0.063119
test_08357,0.000001
test_08358,0.999951
test_08359,0.999965
test_08360,0.999998
test_08361,0.999997
test_08362,0.000000
test_08363,0.996447
test_08364,0.998199
test_08365,0.000001
test_08366,0.999980
test_08367,1.000000
test_08368,0.999997
test_08369,0.000000
test_08370,0.999999
test_08371,0.000000
test_08372,0.000097
test_08373,1.000000
test_08374,1.000000
test_08375,0.002079
test_08376,1.000000
test_08377,0.000011
test_08378,0.422301
test_08379,0.994593
test_08380,1.000000
test_08381,0.999996
test_08382,0.996102
test_08383,0.138918
test_08384,0.000020
test_08385,0.000498
test_08386,0.000000
test_08387,0.000001
test_08388,0.000004
test_08389,0.913661
test_08390,0.000000
test_08391,0.000090
test_08392,1.000000
test_08393,1.000000
test_08394,0.000000
test_08395,0.000029
test_08396,0.003163
test_08397,0.000002
test_08398,1.000000
test_08399,0.000005
test_08400,0.000000
test_08401,0.218584
test_08402,0.621561
test_08403,0.000088
test_08404,0.999285
test_08405,0.000058
test_08406,0.000004
test_08407,1.000000
test_08408,0.008900
test_08409,0.000097
test_08410,0.999958
test_08411,0.999997
test_08412,1.000000
test_08413,0.000065
test_08414,0.000000
test_08415,0.000000
test_08416,1.000000
test_08417,0.999796
test_08418,0.999999
test_08419,0.000030
test_08420,0.002413
test_08421,0.007730
test_08422,0.461486
test_08423,1.000000
test_08424,0.000001
test_08425,0.000025
test_08426,0.000002
test_08427,1.000000
test_08428,0.999990
test_08429,0.000026
test_08430,0.999504
test_08431,0.000002
test_08432,0.397141
test_08433,0.055810
test_08434,0.990352
test_08435,0.000000
test_08436,0.999999
test_08437,0.000016
test_08438,0.999984
test_08439,0.976574
test_08440,1.000000
test_08441,0.476918
test_08442,0.998534
test_08443,0.000005
test_08444,0.000017
test_08445,0.999996
test_08446,0.141517
test_08447,0.000002
test_08448,0.138848
test_08449,0.999994
test_08450,0.986632
test_08451,0.000000
test_08452,0.007644
test_08453,0.000001
test_08454,0.000157
test_08455,0.330134
test_08456,1.000000
test_08457,1.000000
test_08458,0.000002
test_08459,0.914920
test_08460,0.999997
test_08461,0.000001
test_08462,0.000002
test_08463,1.000000
test_08464,0.487024
test_08465,1.000000
test_08466,0.000009
test_08467,0.902282
test_08468,1.000000
test_08469,0.000001
test_08470,0.000000
test_08471,0.000028
test_08472,0.999936
test_08473,0.000551
test_08474,1.000000
test_08475,0.133125
test_08476,0.015118
test_08477,1.000000
test_08478,0.999876
test_08479,0.138328
test_08480,0.000000
test_08481,0.000157
test_08482,1.000000
test_08483,0.000082
test_08484,1.000000
test_08485,0.412092
test_08486,0.999658
test_08487,0.005626
test_08488,0.039445
test_08489,0.000261
test_08490,0.999648
test_08491,1.000000
test_08492,0.993713
test_08493,0.997425
test_08494,0.000516
test_08495,0.044740
test_08496,0.000188
test_08497,1.000000
test_08498,0.000006
test_08499,0.453616
test_08500,0.999999
test_08501,0.000024
test_08502,1.000000
test_08503,0.016094
test_08504,0.998332
test_08505,0.982192
test_08506,0.063390
test_08507,0.000049
test_08508,0.999998
test_08509,0.999981
test_08510,1.000000
test_08511,0.000012
test_08512,0.998841
test_08513,1.000000
test_08514,0.000026
test_08515,1.000000
test_08516,1.000000
test_08517,0.034371
test_08518,0.999941
test_08519,0.999999
test_08520,0.008663
test_08521,0.000004
test_08522,0.119780
test_08523,0.000003
test_08524,0.000000
test_08525,1.000000
test_08526,0.000387
test_08527,0.000000
test_08528,0.000025
test_08529,0.010870
test_08530,0.999765
test_08531,0.999999
test_08532,0.000649
test_08533,0.166261
test_08534,0.000049
test_08535,0.999999
test_08536,0.000000
test_08537,0.053570
test_08538,0.056682
test_08539,0.999976
test_08540,1.000000
test_08541,0.000002
test_08542,0.999999
test_08543,0.000018
test_08544,0.999999
test_08545,0.999970
test_08546,0.004871
test_08547,0.999971
test_08548,0.000004
test_08549,0.000000
test_08550,0.999957
test_08551,0.999971
test_08552,0.009078
test_08553,0.467407
test_08554,0.000000
test_08555,0.999934
test_08556,0.000001
test_08557,0.000001
test_08558,0.000001
test_08559,0.999998
test_08560,0.000006
test_08561,0.999999
test_08562,0.027394
test_08563,0.000004
test_08564,0.000001
test_08565,0.999999
test_08566,1.000000
test_08567,0.000033
test_08568,0.986136
test_08569,0.000001
test_08570,0.000142
test_08571,0.810077
test_08572,1.000000
test_08573,0.964535
test_08574,0.000000
test_08575,0.999990
test_08576,0.280364
test_08577,0.298561
test_08578,0.000001
test_08579,0.887554
test_08580,1.000000
test_08581,0.939377
test_08582,0.991531
test_08583,0.586896
test_08584,0.000001
test_08585,0.000042
test_08586,1.000000
test_08587,0.000313
test_08588,0.998723
test_08589,0.999984
test_08590,0.999980
test_08591,0.000008
test_08592,1.000000
test_08593,0.000030
test_08594,0.000027
test_08595,0.999174
test_08596,1.000000
test_08597,0.958555
test_08598,0.999715
test_08599,0.000096
test_08600,1.000000
test_08601,1.000000
test_08602,0.719375
test_08603,0.999998
test_08604,1.000000
test_08605,0.000393
test_08606,1.000000
test_08607,0.999963
test_08608,0.999996
test_08609,0.000429
test_08610,0.998804
test_08611,0.000080
test_08612,0.999920
test_08613,0.922791
test_08614,0.999974
test_08615,0.000200
test_08616,1.000000
test_08617,0.005662
test_08618,0.000058
test_08619,0.999993
test_08620,0.999978
test_08621,0.999968
test_08622,0.467806
test_08623,0.000002
test_08624,0.999999
test_08625,0.302705
test_08626,0.000005
test_08627,0.000001
test_08628,0.999998
test_08629,0.000000
test_08630,1.000000
test_08631,0.974980
test_08632,0.046874
test_08633,0.999999
test_08634,0.999539
test_08635,0.240344
test_08636,0.000112
test_08637,1.000000
test_08638,1.000000
test_08639,0.000001
test_08640,0.000193
test_08641,0.997939
test_08642,1.000000
test_08643,0.000151
test_08644,0.024577
test_08645,0.000006
test_08646,0.001221
test_08647,0.264212
test_08648,0.000012
test_08649,1.000000
test_08650,0.002295
test_08651,1.000000
test_08652,0.970144
test_08653,1.000000
test_08654,0.000549
test_08655,0.999922
test_08656,0.026344
test_08657,0.999954
test_08658,0.003039
test_08659,0.000000
test_08660,0.477504
test_08661,0.004441
test_08662,0.000002
test_08663,0.000003
test_08664,0.001091
test_08665,0.737847
test_08666,1.000000
test_08667,1.000000
test_08668,0.994958
test_08669,0.999999
test_08670,0.997818
test_08671,0.999999
test_08672,1.000000
test_08673,1.000000
test_08674,1.000000
test_08675,0.001213
test_08676,0.999567
test_08677,0.927338
test_08678,0.999941
test_08679,0.999577
test_08680,1.000000
test_08681,0.000001
test_08682,0.078289
test_08683,0.993150
test_08684,0.000069
test_08685,0.022261
test_08686,0.999988
test_08687,0.000001
test_08688,0.999886
test_08689,1.000000
test_08690,0.985465
test_08691,1.000000
test_08692,1.000000
test_08693,0.000007
test_08694,0.000794
test_08695,1.000000
test_08696,0.000049
test_08697,0.000083
test_08698,0.026587
test_08699,0.999900
test_08700,1.000000
test_08701,0.999998
test_08702,0.000001
test_08703,0.219526
test_08704,0.000003
test_08705,0.145503
test_08706,0.000136
test_08707,1.000000
test_08708,0.908839
test_08709,1.000000
test_08710,0.000000
test_08711,0.999784
test_08712,0.000000
test_08713,0.999999
test_08714,0.999997
test_08715,0.000004
test_08716,1.000000
test_08717,0.000398
test_08718,0.033582
test_08719,0.999977
test_08720,1.000000
test_08721,0.999991
test_08722,0.999999
test_08723,0.999999
test_08724,0.000087
test_08725,1.000000
test_08726,1.000000
test_08727,0.005197
test_08728,0.000021
test_08729,0.999999
test_08730,0.993156
test_08731,0.999996
test_08732,0.146351
test_08733,0.000005
test_08734,0.998907
test_08735,0.000016
test_08736,0.999996
test_08737,0.000055
test_08738,0.047165
test_08739,0.000010
test_08740,0.007771
test_08741,0.000009
test_08742,0.967050
test_08743,0.000556
test_08744,0.000391
test_08745,1.000000
test_08746,0.003084
test_08747,1.000000
test_08748,0.000004
test_08749,0.000001
test_08750,0.999999
test_08751,0.000001
test_08752,0.000001
test_08753,0.885124
test_08754,0.000001
test_08755,1.000000
test_08756,0.999979
test_08757,1.000000
test_08758,0.000129
test_08759,0.000339
test_08760,0.000004
test_08761,0.000663
test_08762,0.971127
test_08763,0.011115
test_08764,0.318609
test_08765,0.001762
test_08766,1.000000
test_08767,0.000003
test_08768,0.998770
test_08769,0.000340
test_08770,0.990334
test_08771,0.005668
test_08772,0.000000
test_08773,0.000009
test_08774,0.000033
test_08775,0.963257
test_08776,0.961640
test_08777,0.364424
test_08778,0.970728
test_08779,0.993774
test_08780,0.000775
test_08781,0.999953
test_08782,0.263321
test_08783,1.000000
test_08784,0.999144
test_08785,0.000086
test_08786,0.275747
test_08787,0.000914
test_08788,0.011417
test_08789,0.986208
test_08790,0.000026
test_08791,0.000000
test_08792,0.000011
test_08793,0.000002
test_08794,0.001320
test_08795,1.000000
test_08796,1.000000
test_08797,0.999718
test_08798,0.999998
test_08799,1.000000
test_08800,0.957888
test_08801,1.000000
test_08802,0.999982
test_08803,1.000000
test_08804,0.000025
test_08805,1.000000
test_08806,1.000000
test_08807,0.000030
test_08808,1.000000
test_08809,0.986638
test_08810,0.000011
test_08811,0.999999
test_08812,0.006029
test_08813,0.925178
test_08814,0.000000
test_08815,0.000001
test_08816,0.000088
test_08817,1.000000
test_08818,0.000006
test_08819,0.999993
test_08820,1.000000
test_08821,0.000001
test_08822,1.000000
test_08823,0.567562
test_08824,0.000002
test_08825,1.000000
test_08826,0.000005
test_08827,0.999905
test_08828,1.000000
test_08829,0.026231
test_08830,0.999989
test_08831,0.014595
test_08832,0.000002
test_08833,0.999991
test_08834,0.999919
test_08835,0.999999
test_08836,0.001150
test_08837,0.999943
test_08838,0.999984
test_08839,1.000000
test_08840,0.999997
test_08841,0.999726
test_08842,0.000030
test_08843,1.000000
test_08844,0.000003
test_08845,0.000019
test_08846,0.999999
test_08847,0.999908
test_08848,0.000100
test_08849,0.000023
test_08850,0.999997
test_08851,0.000042
test_08852,0.000021
test_08853,0.999995
test_08854,0.143497
test_08855,0.998930
test_08856,0.145418
test_08857,1.000000
test_08858,1.000000
test_08859,0.000000
test_08860,0.999241
test_08861,1.000000
test_08862,0.000005
test_08863,0.000016
test_08864,0.414396
test_08865,0.001381
test_08866,0.994223
test_08867,0.999492
test_08868,0.620722
test_08869,0.999606
test_08870,0.999998
test_08871,0.999652
test_08872,0.001123
test_08873,0.999999
test_08874,0.000001
test_08875,0.999994
test_08876,1.000000
test_08877,0.999113
test_08878,0.957487
test_08879,0.991135
test_08880,0.999767
test_08881,0.999979
test_08882,0.000007
test_08883,0.000014
test_08884,0.999995
test_08885,0.000357
test_08886,0.000002
test_08887,0.000007
test_08888,0.055235
test_08889,1.000000
test_08890,0.156187
test_08891,0.000021
test_08892,0.596330
test_08893,0.000001
test_08894,0.999993
test_08895,0.000210
test_08896,1.000000
test_08897,0.094363
test_08898,0.944482
test_08899,0.000000
test_08900,1.000000
test_08901,1.000000
test_08902,0.999993
test_08903,0.999036
test_08904,0.999998
test_08905,0.999997
test_08906,0.999978
test_08907,1.000000
test_08908,1.000000
test_08909,0.720680
test_08910,0.000001
test_08911,1.000000
test_08912,0.000000
test_08913,0.000000
test_08914,0.000203
test_08915,0.999991
test_08916,0.999997
test_08917,0.999997
test_08918,0.999999
test_08919,1.000000
test_08920,0.000101
test_08921,0.999996
test_08922,0.000077
test_08923,0.999998
test_08924,1.000000
test_08925,0.999999
test_08926,0.000002
test_08927,0.000269
test_08928,0.000019
test_08929,0.999955
test_08930,0.998743
test_08931,0.999725
test_08932,0.000051
test_08933,0.997977
test_08934,0.997257
test_08935,1.000000
test_08936,0.999991
test_08937,0.999875
test_08938,0.985715
test_08939,0.958351
test_08940,0.000004
test_08941,0.999368
test_08942,0.997616
test_08943,1.000000
test_08944,0.990277
test_08945,0.999996
test_08946,0.000536
test_08947,0.999999
test_08948,0.999992
test_08949,0.000872
test_08950,0.000001
test_08951,1.000000
test_08952,0.998536
test_08953,0.999991
test_08954,0.999997
test_08955,0.999999
test_08956,0.999813
test_08957,0.000193
test_08958,0.000016
test_08959,0.000765
test_08960,0.889112
test_08961,0.000004
test_08962,0.000024
test_08963,0.049039
test_08964,0.000001
test_08965,0.000001
test_08966,0.999876
test_08967,0.000001
test_08968,1.000000
test_08969,0.004958
test_08970,1.000000
test_08971,0.000000
test_08972,0.000001
test_08973,1.000000
test_08974,0.000369
test_08975,0.000029
test_08976,0.000032
test_08977,0.999997
test_08978,0.790263
test_08979,0.999997
test_08980,0.999994
test_08981,0.999532
test_08982,0.993148
test_08983,0.999999
test_08984,0.760248
test_08985,0.000001
test_08986,0.999998
test_08987,0.000000
test_08988,0.006848
test_08989,0.999998
test_08990,0.000000
test_08991,0.000000
test_08992,0.000028
test_08993,0.999998
test_08994,1.000000
test_08995,0.000007
test_08996,1.000000
test_08997,0.999999
test_08998,0.927417
test_08999,0.997582
test_09000,1.000000
test_09001,1.000000
test_09002,0.190397
test_09003,0.999967
test_09004,0.000584
test_09005,0.985043
test_09006,0.999999
test_09007,0.644578
test_09008,0.029612
test_09009,0.997262
test_09010,1.000000
test_09011,0.000000
test_09012,1.000000
test_09013,1.000000
test_09014,0.000003
test_09015,1.000000
test_09016,1.000000
test_09017,1.000000
test_09018,1.000000
test_09019,1.000000
test_09020,0.002429
test_09021,0.998393
test_09022,1.000000
test_09023,0.000010
test_09024,0.989724
test_09025,1.000000
test_09026,1.000000
test_09027,0.999585
test_09028,0.001622
test_09029,0.000000
test_09030,0.999999
test_09031,0.000001
test_09032,1.000000
test_09033,0.913659
test_09034,0.000048
test_09035,0.001213
test_09036,0.000001
test_09037,0.000004
test_09038,0.000000
test_09039,0.000004
test_09040,0.999997
test_09041,0.000058
test_09042,0.999998
test_09043,0.003557
test_09044,0.009215
test_09045,0.000010
test_09046,0.999999
test_09047,0.999830
test_09048,0.001391
test_09049,1.000000
test_09050,0.000001
test_09051,0.999997
test_09052,0.999997
test_09053,0.999991
test_09054,0.940337
test_09055,0.000136
test_09056,0.000000
test_09057,0.000158
test_09058,0.999833
test_09059,0.000565
test_09060,0.999902
test_09061,0.000007
test_09062,0.407300
test_09063,1.000000
test_09064,0.000010
test_09065,1.000000
test_09066,0.041497
test_09067,1.000000
test_09068,0.000016
test_09069,0.000050
test_09070,0.000049
test_09071,0.035826
test_09072,1.000000
test_09073,0.999999
test_09074,0.999470
test_09075,0.953119
test_09076,0.000052
test_09077,1.000000
test_09078,1.000000
test_09079,1.000000
test_09080,0.999998
test_09081,0.998205
test_09082,0.000001
test_09083,1.000000
test_09084,0.000000
test_09085,0.999999
test_09086,0.999999
test_09087,0.000000
test_09088,0.000002
test_09089,1.000000
test_09090,1.000000
test_09091,0.000001
test_09092,0.000005
test_09093,0.000010
test_09094,1.000000
test_09095,1.000000
test_09096,0.000001
test_09097,0.143523
test_09098,1.000000
test_09099,0.000035
test_09100,0.314905
test_09101,0.864443
test_09102,0.000007
test_09103,0.000001
test_09104,0.999998
test_09105,0.173073
test_09106,0.999641
test_09107,0.000002
test_09108,0.999998
test_09109,0.034036
test_09110,0.999999
test_09111,1.000000
test_09112,0.996523
test_09113,1.000000
test_09114,0.000002
test_09115,0.000109
test_09116,1.000000
test_09117,0.000000
test_09118,1.000000
test_09119,0.075577
test_09120,0.999999
test_09121,1.000000
test_09122,1.000000
test_09123,0.000001
test_09124,0.999998
test_09125,1.000000
test_09126,0.000008
test_09127,1.000000
test_09128,0.002940
test_09129,0.000007
test_09130,0.087265
test_09131,0.000114
test_09132,0.000004
test_09133,0.001161
test_09134,0.000147
test_09135,0.999922
test_09136,1.000000
test_09137,1.000000
test_09138,1.000000
test_09139,0.221437
test_09140,1.000000
test_09141,0.011050
test_09142,0.000000
test_09143,0.000004
test_09144,0.997661
test_09145,1.000000
test_09146,0.586243
test_09147,0.999600
test_09148,0.000179
test_09149,0.994960
test_09150,0.040226
test_09151,0.000029
test_09152,0.000000
test_09153,0.999914
test_09154,0.073703
test_09155,0.669523
test_09156,0.002271
test_09157,0.000000
test_09158,0.032014
test_09159,0.979617
test_09160,1.000000
test_09161,0.999959
test_09162,0.001028
test_09163,1.000000
test_09164,0.000148
test_09165,0.000002
test_09166,0.985904
test_09167,0.000004
test_09168,1.000000
test_09169,0.986739
test_09170,0.999541
test_09171,0.000439
test_09172,1.000000
test_09173,0.999998
test_09174,0.000093
test_09175,0.000001
test_09176,0.000005
test_09177,1.000000
test_09178,0.996207
test_09179,0.000002
test_09180,0.004964
test_09181,0.000000
test_09182,1.000000
test_09183,0.000001
test_09184,0.000069
test_09185,0.000010
test_09186,0.212174
test_09187,0.999999
test_09188,0.285869
test_09189,0.026581
test_09190,0.999162
test_09191,0.999889
test_09192,0.000000
test_09193,1.000000
test_09194,0.000004
test_09195,0.999990
test_09196,1.000000
test_09197,0.002767
test_09198,0.000002
test_09199,0.999997
test_09200,0.000007
test_09201,0.000080
test_09202,0.938959
test_09203,0.999752
test_09204,1.000000
test_09205,0.113659
test_09206,0.999964
test_09207,0.000003
test_09208,0.023228
test_09209,0.000000
test_09210,0.998520
test_09211,0.401188
test_09212,0.000000
test_09213,0.999999
test_09214,0.999963
test_09215,0.995162
test_09216,0.000005
test_09217,0.999943
test_09218,1.000000
test_09219,1.000000
test_09220,0.999976
test_09221,0.998588
test_09222,0.000235
test_09223,0.999788
test_09224,0.999790
test_09225,1.000000
test_09226,1.000000
test_09227,0.000000
test_09228,0.000638
test_09229,0.000002
test_09230,0.999997
test_09231,0.526996
test_09232,0.000036
test_09233,0.000002
test_09234,0.999999
test_09235,0.000000
test_09236,0.000000
test_09237,1.000000
test_09238,1.000000
test_09239,0.737671
test_09240,0.000006
test_09241,0.963970
test_09242,0.999999
test_09243,0.006988
test_09244,0.942625
test_09245,1.000000
test_09246,0.999998
test_09247,0.974814
test_09248,1.000000
test_09249,1.000000
test_09250,0.000002
test_09251,0.000040
test_09252,0.000003
test_09253,0.999995
test_09254,0.998220
test_09255,0.999996
test_09256,1.000000
test_09257,0.000000
test_09258,0.098478
test_09259,1.000000
test_09260,0.000021
test_09261,0.001822
test_09262,0.999749
test_09263,0.000352
test_09264,0.462553
test_09265,0.997438
test_09266,0.982451
test_09267,1.000000
test_09268,1.000000
test_09269,0.003468
test_09270,0.000021
test_09271,1.000000
test_09272,0.999701
test_09273,1.000000
test_09274,0.087558
test_09275,0.000000
test_09276,0.545117
test_09277,0.997286
test_09278,0.000047
test_09279,0.000247
test_09280,0.000500
test_09281,0.995081
test_09282,0.000000
test_09283,0.000011
test_09284,1.000000
test_09285,0.000764
test_09286,0.000000
test_09287,0.999996
test_09288,0.999228
test_09289,0.991726
test_09290,0.000000
test_09291,0.999978
test_09292,0.674680
test_09293,0.000001
test_09294,0.000001
test_09295,0.000000
test_09296,0.000011
test_09297,0.998985
test_09298,0.000162
test_09299,0.000047
test_09300,0.000002
test_09301,0.000000
test_09302,0.008669
test_09303,0.163556
test_09304,0.134205
test_09305,0.999958
test_09306,0.000000
test_09307,0.000053
test_09308,0.000016
test_09309,0.999999
test_09310,0.999306
test_09311,0.032133
test_09312,0.998924
test_09313,0.059748
test_09314,0.000002
test_09315,0.000016
test_09316,0.988118
test_09317,1.000000
test_09318,0.999996
test_09319,0.992028
test_09320,0.985745
test_09321,0.653109
test_09322,1.000000
test_09323,0.999979
test_09324,0.999989
test_09325,1.000000
test_09326,0.999981
test_09327,0.000018
test_09328,0.470093
test_09329,0.000031
test_09330,0.000032
test_09331,0.999997
test_09332,0.000000
test_09333,0.990075
test_09334,1.000000
test_09335,0.985749
test_09336,0.000000
test_09337,0.543537
test_09338,0.166185
test_09339,0.000003
test_09340,0.052127
test_09341,0.000001
test_09342,0.999920
test_09343,0.000000
test_09344,0.999998
test_09345,0.999355
test_09346,0.588570
test_09347,0.000000
test_09348,0.999780
test_09349,0.023469
test_09350,0.999925
test_09351,1.000000
test_09352,0.000140
test_09353,0.001733
test_09354,1.000000
test_09355,1.000000
test_09356,0.999962
test_09357,0.999998
test_09358,0.044559
test_09359,0.000008
test_09360,0.000714
test_09361,0.364325
test_09362,0.000040
test_09363,0.999281
test_09364,0.000006
test_09365,0.654091
test_09366,0.999982
test_09367,0.999971
test_09368,0.000000
test_09369,0.000141
test_09370,0.942371
test_09371,0.000000
test_09372,1.000000
test_09373,0.000001
test_09374,1.000000
test_09375,0.000008
test_09376,0.000876
test_09377,0.000042
test_09378,0.999904
test_09379,1.000000
test_09380,0.000081
test_09381,0.999997
test_09382,0.999771
test_09383,0.953192
test_09384,0.000004
test_09385,0.958727
test_09386,1.000000
test_09387,0.999996
test_09388,0.999999
test_09389,0.842689
test_09390,0.999890
test_09391,0.000003
test_09392,0.405454
test_09393,0.150227
test_09394,0.999987
test_09395,0.023341
test_09396,0.999991
test_09397,0.000002
test_09398,0.999998
test_09399,0.000008
test_09400,0.999981
test_09401,0.999993
test_09402,0.755731
test_09403,0.656585
test_09404,0.999997
test_09405,0.001877
test_09406,0.999999
test_09407,0.743127
test_09408,0.000053
test_09409,0.000858
test_09410,0.964142
test_09411,1.000000
test_09412,0.999989
test_09413,0.339841
test_09414,0.000000
test_09415,1.000000
test_09416,1.000000
test_09417,0.000000
test_09418,0.999999
test_09419,0.275690
test_09420,0.999980
test_09421,0.000002
test_09422,0.000004
test_09423,0.000023
test_09424,0.999913
test_09425,0.000012
test_09426,0.000069
test_09427,0.000000
test_09428,0.000578
test_09429,0.638226
test_09430,0.999999
test_09431,0.999999
test_09432,0.000003
test_09433,0.998854
test_09434,1.000000
test_09435,0.999868
test_09436,0.988244
test_09437,0.000016
test_09438,0.995076
test_09439,0.000009
test_09440,0.996543
test_09441,0.001896
test_09442,0.000001
test_09443,0.999996
test_09444,0.998094
test_09445,0.008097
test_09446,0.006020
test_09447,0.923851
test_09448,0.998999
test_09449,0.999937
test_09450,1.000000
test_09451,0.001070
test_09452,1.000000
test_09453,1.000000
test_09454,0.979614
test_09455,1.000000
test_09456,0.999998
test_09457,0.000003
test_09458,0.000001
test_09459,0.999902
test_09460,0.999815
test_09461,0.999997
test_09462,0.003205
test_09463,0.000001
test_09464,0.543975
test_09465,0.999994
test_09466,0.000000
test_09467,0.999998
test_09468,0.011920
test_09469,0.005884
test_09470,0.999999
test_09471,0.081900
test_09472,0.999838
test_09473,0.000000
test_09474,0.999926
test_09475,0.999998
test_09476,0.558068
test_09477,0.998092
test_09478,0.000000
test_09479,0.997951
test_09480,0.000049
test_09481,0.000001
test_09482,0.000014
test_09483,0.992382
test_09484,0.000036
test_09485,0.000001
test_09486,0.194590
test_09487,1.000000
test_09488,0.000001
test_09489,0.999998
test_09490,0.000001
test_09491,0.000129
test_09492,0.999999
test_09493,0.000365
test_09494,0.984607
test_09495,0.000004
test_09496,0.000002
test_09497,0.000000
test_09498,1.000000
test_09499,0.904119
test_09500,0.999728
test_09501,1.000000
test_09502,0.000001
test_09503,0.999974
test_09504,0.000102
test_09505,1.000000
test_09506,0.969348
test_09507,1.000000
test_09508,1.000000
test_09509,0.000058
test_09510,0.006677
test_09511,0.000000
test_09512,0.000000
test_09513,0.001719
test_09514,1.000000
test_09515,0.000047
test_09516,0.003137
test_09517,1.000000
test_09518,0.000017
test_09519,1.000000
test_09520,0.513449
test_09521,1.000000
test_09522,0.291799
test_09523,0.000000
test_09524,0.999991
test_09525,1.000000
test_09526,0.999999
test_09527,0.113059
test_09528,0.000000
test_09529,0.998505
test_09530,0.999665
test_09531,0.000005
test_09532,0.000002
test_09533,1.000000
test_09534,0.999999
test_09535,0.000015
test_09536,0.000000
test_09537,0.722910
test_09538,0.000172
test_09539,0.999985
test_09540,0.984911
test_09541,0.000005
test_09542,0.000002
test_09543,0.999961
test_09544,0.997588
test_09545,1.000000
test_09546,0.004310
test_09547,0.000000
test_09548,0.000002
test_09549,0.006032
test_09550,0.000000
test_09551,0.002868
test_09552,0.998330
test_09553,0.000000
test_09554,0.000001
test_09555,0.000001
test_09556,0.185442
test_09557,0.002772
test_09558,0.003283
test_09559,1.000000
test_09560,0.268556
test_09561,0.000022
test_09562,1.000000
test_09563,0.841265
test_09564,1.000000
test_09565,1.000000
test_09566,0.000005
test_09567,1.000000
test_09568,1.000000
test_09569,0.000006
test_09570,0.000000
test_09571,0.004899
test_09572,0.000007
test_09573,0.719192
test_09574,1.000000
test_09575,0.006174
test_09576,0.000000
test_09577,0.000000
test_09578,0.000004
test_09579,0.999997
test_09580,0.000003
test_09581,0.025239
test_09582,0.999994
test_09583,0.000015
test_09584,1.000000
test_09585,0.754143
test_09586,0.998623
test_09587,0.001919
test_09588,1.000000
test_09589,0.999867
test_09590,1.000000
test_09591,1.000000
test_09592,0.159413
test_09593,0.008492
test_09594,0.999999
test_09595,0.995323
test_09596,1.000000
test_09597,0.999972
test_09598,0.995264
test_09599,0.000001
test_09600,0.000065
test_09601,0.999695
test_09602,0.000099
test_09603,0.000036
test_09604,0.000002
test_09605,0.999992
test_09606,0.999950
test_09607,0.000010
test_09608,0.000012
test_09609,1.000000
test_09610,1.000000
test_09611,0.983194
test_09612,0.999996
test_09613,0.000031
test_09614,0.000001
test_09615,0.000088
test_09616,0.000001
test_09617,0.996446
test_09618,0.005865
test_09619,0.000007
test_09620,0.091569
test_09621,0.999942
test_09622,0.000003
test_09623,0.999681
test_09624,0.000718
test_09625,0.000652
test_09626,1.000000
test_09627,0.001824
test_09628,0.000003
test_09629,1.000000
test_09630,0.999999
test_09631,0.000000
test_09632,0.000014
test_09633,0.970133
test_09634,0.865070
test_09635,0.011272
test_09636,0.000000
test_09637,0.704668
test_09638,0.000004
test_09639,0.999997
test_09640,0.215441
test_09641,0.000011
test_09642,0.999999
test_09643,0.636829
test_09644,0.000718
test_09645,0.061696
test_09646,0.000002
test_09647,0.000005
test_09648,0.046514
test_09649,0.000000
test_09650,0.000009
test_09651,0.064448
test_09652,0.178478
test_09653,1.000000
test_09654,0.000002
test_09655,0.999966
test_09656,1.000000
test_09657,0.000015
test_09658,0.000000
test_09659,0.999996
test_09660,0.999934
test_09661,0.999971
test_09662,0.000006
test_09663,1.000000
test_09664,0.999635
test_09665,0.000017
test_09666,0.999535
test_09667,0.000000
test_09668,0.000003
test_09669,0.999951
test_09670,0.000344
test_09671,0.000000
test_09672,0.999976
test_09673,0.000002
test_09674,0.506921
test_09675,0.000001
test_09676,1.000000
test_09677,0.000213
test_09678,1.000000
test_09679,0.985593
test_09680,1.000000
test_09681,0.999951
test_09682,0.000000
test_09683,0.000224
test_09684,0.987701
test_09685,0.001491
test_09686,0.000000
test_09687,0.000286
test_09688,0.997820
test_09689,0.999998
test_09690,1.000000
test_09691,0.999992
test_09692,0.993546
test_09693,0.000153
test_09694,0.625177
test_09695,0.000000
test_09696,0.000264
test_09697,0.999995
test_09698,0.999998
test_09699,0.856213
test_09700,0.999997
test_09701,0.000061
test_09702,0.999999
test_09703,0.993318
test_09704,0.999996
test_09705,0.999997
test_09706,0.999994
test_09707,0.471188
test_09708,0.000004
test_09709,0.470695
test_09710,0.000028
test_09711,0.000000
test_09712,0.000004
test_09713,1.000000
test_09714,0.993510
test_09715,0.000003
test_09716,0.938882
test_09717,0.999996
test_09718,0.999442
test_09719,0.154261
test_09720,0.000014
test_09721,0.000016
test_09722,0.001446
test_09723,0.515003
test_09724,0.000246
test_09725,1.000000
test_09726,0.003039
test_09727,0.992268
test_09728,0.000000
test_09729,0.057131
test_09730,0.999997
test_09731,0.000008
test_09732,0.875338
test_09733,0.002291
test_09734,0.000000
test_09735,0.153852
test_09736,0.000058
test_09737,1.000000
test_09738,0.000023
test_09739,0.003950
test_09740,0.000006
test_09741,0.985431
test_09742,0.000000
test_09743,1.000000
test_09744,0.999998
test_09745,0.015488
test_09746,1.000000
test_09747,1.000000
test_09748,0.024736
test_09749,1.000000
test_09750,1.000000
test_09751,0.999994
test_09752,0.991072
test_09753,0.999999
test_09754,0.000001
test_09755,0.597414
test_09756,0.999971
test_09757,0.002834
test_09758,0.462980
test_09759,0.999967
test_09760,0.021343
test_09761,0.000191
test_09762,0.000438
test_09763,1.000000
test_09764,0.002235
test_09765,0.000000
test_09766,0.000105
test_09767,0.000000
test_09768,0.999996
test_09769,0.000001
test_09770,0.000001
test_09771,0.814176
test_09772,1.000000
test_09773,1.000000
test_09774,0.000528
test_09775,0.000000
test_09776,0.982891
test_09777,0.999961
test_09778,0.994049
test_09779,1.000000
test_09780,0.000000
test_09781,0.000001
test_09782,0.999998
test_09783,1.000000
test_09784,0.010734
test_09785,1.000000
test_09786,0.000000
test_09787,0.999998
test_09788,0.895869
test_09789,0.004580
test_09790,0.000001
test_09791,1.000000
test_09792,0.000040
test_09793,1.000000
test_09794,0.000000
test_09795,0.000012
test_09796,0.000003
test_09797,0.000052
test_09798,1.000000
test_09799,0.999995
test_09800,0.999303
test_09801,0.000000
test_09802,0.999965
test_09803,0.999992
test_09804,1.000000
test_09805,0.999792
test_09806,0.656566
test_09807,1.000000
test_09808,1.000000
test_09809,0.000002
test_09810,0.999999
test_09811,0.000352
test_09812,0.116575
test_09813,0.000003
test_09814,0.999999
test_09815,0.000000
test_09816,0.200214
test_09817,0.000083
test_09818,1.000000
test_09819,0.999999
test_09820,0.999999
test_09821,0.000001
test_09822,1.000000
test_09823,0.863908
test_09824,1.000000
test_09825,1.000000
test_09826,1.000000
test_09827,0.429952
test_09828,0.999999
test_09829,0.830998
test_09830,0.999998
test_09831,1.000000
test_09832,0.999997
test_09833,1.000000
test_09834,0.999968
test_09835,0.000001
test_09836,0.999983
test_09837,1.000000
test_09838,0.999518
test_09839,1.000000
test_09840,0.000543
test_09841,0.999999
test_09842,0.000005
test_09843,0.000003
test_09844,0.000015
test_09845,0.998608
test_09846,0.999768
test_09847,0.001253
test_09848,0.020764
test_09849,1.000000
test_09850,0.999936
test_09851,0.976258
test_09852,0.999863
test_09853,0.999998
test_09854,0.365762
test_09855,0.000000
test_09856,0.001204
test_09857,0.999999
test_09858,0.986484
test_09859,0.000000
test_09860,0.880595
test_09861,1.000000
test_09862,0.184951
test_09863,0.999999
test_09864,1.000000
test_09865,0.000976
test_09866,0.501057
test_09867,0.000026
test_09868,0.999442
test_09869,0.999999
test_09870,0.000053
test_09871,0.000002
test_09872,0.081401
test_09873,1.000000
test_09874,0.000089
test_09875,1.000000
test_09876,0.999998
test_09877,0.004453
test_09878,0.000004
test_09879,0.000014
test_09880,0.000009
test_09881,1.000000
test_09882,0.000215
test_09883,0.001897
test_09884,0.011570
test_09885,0.999983
test_09886,0.999124
test_09887,0.000034
test_09888,0.000083
test_09889,0.999976
test_09890,0.000001
test_09891,0.000000
test_09892,0.993917
test_09893,0.000005
test_09894,0.192229
test_09895,0.000001
test_09896,0.000401
test_09897,1.000000
test_09898,0.999999
test_09899,1.000000
test_09900,0.000221
test_09901,0.000000
test_09902,0.999921
test_09903,0.000001
test_09904,0.000000
test_09905,0.999999
test_09906,0.245248
test_09907,0.999998
test_09908,0.000000
test_09909,0.000444
test_09910,0.000022
test_09911,0.999986
test_09912,0.000112
test_09913,0.175748
test_09914,0.000014
test_09915,0.000003
test_09916,0.999934
test_09917,0.000002
test_09918,0.981831
test_09919,0.000007
test_09920,0.616961
test_09921,0.999999
test_09922,0.000010
test_09923,0.000439
test_09924,0.998076
test_09925,1.000000
test_09926,0.999997
test_09927,0.000026
test_09928,0.000002
test_09929,1.000000
test_09930,1.000000
test_09931,0.000187
test_09932,0.092532
test_09933,0.999974
test_09934,0.000001
test_09935,0.385612
test_09936,1.000000
test_09937,0.998936
test_09938,0.999961
test_09939,0.999847
test_09940,0.999989
test_09941,1.000000
test_09942,0.011465
test_09943,0.999953
test_09944,0.003269
test_09945,0.999690
test_09946,0.000002
test_09947,1.000000
test_09948,0.999998
test_09949,0.000003
test_09950,0.000000
test_09951,0.999997
test_09952,0.000261
test_09953,0.000000
test_09954,0.928629
test_09955,0.000018
test_09956,1.000000
test_09957,0.000000
test_09958,0.999994
test_09959,0.812784
test_09960,0.999983
test_09961,0.000558
test_09962,0.999999
test_09963,1.000000
test_09964,0.014307
test_09965,0.000000
test_09966,1.000000
test_09967,0.000000
test_09968,0.000110
test_09969,0.999097
test_09970,0.000001
test_09971,0.000000
test_09972,0.999991
test_09973,0.987206
test_09974,0.999991
test_09975,0.000001
test_09976,1.000000
test_09977,0.000000
test_09978,0.470495
test_09979,0.999707
test_09980,0.000044
test_09981,0.999799
test_09982,1.000000
test_09983,0.996456
test_09984,0.000001
test_09985,0.000005
test_09986,0.999998
test_09987,0.000001
test_09988,1.000000
test_09989,0.999835
test_09990,0.930731
test_09991,0.999998
test_09992,0.000001
test_09993,0.000001
test_09994,1.000000
test_09995,1.000000
test_09996,1.000000
test_09997,0.999995
test_09998,0.998852
test_09999,1.000000
test_10000,0.999793
test_10001,1.000000
test_10002,1.000000
test_10003,1.000000
test_10004,1.000000
test_10005,0.000009
test_10006,0.953919
test_10007,0.999694
test_10008,0.992687
test_10009,0.000001
test_10010,1.000000
test_10011,0.999992
test_10012,0.000000
test_10013,0.000000
test_10014,0.000001
test_10015,0.330846
test_10016,0.999905
test_10017,0.999990
test_10018,0.999999
test_10019,0.004784
test_10020,0.000003
test_10021,0.000002
test_10022,0.000000
test_10023,0.000000
test_10024,1.000000
test_10025,0.000000
test_10026,0.999992
test_10027,0.000002
test_10028,0.000001
test_10029,1.000000
test_10030,0.999999
test_10031,0.000048
test_10032,0.000040
test_10033,0.003525
test_10034,0.999972
test_10035,0.060149
test_10036,0.000001
test_10037,1.000000
test_10038,1.000000
test_10039,0.999983
test_10040,0.999990
test_10041,0.999999
test_10042,0.000007
test_10043,0.937233
test_10044,0.675463
test_10045,0.985961
test_10046,1.000000
test_10047,0.044824
test_10048,0.003891
test_10049,0.999990
test_10050,1.000000
test_10051,0.234005
test_10052,0.999999
test_10053,0.000045
test_10054,0.999990
test_10055,0.000001
test_10056,0.999819
test_10057,0.999995
test_10058,0.996541
test_10059,1.000000
test_10060,0.232100
test_10061,0.147386
test_10062,0.000000
test_10063,0.999990
test_10064,0.000001
test_10065,0.111288
test_10066,0.999984
test_10067,0.999962
test_10068,0.999995
test_10069,0.005176
test_10070,0.000488
test_10071,0.999979
test_10072,0.000529
test_10073,0.321552
test_10074,0.000002
test_10075,0.999991
test_10076,0.000000
test_10077,0.046436
test_10078,0.000000
test_10079,1.000000
test_10080,0.000027
test_10081,0.006955
test_10082,1.000000
test_10083,1.000000
test_10084,0.999988
test_10085,0.000012
test_10086,1.000000
test_10087,1.000000
test_10088,0.999993
test_10089,0.007975
test_10090,1.000000
test_10091,0.931723
test_10092,0.924226
test_10093,0.999938
test_10094,0.001399
test_10095,0.999991
test_10096,0.000339
test_10097,0.999999
test_10098,0.000016
test_10099,0.003909
test_10100,1.000000
test_10101,0.999789
test_10102,0.002279
test_10103,0.001063
test_10104,0.999658
test_10105,1.000000
test_10106,0.000003
test_10107,0.000001
test_10108,0.999998
test_10109,0.000011
test_10110,0.000000
test_10111,0.535241
test_10112,0.000009
test_10113,0.999998
test_10114,0.996267
test_10115,0.000005
test_10116,0.000000
test_10117,0.015060
test_10118,0.998132
test_10119,0.999972
test_10120,0.593553
test_10121,0.999999
test_10122,0.000000
test_10123,0.017496
test_10124,0.995807
test_10125,0.000044
test_10126,0.000011
test_10127,0.000001
test_10128,0.000028
test_10129,1.000000
test_10130,0.943232
test_10131,0.000000
test_10132,0.000000
test_10133,0.000230
test_10134,0.014494
test_10135,0.000001
test_10136,0.000042
test_10137,0.000004
test_10138,1.000000
test_10139,0.076078
test_10140,0.000000
test_10141,0.000184
test_10142,0.000001
test_10143,0.000071
test_10144,0.851061
test_10145,0.000877
test_10146,0.000119
test_10147,1.000000
test_10148,1.000000
test_10149,0.000045
test_10150,0.999995
test_10151,0.000000
test_10152,0.006972
test_10153,0.999999
test_10154,1.000000
test_10155,0.000018
test_10156,1.000000
test_10157,0.939920
test_10158,0.000000
test_10159,0.566541
test_10160,0.773130
test_10161,0.989035
test_10162,0.998371
test_10163,1.000000
test_10164,0.000000
test_10165,0.000005
test_10166,0.999986
test_10167,0.999999
test_10168,0.792763
test_10169,1.000000
test_10170,0.423605
test_10171,0.000000
test_10172,0.000234
test_10173,1.000000
test_10174,1.000000
test_10175,0.899809
test_10176,0.000000
test_10177,0.000020
test_10178,0.000144
test_10179,0.000001
test_10180,0.393346
test_10181,0.000001
test_10182,1.000000
test_10183,0.000001
test_10184,0.000063
test_10185,0.999997
test_10186,0.000000
test_10187,1.000000
test_10188,1.000000
test_10189,0.999888
test_10190,1.000000
test_10191,0.026062
test_10192,0.000000
test_10193,0.008815
test_10194,0.919842
test_10195,0.999853
test_10196,0.000031
test_10197,1.000000
test_10198,0.000064
test_10199,0.000000
test_10200,0.009669
test_10201,0.000003
test_10202,0.993386
test_10203,0.999937
test_10204,0.000022
test_10205,0.002907
test_10206,0.999997
test_10207,0.000000
test_10208,1.000000
test_10209,0.999993
test_10210,1.000000
test_10211,0.971195
test_10212,1.000000
test_10213,0.000002
test_10214,0.979270
test_10215,0.998509
test_10216,0.999978
test_10217,0.000420
test_10218,1.000000
test_10219,0.081117
test_10220,0.062922
test_10221,0.002984
test_10222,1.000000
test_10223,0.995189
test_10224,0.073207
test_10225,0.000166
test_10226,0.000003
test_10227,0.000179
test_10228,0.000783
test_10229,0.005562
test_10230,0.032328
test_10231,1.000000
test_10232,0.999996
test_10233,0.999995
test_10234,0.000000
test_10235,0.617513
test_10236,0.891770
test_10237,0.999999
test_10238,0.000001
test_10239,0.993665
test_10240,1.000000
test_10241,0.000015
test_10242,1.000000
test_10243,0.999999
test_10244,0.000115
test_10245,0.849379
test_10246,0.999999
test_10247,0.894400
test_10248,0.999998
test_10249,0.004838
test_10250,0.999673
test_10251,0.996386
test_10252,0.014711
test_10253,0.999931
test_10254,0.000005
test_10255,0.000076
test_10256,0.999989
test_10257,0.000002
test_10258,0.870480
test_10259,0.018072
test_10260,0.999973
test_10261,0.999998
test_10262,0.000112
test_10263,0.999998
test_10264,0.999918
test_10265,0.000000
test_10266,0.000031
test_10267,1.000000
test_10268,1.000000
test_10269,0.010834
test_10270,0.000004
test_10271,0.000002
test_10272,0.000017
test_10273,0.621444
test_10274,0.999296
test_10275,1.000000
test_10276,0.999999
test_10277,0.999999
test_10278,0.999994
test_10279,0.999166
test_10280,0.481381
test_10281,0.000001
test_10282,0.000007
test_10283,0.000003
test_10284,0.999565
test_10285,0.999680
test_10286,0.000022
test_10287,0.012060
test_10288,1.000000
test_10289,0.212611
test_10290,0.999994
test_10291,0.996648
test_10292,0.999898
test_10293,0.999978
test_10294,0.981439
test_10295,0.990592
test_10296,1.000000
test_10297,0.018730
test_10298,0.000000
test_10299,0.000002
test_10300,0.907552
test_10301,0.000005
test_10302,0.999997
test_10303,0.999997
test_10304,1.000000
test_10305,0.978668
test_10306,0.000002
test_10307,0.000009
test_10308,0.000014
test_10309,0.022110
test_10310,0.000008
test_10311,0.681063
test_10312,0.000000
test_10313,0.000002
test_10314,1.000000
test_10315,0.000001
test_10316,0.999999
test_10317,0.002614
test_10318,1.000000
test_10319,0.040334
test_10320,1.000000
test_10321,0.995162
test_10322,0.000000
test_10323,0.000110
test_10324,0.000005
test_10325,0.999999
test_10326,0.995784
test_10327,1.000000
test_10328,0.000128
test_10329,1.000000
test_10330,0.000008
test_10331,0.245691
test_10332,0.897997
test_10333,1.000000
test_10334,0.000002
test_10335,0.000000
test_10336,0.995070
test_10337,0.000005
test_10338,1.000000
test_10339,0.979427
test_10340,1.000000
test_10341,0.000509
test_10342,0.999940
test_10343,0.760730
test_10344,1.000000
test_10345,0.004555
test_10346,1.000000
test_10347,0.999962
test_10348,1.000000
test_10349,0.000008
test_10350,0.057217
test_10351,0.000002
test_10352,0.000004
test_10353,0.000064
test_10354,1.000000
test_10355,0.989233
test_10356,0.000003
test_10357,0.002961
test_10358,1.000000
test_10359,0.000531
test_10360,0.352431
test_10361,0.999999
test_10362,1.000000
test_10363,0.999996
test_10364,0.999884
test_10365,0.000002
test_10366,0.967156
test_10367,0.104337
test_10368,0.000006
test_10369,0.998346
test_10370,0.995174
test_10371,1.000000
test_10372,0.000005
test_10373,0.999999
test_10374,0.000000
test_10375,0.889971
test_10376,0.962784
test_10377,0.000011
test_10378,0.000003
test_10379,0.000014
test_10380,0.998520
test_10381,0.990381
test_10382,1.000000
test_10383,0.999983
test_10384,0.000002
test_10385,0.000001
test_10386,0.999999
test_10387,0.999999
test_10388,0.000024
test_10389,0.000007
test_10390,0.000005
test_10391,0.024528
test_10392,0.000000
test_10393,0.000000
test_10394,0.000002
test_10395,0.999987
test_10396,0.000127
test_10397,0.000007
test_10398,0.693806
test_10399,0.000001
test_10400,1.000000
test_10401,0.588621
test_10402,0.000065
test_10403,0.000003
test_10404,0.000809
test_10405,0.851651
test_10406,1.000000
test_10407,0.999999
test_10408,0.999993
test_10409,0.000000
test_10410,0.000000
test_10411,0.996894
test_10412,0.000101
test_10413,0.000229
test_10414,0.000080
test_10415,1.000000
test_10416,0.018656
test_10417,1.000000
test_10418,0.999995
test_10419,0.999991
test_10420,0.798860
test_10421,1.000000
test_10422,0.000027
test_10423,1.000000
test_10424,0.999998
test_10425,0.236335
test_10426,1.000000
test_10427,1.000000
test_10428,0.001696
test_10429,0.000029
test_10430,0.000001
test_10431,0.000493
test_10432,0.000019
test_10433,1.000000
test_10434,1.000000
test_10435,0.013957
test_10436,0.645581
test_10437,0.000000
test_10438,0.997104
test_10439,0.000011
test_10440,0.000035
test_10441,0.999980
test_10442,0.761936
test_10443,0.999776
test_10444,0.999997
test_10445,0.163069
test_10446,1.000000
test_10447,1.000000
test_10448,0.000013
test_10449,1.000000
test_10450,1.000000
test_10451,1.000000
test_10452,0.999997
test_10453,0.997023
test_10454,0.000112
test_10455,0.000001
test_10456,0.000000
test_10457,1.000000
test_10458,0.394437
test_10459,0.000001
test_10460,0.563058
test_10461,0.979233
test_10462,0.014840
test_10463,0.000007
test_10464,0.002626
test_10465,0.000000
test_10466,1.000000
test_10467,0.999617
test_10468,0.955994
test_10469,0.033438
test_10470,1.000000
test_10471,0.081310
test_10472,0.999999
test_10473,1.000000
test_10474,1.000000
test_10475,0.860579
test_10476,0.000000
test_10477,0.999999
test_10478,0.000000
test_10479,1.000000
test_10480,1.000000
test_10481,0.948940
test_10482,0.028574
test_10483,0.972830
test_10484,0.302939
test_10485,0.000347
test_10486,0.000000
test_10487,0.979553
test_10488,0.000005
test_10489,0.081526
test_10490,1.000000
test_10491,0.000000
test_10492,0.000011
test_10493,1.000000
test_10494,0.001763
test_10495,1.000000
test_10496,0.475241
test_10497,0.000222
test_10498,0.000005
test_10499,0.999767
test_10500,0.999999
test_10501,0.000513
test_10502,0.000144
test_10503,0.000028
test_10504,0.011282
test_10505,1.000000
test_10506,0.997314
test_10507,0.047390
test_10508,0.716652
test_10509,0.999994
test_10510,0.998597
test_10511,0.008725
test_10512,0.000000
test_10513,0.999999
test_10514,1.000000
test_10515,0.000056
test_10516,0.999999
test_10517,0.999999
test_10518,0.015490
test_10519,0.000001
test_10520,0.999999
test_10521,1.000000
test_10522,0.914216
test_10523,0.962766
test_10524,1.000000
test_10525,0.999991
test_10526,0.999997
test_10527,0.999968
test_10528,1.000000
test_10529,1.000000
test_10530,0.002532
test_10531,0.999956
test_10532,0.999282
test_10533,0.999984
test_10534,0.000001
test_10535,0.000000
test_10536,1.000000
test_10537,0.999998
test_10538,0.561820
test_10539,1.000000
test_10540,0.000001
test_10541,0.000009
test_10542,0.998651
test_10543,0.999995
test_10544,0.000002
test_10545,0.000022
test_10546,0.999747
test_10547,0.999968
test_10548,0.999997
test_10549,0.117399
test_10550,0.999948
test_10551,0.000000
test_10552,1.000000
test_10553,0.000095
test_10554,1.000000
test_10555,0.999839
test_10556,0.000030
test_10557,0.999982
test_10558,0.000000
test_10559,1.000000
test_10560,1.000000
test_10561,0.999998
test_10562,0.002905
test_10563,0.999999
test_10564,0.999998
test_10565,0.999720
test_10566,1.000000
test_10567,0.153706
test_10568,0.999869
test_10569,0.019221
test_10570,0.376762
test_10571,0.999914
test_10572,0.999114
test_10573,1.000000
test_10574,0.002214
test_10575,0.999999
test_10576,0.991170
test_10577,0.999967
test_10578,0.000002
test_10579,0.005279
test_10580,0.001296
test_10581,0.000003
test_10582,1.000000
test_10583,0.000001
test_10584,0.999999
test_10585,0.000000
test_10586,0.000003
test_10587,0.000084
test_10588,0.001350
test_10589,0.000001
test_10590,0.019757
test_10591,0.000000
test_10592,0.000000
test_10593,1.000000
test_10594,0.490723
test_10595,0.000249
test_10596,0.999945
test_10597,0.000000
test_10598,1.000000
test_10599,1.000000
test_10600,0.000162
test_10601,0.000068
test_10602,0.999861
test_10603,0.999999
test_10604,0.999999
test_10605,1.000000
test_10606,0.999993
test_10607,0.023560
test_10608,0.000948
test_10609,1.000000
test_10610,0.000317
test_10611,0.589632
test_10612,0.000002
test_10613,0.000003
test_10614,0.000040
test_10615,1.000000
test_10616,0.986567
test_10617,0.138805
test_10618,0.999991
test_10619,1.000000
test_10620,1.000000
test_10621,0.999996
test_10622,0.999998
test_10623,0.003578
test_10624,0.909264
test_10625,0.001500
test_10626,0.000005
test_10627,0.005932
test_10628,1.000000
test_10629,0.999722
test_10630,1.000000
test_10631,0.000165
test_10632,0.996831
test_10633,0.999995
test_10634,0.994285
test_10635,0.000028
test_10636,0.981587
test_10637,1.000000
test_10638,0.000000
test_10639,0.999991
test_10640,0.000000
test_10641,1.000000
test_10642,0.995394
test_10643,0.203294
test_10644,0.999480
test_10645,0.379475
test_10646,0.004177
test_10647,0.556594
test_10648,1.000000
test_10649,1.000000
test_10650,0.998456
test_10651,0.855472
test_10652,0.004249
test_10653,1.000000
test_10654,0.000013
test_10655,0.000078
test_10656,0.999990
test_10657,0.000001
test_10658,0.994221
test_10659,0.000023
test_10660,0.999785
test_10661,0.999591
test_10662,0.000000
test_10663,0.000037
test_10664,1.000000
test_10665,0.999999
test_10666,0.999961
test_10667,0.124609
test_10668,0.991181
test_10669,0.590738
test_10670,0.000002
test_10671,0.999951
test_10672,0.000001
test_10673,0.526728
test_10674,0.999118
test_10675,0.000371
test_10676,1.000000
test_10677,1.000000
test_10678,1.000000
test_10679,0.994205
test_10680,0.000008
test_10681,0.999466
test_10682,1.000000
test_10683,0.000660
test_10684,0.000017
test_10685,0.010460
test_10686,1.000000
test_10687,0.000001
test_10688,0.000003
test_10689,0.000032
test_10690,0.639237
test_10691,0.893524
test_10692,0.976492
test_10693,0.000002
test_10694,0.999998
test_10695,0.987608
test_10696,0.056442
test_10697,0.000002
test_10698,0.106727
test_10699,0.007009
test_10700,0.000001
test_10701,1.000000
test_10702,0.000000
test_10703,0.004003
test_10704,0.004283
test_10705,1.000000
test_10706,0.000000
test_10707,1.000000
test_10708,0.996652
test_10709,1.000000
test_10710,0.996911
test_10711,1.000000
test_10712,1.000000
test_10713,0.000001
test_10714,0.999994
test_10715,0.044845
test_10716,0.380202
test_10717,0.646790
test_10718,0.000036
test_10719,0.686264
test_10720,0.999998
test_10721,0.000005
test_10722,1.000000
test_10723,0.000010
test_10724,0.000298
test_10725,0.000000
test_10726,0.750619
test_10727,0.000000
test_10728,0.000002
test_10729,0.000002
test_10730,0.324377
test_10731,0.000001
test_10732,0.999433
test_10733,0.000035
test_10734,0.000002
test_10735,1.000000
test_10736,0.000019
test_10737,0.348850
test_10738,0.999999
test_10739,0.999998
test_10740,1.000000
test_10741,0.999969
test_10742,0.000008
test_10743,0.999935
test_10744,0.000009
test_10745,0.000245
test_10746,0.001534
test_10747,0.999788
test_10748,0.999911
test_10749,0.999370
test_10750,0.999986
test_10751,0.000000
test_10752,0.999998
test_10753,0.999998
test_10754,1.000000
test_10755,0.000000
test_10756,0.999636
test_10757,0.000011
test_10758,0.000000
test_10759,0.999997
test_10760,0.000003
test_10761,0.000001
test_10762,1.000000
test_10763,1.000000
test_10764,1.000000
test_10765,0.949685
test_10766,1.000000
test_10767,0.991296
test_10768,0.994027
test_10769,0.000005
test_10770,0.000062
test_10771,1.000000
test_10772,0.000000
test_10773,0.999983
test_10774,0.984876
test_10775,0.000482
test_10776,0.955184
test_10777,0.000004
test_10778,1.000000
test_10779,1.000000
test_10780,0.999999
test_10781,1.000000
test_10782,0.939377
test_10783,0.000151
test_10784,0.000001
test_10785,1.000000
test_10786,1.000000
test_10787,1.000000
test_10788,0.166141
test_10789,0.000001
test_10790,0.429038
test_10791,0.342541
test_10792,1.000000
test_10793,0.996328
test_10794,1.000000
test_10795,0.000065
test_10796,0.999996
test_10797,0.752506
test_10798,1.000000
test_10799,0.000012
test_10800,1.000000
test_10801,0.000024
test_10802,0.000001
test_10803,0.999999
test_10804,0.999975
test_10805,0.000000
test_10806,1.000000
test_10807,0.999999
test_10808,0.999999
test_10809,1.000000
test_10810,1.000000
test_10811,0.130419
test_10812,0.003841
test_10813,0.000054
test_10814,0.000002
test_10815,0.999994
test_10816,0.999642
test_10817,0.999989
test_10818,1.000000
test_10819,0.999998
test_10820,0.004330
test_10821,0.000009
test_10822,0.997648
test_10823,0.902985
test_10824,0.000000
test_10825,0.999999
test_10826,1.000000
test_10827,0.999999
test_10828,1.000000
test_10829,0.034596
test_10830,1.000000
test_10831,0.991480
test_10832,0.955066
test_10833,1.000000
test_10834,1.000000
test_10835,0.000019
test_10836,0.000000
test_10837,0.110079
test_10838,0.000047
test_10839,0.000000
test_10840,1.000000
test_10841,0.000009
test_10842,0.999999
test_10843,0.000000
test_10844,0.001099
test_10845,0.000007
test_10846,1.000000
test_10847,0.015870
test_10848,0.000013
test_10849,0.000000
test_10850,0.000000
test_10851,0.000000
test_10852,0.000069
test_10853,0.000250
test_10854,0.999999
test_10855,0.000004
test_10856,0.058633
test_10857,1.000000
test_10858,0.003812
test_10859,0.999964
test_10860,0.000001
test_10861,0.000020
test_10862,1.000000
test_10863,1.000000
test_10864,0.000005
test_10865,0.999998
test_10866,1.000000
test_10867,0.999987
test_10868,0.000002
test_10869,0.000001
test_10870,0.009802
test_10871,0.000005
test_10872,1.000000
test_10873,1.000000
test_10874,0.999105
test_10875,0.962130
test_10876,0.000003
test_10877,1.000000
test_10878,0.999998
test_10879,0.000000
test_10880,0.006510
test_10881,0.000000
test_10882,0.387558
test_10883,0.999996
test_10884,0.999999
test_10885,0.997920
test_10886,0.999792
test_10887,1.000000
test_10888,1.000000
test_10889,0.003585
test_10890,0.000012
test_10891,0.000003
test_10892,1.000000
test_10893,0.000009
test_10894,0.066515
test_10895,0.999871
test_10896,0.000004
test_10897,0.000001
test_10898,0.999994
test_10899,0.999955
test_10900,0.000086
test_10901,0.999996
test_10902,0.999928
test_10903,1.000000
test_10904,0.999999
test_10905,1.000000
test_10906,1.000000
test_10907,0.000017
test_10908,0.363651
test_10909,1.000000
test_10910,0.000000
test_10911,0.000004
test_10912,1.000000
test_10913,0.000000
test_10914,0.999990
test_10915,0.003301
test_10916,0.027934
test_10917,0.999954
test_10918,0.000019
test_10919,0.001596
test_10920,0.999999
test_10921,0.991379
test_10922,0.999603
test_10923,0.999990
test_10924,0.999963
test_10925,0.996280
test_10926,0.000001
test_10927,0.939858
test_10928,0.000000
test_10929,0.000000
test_10930,0.999998
test_10931,0.318692
test_10932,1.000000
test_10933,1.000000
test_10934,0.000001
test_10935,0.000001
test_10936,1.000000
test_10937,0.999963
test_10938,0.000000
test_10939,1.000000
test_10940,0.000001
test_10941,0.000001
test_10942,0.000376
test_10943,0.000006
test_10944,0.999998
test_10945,0.000003
test_10946,0.000001
test_10947,0.997190
test_10948,0.000000
test_10949,0.000285
test_10950,0.000002
test_10951,1.000000
test_10952,0.000019
test_10953,0.978249
test_10954,1.000000
test_10955,0.999819
test_10956,0.000021
test_10957,0.000004
test_10958,0.000001
test_10959,0.000029
test_10960,0.999998
test_10961,0.049733
test_10962,0.000031
test_10963,0.000003
test_10964,0.000002
test_10965,0.000001
test_10966,0.000121
test_10967,0.769741
test_10968,0.000004
test_10969,0.999994
test_10970,0.993039
test_10971,0.998230
test_10972,0.999961
test_10973,0.000004
test_10974,0.932493
test_10975,0.941307
test_10976,0.999993
test_10977,0.465672
test_10978,0.999999
test_10979,0.006760
test_10980,0.999866
test_10981,1.000000
test_10982,0.999999
test_10983,0.117686
test_10984,0.999935
test_10985,0.999980
test_10986,0.000007
test_10987,0.999999
test_10988,0.000004
test_10989,0.000000
test_10990,0.000040
test_10991,0.000001
test_10992,1.000000
test_10993,1.000000
test_10994,0.000063
test_10995,0.000005
test_10996,1.000000
test_10997,0.887957
test_10998,0.000000
test_10999,0.000011
test_11000,0.000003
test_11001,0.988098
test_11002,0.001890
test_11003,0.000000
test_11004,0.000003
test_11005,0.999977
test_11006,0.011401
test_11007,0.000385
test_11008,0.101339
test_11009,0.000000
test_11010,1.000000
test_11011,0.999962
test_11012,0.000001
test_11013,0.000019
test_11014,0.998062
test_11015,0.458866
test_11016,0.000032
test_11017,0.000022
test_11018,1.000000
test_11019,0.000013
test_11020,0.999911
test_11021,1.000000
test_11022,0.147563
test_11023,0.001198
test_11024,1.000000
test_11025,0.713397
test_11026,1.000000
test_11027,1.000000
test_11028,0.467909
test_11029,0.999972
test_11030,1.000000
test_11031,0.000017
test_11032,0.000002
test_11033,0.979410
test_11034,0.016461
test_11035,1.000000
test_11036,1.000000
test_11037,0.000019
test_11038,0.999976
test_11039,0.979458
test_11040,1.000000
test_11041,0.984191
test_11042,0.000000
test_11043,0.999468
test_11044,0.041338
test_11045,1.000000
test_11046,0.999527
test_11047,1.000000
test_11048,1.000000
test_11049,0.932827
test_11050,0.828386
test_11051,1.000000
test_11052,1.000000
test_11053,0.999985
test_11054,0.999996
test_11055,0.025948
test_11056,0.999939
test_11057,0.000002
test_11058,0.999785
test_11059,0.000042
test_11060,0.168530
test_11061,0.000000
test_11062,1.000000
test_11063,0.000266
test_11064,0.999992
test_11065,1.000000
test_11066,1.000000
test_11067,0.000000
test_11068,0.000000
test_11069,1.000000
test_11070,1.000000
test_11071,1.000000
test_11072,0.000040
test_11073,0.000000
test_11074,0.000000
test_11075,1.000000
test_11076,0.999999
test_11077,0.702544
test_11078,0.176357
test_11079,0.998603
test_11080,0.000051
test_11081,0.017469
test_11082,0.000292
test_11083,0.000002
test_11084,1.000000
test_11085,0.173112
test_11086,0.002945
test_11087,0.999991
test_11088,0.000000
test_11089,0.000791
test_11090,0.999993
test_11091,0.989920
test_11092,0.000000
test_11093,0.999995
test_11094,0.999999
test_11095,0.999998
test_11096,0.120014
test_11097,0.980381
test_11098,0.000000
test_11099,0.999995
test_11100,1.000000
test_11101,0.000001
test_11102,0.926676
test_11103,1.000000
test_11104,0.138161
test_11105,0.000080
test_11106,0.215022
test_11107,0.991427
test_11108,0.999999
test_11109,1.000000
test_11110,0.999992
test_11111,0.999828
test_11112,0.994199
test_11113,0.765073
test_11114,1.000000
test_11115,0.999999
test_11116,0.999999
test_11117,0.253791
test_11118,0.999997
test_11119,1.000000
test_11120,0.000025
test_11121,1.000000
test_11122,0.984552
test_11123,0.996189
test_11124,1.000000
test_11125,1.000000
test_11126,1.000000
test_11127,0.999097
test_11128,0.000009
test_11129,0.870915
test_11130,1.000000
test_11131,0.000002
test_11132,1.000000
test_11133,0.000001
test_11134,0.000026
test_11135,0.986780
test_11136,0.999999
test_11137,0.001759
test_11138,0.999827
test_11139,0.000011
test_11140,0.000032
test_11141,0.999959
test_11142,0.000002
test_11143,0.999994
test_11144,1.000000
test_11145,0.000001
test_11146,0.000001
test_11147,0.999999
test_11148,0.016752
test_11149,0.000002
test_11150,0.999998
test_11151,0.000003
test_11152,0.999933
test_11153,1.000000
test_11154,1.000000
test_11155,0.024337
test_11156,0.000001
test_11157,1.000000
test_11158,0.000005
test_11159,0.000000
test_11160,0.598727
test_11161,0.997959
test_11162,0.000002
test_11163,0.000676
test_11164,0.000031
test_11165,0.999693
test_11166,0.999855
test_11167,0.000001
test_11168,0.000550
test_11169,1.000000
test_11170,0.053004
test_11171,0.037698
test_11172,1.000000
test_11173,1.000000
test_11174,0.000005
test_11175,0.000000
test_11176,0.747939
test_11177,0.000121
test_11178,0.000052
test_11179,0.000000
test_11180,0.996119
test_11181,1.000000
test_11182,0.000205
test_11183,0.545388
test_11184,1.000000
test_11185,1.000000
test_11186,0.000003
test_11187,0.000001
test_11188,0.999999
test_11189,0.000001
test_11190,0.000010
test_11191,0.993870
test_11192,0.000001
test_11193,0.000005
test_11194,0.001057
test_11195,0.184867
test_11196,0.000001
test_11197,1.000000
test_11198,0.999974
test_11199,0.019222
test_11200,0.000030
test_11201,0.990173
test_11202,0.999427
test_11203,0.999956
test_11204,0.999542
test_11205,0.000986
test_11206,0.950084
test_11207,0.000000
test_11208,0.999998
test_11209,0.000000
test_11210,0.998991
test_11211,0.222199
test_11212,0.003410
test_11213,0.000015
test_11214,0.000003
test_11215,0.000003
test_11216,0.000009
test_11217,0.999911
test_11218,0.999993
test_11219,0.999997
test_11220,0.999999
test_11221,0.000254
test_11222,0.000037
test_11223,0.000011
test_11224,0.987381
test_11225,0.000001
test_11226,0.002584
test_11227,1.000000
test_11228,0.059878
test_11229,0.999770
test_11230,0.004703
test_11231,0.999997
test_11232,0.000001
test_11233,0.558723
test_11234,0.999669
test_11235,0.999996
test_11236,0.013807
test_11237,0.000000
test_11238,0.999983
test_11239,0.999923
test_11240,0.999995
test_11241,0.999959
test_11242,1.000000
test_11243,0.999999
test_11244,0.000481
test_11245,0.000837
test_11246,0.999993
test_11247,0.000048
test_11248,0.999876
test_11249,0.000001
test_11250,0.991732
test_11251,1.000000
test_11252,0.003285
test_11253,0.000011
test_11254,0.756341
test_11255,0.999474
test_11256,0.007338
test_11257,1.000000
test_11258,0.968690
test_11259,0.000001
test_11260,0.000000
test_11261,0.000122
test_11262,1.000000
test_11263,0.839288
test_11264,0.000145
test_11265,0.000394
test_11266,0.000003
test_11267,0.053570
test_11268,0.999999
test_11269,0.423448
test_11270,1.000000
test_11271,0.465367
test_11272,0.999513
test_11273,0.129873
test_11274,1.000000
test_11275,0.000193
test_11276,0.000005
test_11277,0.999997
test_11278,0.000001
test_11279,0.001238
test_11280,0.999626
test_11281,0.999992
test_11282,0.000051
test_11283,0.000056
test_11284,0.030546
test_11285,0.000003
test_11286,0.000009
test_11287,1.000000
test_11288,0.999999
test_11289,0.000001
test_11290,0.997118
test_11291,0.999999
test_11292,1.000000
test_11293,0.000000
test_11294,0.599125
test_11295,0.996952
test_11296,0.000002
test_11297,1.000000
test_11298,0.000001
test_11299,0.884118
test_11300,1.000000
test_11301,0.999687
test_11302,0.000001
test_11303,0.999737
test_11304,1.000000
test_11305,0.000003
test_11306,0.999968
test_11307,0.999657
test_11308,0.999997
test_11309,0.000045
test_11310,0.000003
test_11311,0.000005
test_11312,0.960237
test_11313,0.000139
test_11314,0.000100
test_11315,0.000004
test_11316,0.163084
test_11317,0.997397
test_11318,0.999394
test_11319,0.000950
test_11320,0.003453
test_11321,0.000266
test_11322,0.000003
test_11323,0.000000
test_11324,0.000035
test_11325,0.999998
test_11326,0.000001
test_11327,0.194923
test_11328,1.000000
test_11329,0.000001
test_11330,0.993675
test_11331,0.000018
test_11332,1.000000
test_11333,0.955132
test_11334,0.000051
test_11335,0.999233
test_11336,0.999998
test_11337,0.999874
test_11338,0.005492
test_11339,0.000208
test_11340,0.000057
test_11341,0.999831
test_11342,0.117487
test_11343,1.000000
test_11344,0.000001
test_11345,0.000013
test_11346,0.995468
test_11347,0.842847
test_11348,0.997719
test_11349,0.000015
test_11350,0.988754
test_11351,0.000000
test_11352,0.000018
test_11353,1.000000
test_11354,0.000000
test_11355,0.005135
test_11356,0.004400
test_11357,0.000000
test_11358,0.000024
test_11359,0.036482
test_11360,0.999960
test_11361,0.000092
test_11362,0.000015
test_11363,0.000005
test_11364,0.000005
test_11365,0.000000
test_11366,0.997369
test_11367,0.000000
test_11368,0.000000
test_11369,0.995006
test_11370,0.999997
test_11371,0.000001
test_11372,0.001304
test_11373,0.000001
test_11374,0.968806
test_11375,0.735474
test_11376,0.000000
test_11377,0.999021
test_11378,0.952967
test_11379,0.000215
test_11380,0.000000
test_11381,0.000104
test_11382,0.150704
test_11383,0.000067
test_11384,0.170089
test_11385,1.000000
test_11386,1.000000
test_11387,1.000000
test_11388,0.000055
test_11389,0.000018
test_11390,0.000237
test_11391,0.998446
test_11392,1.000000
test_11393,0.876127
test_11394,0.000046
test_11395,0.999961
test_11396,0.000029
test_11397,0.000001
test_11398,0.999914
test_11399,0.153675
test_11400,0.026224
test_11401,0.999999
test_11402,1.000000
test_11403,0.880710
test_11404,1.000000
test_11405,0.000404
test_11406,0.000000
test_11407,0.000001
test_11408,0.911924
test_11409,0.902679
test_11410,0.000002
test_11411,0.000002
test_11412,0.999960
test_11413,0.000000
test_11414,0.006305
test_11415,1.000000
test_11416,0.000000
test_11417,0.999161
test_11418,0.999982
test_11419,1.000000
test_11420,0.000001
test_11421,0.000052
test_11422,0.990158
test_11423,0.028709
test_11424,1.000000
test_11425,0.000001
test_11426,0.000002
test_11427,0.999999
test_11428,0.000001
test_11429,0.004238
test_11430,0.000002
test_11431,1.000000
test_11432,0.999956
test_11433,0.000000
test_11434,0.999312
test_11435,0.999998
test_11436,0.999989
test_11437,0.998748
test_11438,0.000001
test_11439,0.000008
test_11440,0.000004
test_11441,0.000002
test_11442,0.000000
test_11443,0.999998
test_11444,0.000003
test_11445,0.782317
test_11446,0.000000
test_11447,0.990888
test_11448,0.010256
test_11449,0.976328
test_11450,1.000000
test_11451,0.938480
test_11452,0.999700
test_11453,0.000015
test_11454,0.000001
test_11455,0.000000
test_11456,0.000000
test_11457,0.999982
test_11458,0.000031
test_11459,0.000000
test_11460,1.000000
test_11461,0.003655
test_11462,1.000000
test_11463,0.000257
test_11464,0.999994
test_11465,0.999983
test_11466,1.000000
test_11467,0.000000
test_11468,0.999981
test_11469,0.000002
test_11470,0.000004
test_11471,0.999999
test_11472,0.000168
test_11473,0.816254
test_11474,0.999990
test_11475,0.000083
test_11476,0.000529
test_11477,0.999995
test_11478,0.000007
test_11479,0.125069
test_11480,1.000000
test_11481,0.002793
test_11482,0.322712
test_11483,0.999959
test_11484,0.000003
test_11485,1.000000
test_11486,0.999997
test_11487,0.999186
test_11488,0.000001
test_11489,1.000000
test_11490,1.000000
test_11491,0.000000
test_11492,0.580187
test_11493,1.000000
test_11494,0.514789
test_11495,0.000002
test_11496,0.923537
test_11497,1.000000
test_11498,0.135382
test_11499,0.999890
test_11500,0.000007
test_11501,0.999415
test_11502,0.000003
test_11503,0.024086
test_11504,1.000000
test_11505,1.000000
test_11506,0.001144
test_11507,0.444060
test_11508,0.000005
test_11509,0.001820
test_11510,0.000000
test_11511,0.000032
test_11512,0.000000
test_11513,0.005492
test_11514,0.000009
test_11515,0.000000
test_11516,0.996580
test_11517,0.000008
test_11518,0.000007
test_11519,0.999999
test_11520,0.826467
test_11521,0.000000
test_11522,0.000001
test_11523,0.853828
test_11524,0.000005
test_11525,0.999994
test_11526,1.000000
test_11527,0.000011
test_11528,0.000165
test_11529,0.000552
test_11530,0.999994
test_11531,1.000000
test_11532,1.000000
test_11533,0.001656
test_11534,1.000000
test_11535,0.752541
test_11536,1.000000
test_11537,1.000000
test_11538,0.000036
test_11539,0.999996
test_11540,0.999999
test_11541,0.554483
test_11542,0.000000
test_11543,0.000045
test_11544,0.000000
test_11545,0.999999
test_11546,0.000001
test_11547,1.000000
test_11548,0.059160
test_11549,0.000007
test_11550,0.999971
test_11551,0.282707
test_11552,1.000000
test_11553,0.999946
test_11554,0.000054
test_11555,0.129254
test_11556,0.011710
test_11557,1.000000
test_11558,1.000000
test_11559,0.000005
test_11560,0.000005
test_11561,0.000000
test_11562,0.999999
test_11563,1.000000
test_11564,0.000890
test_11565,0.898198
test_11566,0.000003
test_11567,1.000000
test_11568,0.000453
test_11569,0.999910
test_11570,0.000002
test_11571,0.001858
test_11572,0.000001
test_11573,0.998292
test_11574,1.000000
test_11575,1.000000
test_11576,0.536398
test_11577,0.999965
test_11578,0.999711
test_11579,0.997345
test_11580,0.999958
test_11581,0.999945
test_11582,0.000001
test_11583,0.683433
test_11584,1.000000
test_11585,0.000076
test_11586,1.000000
test_11587,1.000000
test_11588,0.000072
test_11589,0.071252
test_11590,1.000000
test_11591,0.999369
test_11592,0.999984
test_11593,0.769866
test_11594,0.807631
test_11595,0.000000
test_11596,0.999572
test_11597,0.924253
test_11598,0.000050
test_11599,0.000000
test_11600,0.099620
test_11601,1.000000
test_11602,0.001966
test_11603,0.999840
test_11604,0.999866
test_11605,0.999968
test_11606,0.000009
test_11607,0.991612
test_11608,0.000001
test_11609,1.000000
test_11610,0.000110
test_11611,1.000000
test_11612,1.000000
test_11613,1.000000
test_11614,0.005663
test_11615,1.000000
test_11616,0.999123
test_11617,1.000000
test_11618,1.000000
test_11619,0.999883
test_11620,0.000035
test_11621,0.000000
test_11622,0.999992
test_11623,0.000002
test_11624,1.000000
test_11625,0.999939
test_11626,1.000000
test_11627,1.000000
test_11628,0.000000
test_11629,0.999995
test_11630,0.000407
test_11631,0.000564
test_11632,0.000006
test_11633,1.000000
test_11634,0.700850
test_11635,0.999983
test_11636,1.000000
test_11637,1.000000
test_11638,0.999140
test_11639,0.000002
test_11640,1.000000
test_11641,0.999995
test_11642,1.000000
test_11643,0.990997
test_11644,0.614155
test_11645,0.042515
test_11646,0.000002
test_11647,0.381587
test_11648,0.999991
test_11649,0.000063
test_11650,1.000000
test_11651,0.000003
test_11652,0.000002
test_11653,0.000004
test_11654,0.500452
test_11655,0.000018
test_11656,1.000000
test_11657,0.000001
test_11658,0.000001
test_11659,0.000104
test_11660,0.999996
test_11661,0.086069
test_11662,1.000000
test_11663,0.000000
test_11664,0.813338
test_11665,0.000015
test_11666,0.000672
test_11667,0.000292
test_11668,0.999999
test_11669,1.000000
test_11670,0.000001
test_11671,0.999841
test_11672,0.999999
test_11673,0.000016
test_11674,0.000096
test_11675,0.000017
test_11676,0.989608
test_11677,0.999513
test_11678,0.000001
test_11679,1.000000
test_11680,0.000011
test_11681,0.997758
test_11682,0.000020
test_11683,0.994247
test_11684,0.999446
test_11685,0.041595
test_11686,0.999999
test_11687,0.000000
test_11688,0.000857
test_11689,0.000230
test_11690,0.999984
test_11691,0.999990
test_11692,0.000040
test_11693,0.993927
test_11694,0.000000
test_11695,1.000000
test_11696,0.000000
test_11697,0.000000
test_11698,0.000001
test_11699,0.079348
test_11700,0.827992
test_11701,0.000169
test_11702,0.000018
test_11703,0.144203
test_11704,0.023086
test_11705,0.999967
test_11706,1.000000
test_11707,0.000135
test_11708,0.959563
test_11709,0.505626
test_11710,1.000000
test_11711,0.997442
test_11712,0.000008
test_11713,0.783844
test_11714,1.000000
test_11715,1.000000
test_11716,0.021313
test_11717,0.000005
test_11718,0.000942
test_11719,0.000002
test_11720,1.000000
test_11721,0.999994
test_11722,0.013193
test_11723,1.000000
test_11724,0.000006
test_11725,0.975747
test_11726,0.999976
test_11727,1.000000
test_11728,1.000000
test_11729,0.999997
test_11730,0.996843
test_11731,0.000005
test_11732,1.000000
test_11733,1.000000
test_11734,0.000000
test_11735,1.000000
test_11736,0.000008
test_11737,0.998458
test_11738,0.999281
test_11739,1.000000
test_11740,0.129054
test_11741,0.011208
test_11742,0.011840
test_11743,0.999999
test_11744,1.000000
test_11745,0.931527
test_11746,1.000000
test_11747,0.013739
test_11748,0.000458
test_11749,1.000000
test_11750,0.087322
test_11751,1.000000
test_11752,1.000000
test_11753,0.000026
test_11754,1.000000
test_11755,0.319573
test_11756,0.999866
test_11757,0.000008
test_11758,0.000004
test_11759,0.174946
test_11760,0.999998
test_11761,0.999967
test_11762,0.999998
test_11763,0.459385
test_11764,0.999876
test_11765,0.000000
test_11766,0.066396
test_11767,0.999397
test_11768,0.000584
test_11769,0.271192
test_11770,0.000048
test_11771,0.999989
test_11772,0.999996
test_11773,0.005338
test_11774,0.000024
test_11775,0.999979
test_11776,0.997980
test_11777,1.000000
test_11778,0.999264
test_11779,0.999999
test_11780,0.999998
test_11781,0.000002
test_11782,0.000000
test_11783,0.996652
test_11784,1.000000
test_11785,0.000001
test_11786,1.000000
test_11787,0.000001
test_11788,0.000016
test_11789,0.000000
test_11790,0.000001
test_11791,0.999977
test_11792,1.000000
test_11793,0.998726
test_11794,1.000000
test_11795,0.999951
test_11796,0.000017
test_11797,0.999998
test_11798,0.000410
test_11799,0.999996
test_11800,0.000000
test_11801,0.000079
test_11802,0.000002
test_11803,0.000001
test_11804,0.000001
test_11805,0.000002
test_11806,0.993262
test_11807,0.999853
test_11808,0.999967
test_11809,0.000392
test_11810,1.000000
test_11811,0.000192
test_11812,0.000049
test_11813,0.000015
test_11814,0.000187
test_11815,0.000003
test_11816,1.000000
test_11817,0.000007
test_11818,0.000009
test_11819,1.000000
test_11820,0.999915
test_11821,1.000000
test_11822,0.999461
test_11823,1.000000
test_11824,0.999995
test_11825,0.999970
test_11826,0.000035
test_11827,1.000000
test_11828,0.000000
test_11829,0.019501
test_11830,1.000000
test_11831,0.000005
test_11832,0.948552
test_11833,0.001542
test_11834,0.750373
test_11835,0.000018
test_11836,0.991491
test_11837,0.995876
test_11838,0.009104
test_11839,0.080484
test_11840,0.945359
test_11841,0.000035
test_11842,0.000005
test_11843,0.000000
test_11844,0.000034
test_11845,1.000000
test_11846,0.000004
test_11847,0.999998
test_11848,0.999996
test_11849,0.000001
test_11850,1.000000
test_11851,0.001505
test_11852,0.053505
test_11853,0.999989
test_11854,0.000002
test_11855,0.964938
test_11856,0.999997
test_11857,0.000003
test_11858,1.000000
test_11859,0.020174
test_11860,0.001313
test_11861,0.000025
test_11862,0.000000
test_11863,0.000037
test_11864,0.999972
test_11865,1.000000
test_11866,0.998907
test_11867,0.999993
test_11868,0.000003
test_11869,0.435039
test_11870,0.999997
test_11871,0.343040
test_11872,1.000000
test_11873,0.999999
test_11874,0.999883
test_11875,0.997134
test_11876,1.000000
test_11877,0.000077
test_11878,0.885539
test_11879,0.008758
test_11880,0.000109
test_11881,0.999999
test_11882,1.000000
test_11883,0.000013
test_11884,0.999985
test_11885,0.999808
test_11886,0.030953
test_11887,1.000000
test_11888,0.010445
test_11889,0.040725
test_11890,0.000002
test_11891,0.999803
test_11892,0.000002
test_11893,1.000000
test_11894,0.999996
test_11895,0.000067
test_11896,0.998332
test_11897,0.003392
test_11898,0.005622
test_11899,0.999994
test_11900,0.806553
test_11901,1.000000
test_11902,1.000000
test_11903,1.000000
test_11904,0.035734
test_11905,1.000000
test_11906,0.000000
test_11907,0.999973
test_11908,0.000001
test_11909,0.000014
test_11910,0.999988
test_11911,0.999999
test_11912,0.225265
test_11913,0.046161
test_11914,0.000006
test_11915,0.000000
test_11916,0.000022
test_11917,0.711789
test_11918,0.999992
test_11919,0.005913
test_11920,0.999873
test_11921,0.000258
test_11922,0.000002
test_11923,0.999939
test_11924,1.000000
test_11925,1.000000
test_11926,0.999999
test_11927,1.000000
test_11928,0.243760
test_11929,0.000024
test_11930,0.999991
test_11931,0.815148
test_11932,0.992638
test_11933,0.069221
test_11934,0.000024
test_11935,0.000000
test_11936,1.000000
test_11937,0.000081
test_11938,0.999787
test_11939,0.000044
test_11940,0.001811
test_11941,0.000000
test_11942,0.999985
test_11943,0.000001
test_11944,0.000001
test_11945,1.000000
test_11946,0.855301
test_11947,0.000062
test_11948,0.000775
test_11949,0.869182
test_11950,0.000010
test_11951,0.000001
test_11952,0.000000
test_11953,0.000001
test_11954,0.000013
test_11955,1.000000
test_11956,0.999979
test_11957,0.927955
test_11958,0.069629
test_11959,0.276019
test_11960,0.000001
test_11961,0.000001
test_11962,0.028438
test_11963,0.999997
test_11964,0.000003
test_11965,1.000000
test_11966,1.000000
test_11967,0.000002
test_11968,1.000000
test_11969,0.000000
test_11970,0.000000
test_11971,0.000152
test_11972,0.999962
test_11973,0.000028
test_11974,1.000000
test_11975,1.000000
test_11976,0.000000
test_11977,0.999977
test_11978,0.998085
test_11979,1.000000
test_11980,1.000000
test_11981,0.000000
test_11982,0.999992
test_11983,0.994143
test_11984,0.016373
test_11985,0.000008
test_11986,0.705467
test_11987,0.000826
test_11988,0.999937
test_11989,0.336176
test_11990,1.000000
test_11991,1.000000
test_11992,0.000002
test_11993,0.984568
test_11994,0.920086
test_11995,1.000000
test_11996,0.000001
test_11997,1.000000
test_11998,0.000010
test_11999,0.098117
test_12000,0.999996
test_12001,0.000056
test_12002,0.000278
test_12003,0.986320
test_12004,0.011563
test_12005,0.000001
test_12006,0.001777
test_12007,0.002572
test_12008,0.000001
test_12009,0.018297
test_12010,0.000000
test_12011,1.000000
test_12012,0.939540
test_12013,0.000001
test_12014,1.000000
test_12015,1.000000
test_12016,0.998374
test_12017,0.975397
test_12018,0.985463
test_12019,0.999997
test_12020,0.000557
test_12021,1.000000
test_12022,0.999999
test_12023,0.002923
test_12024,0.001816
test_12025,0.999998
test_12026,0.000001
test_12027,1.000000
test_12028,0.000002
test_12029,0.000037
test_12030,0.000001
test_12031,0.999997
test_12032,0.025077
test_12033,1.000000
test_12034,1.000000
test_12035,1.000000
test_12036,0.000001
test_12037,0.999292
test_12038,0.158029
test_12039,0.000000
test_12040,1.000000
test_12041,1.000000
test_12042,0.000042
test_12043,1.000000
test_12044,0.819739
test_12045,0.000005
test_12046,1.000000
test_12047,0.000000
test_12048,0.999986
test_12049,0.000001
test_12050,0.088607
test_12051,0.000000
test_12052,0.000663
test_12053,0.000004
test_12054,0.999984
test_12055,0.999969
test_12056,0.999971
test_12057,0.060619
test_12058,0.103133
test_12059,1.000000
test_12060,1.000000
test_12061,0.000001
test_12062,0.005466
test_12063,0.998189
test_12064,1.000000
test_12065,0.241855
test_12066,0.000000
test_12067,1.000000
test_12068,0.000002
test_12069,0.000065
test_12070,0.110783
test_12071,1.000000
test_12072,0.999670
test_12073,0.000892
test_12074,0.000066
test_12075,1.000000
test_12076,0.999999
test_12077,0.000067
test_12078,1.000000
test_12079,0.000083
test_12080,0.000000
test_12081,0.999999
test_12082,0.000000
test_12083,0.000000
test_12084,1.000000
test_12085,0.198433
test_12086,0.999928
test_12087,1.000000
test_12088,0.000008
test_12089,0.000004
test_12090,0.000107
test_12091,0.999999
test_12092,0.999999
test_12093,0.999999
test_12094,1.000000
test_12095,0.999512
test_12096,1.000000
test_12097,0.000078
test_12098,0.996508
test_12099,0.007002
test_12100,0.044220
test_12101,1.000000
test_12102,0.000000
test_12103,0.000001
test_12104,0.910397
test_12105,0.000000
test_12106,0.999892
test_12107,1.000000
test_12108,0.780157
test_12109,0.000000
test_12110,0.000001
test_12111,1.000000
test_12112,1.000000
test_12113,0.998515
test_12114,1.000000
test_12115,0.000014
test_12116,0.000004
test_12117,0.000001
test_12118,0.999995
test_12119,0.999999
test_12120,0.999974
test_12121,0.000005
test_12122,0.000038
test_12123,0.000089
test_12124,0.994536
test_12125,0.000014
test_12126,1.000000
test_12127,0.999998
test_12128,1.000000
test_12129,0.000469
test_12130,1.000000
test_12131,1.000000
test_12132,0.000030
test_12133,1.000000
test_12134,0.999999
test_12135,0.000001
test_12136,0.969769
test_12137,0.999976
test_12138,0.000002
test_12139,1.000000
test_12140,0.000962
test_12141,0.036734
test_12142,1.000000
test_12143,1.000000
test_12144,0.061891
test_12145,0.000111
test_12146,0.999981
test_12147,0.000001
test_12148,0.000019
test_12149,1.000000
test_12150,0.000000
test_12151,1.000000
test_12152,0.999243
test_12153,0.004732
test_12154,0.999980
test_12155,1.000000
test_12156,0.000258
test_12157,0.391063
test_12158,0.000001
test_12159,1.000000
test_12160,0.998638
test_12161,0.999999
test_12162,1.000000
test_12163,0.772190
test_12164,0.945979
test_12165,0.001922
test_12166,0.999999
test_12167,0.999556
test_12168,0.207966
test_12169,1.000000
test_12170,0.000039
test_12171,0.000001
test_12172,0.999998
test_12173,0.999985
test_12174,0.999996
test_12175,0.998341
test_12176,0.926232
test_12177,0.000001
test_12178,0.000268
test_12179,0.000224
test_12180,0.999991
test_12181,1.000000
test_12182,0.858228
test_12183,0.930918
test_12184,0.000000
test_12185,1.000000
test_12186,1.000000
test_12187,0.000000
test_12188,0.000000
test_12189,0.014099
test_12190,1.000000
test_12191,1.000000
test_12192,0.975382
test_12193,0.000000
test_12194,0.000001
test_12195,0.002658
test_12196,0.183331
test_12197,0.000090
test_12198,0.000021
test_12199,0.064229
test_12200,0.999923
test_12201,0.000000
test_12202,0.998993
test_12203,0.998441
test_12204,0.000001
test_12205,0.000017
test_12206,0.000001
test_12207,0.000033
test_12208,0.999999
test_12209,1.000000
test_12210,0.000011
test_12211,0.000000
test_12212,1.000000
test_12213,0.017790
test_12214,0.999999
test_12215,1.000000
test_12216,0.999991
test_12217,0.000000
test_12218,0.000834
test_12219,0.000001
test_12220,0.000218
test_12221,0.005222
test_12222,0.000024
test_12223,0.000000
test_12224,0.048277
test_12225,0.000000
test_12226,0.000000
test_12227,0.013193
test_12228,1.000000
test_12229,0.000000
test_12230,0.027390
test_12231,0.000017
test_12232,0.000057
test_12233,0.000004
test_12234,0.772783
test_12235,0.001156
test_12236,0.000059
test_12237,0.999976
test_12238,1.000000
test_12239,0.999999
test_12240,0.000780
test_12241,0.498694
test_12242,0.000000
test_12243,0.971647
test_12244,0.000000
test_12245,0.999721
test_12246,1.000000
test_12247,0.000017
test_12248,0.000008
test_12249,0.000001
test_12250,0.001078
test_12251,0.000000
test_12252,0.000079
test_12253,0.997887
test_12254,0.993884
test_12255,0.001984
test_12256,0.000114
test_12257,0.052925
test_12258,0.000000
test_12259,1.000000
test_12260,0.999996
test_12261,1.000000
test_12262,0.999721
test_12263,0.708533
test_12264,0.069311
test_12265,0.000002
test_12266,0.341357
test_12267,0.000001
test_12268,0.000001
test_12269,0.999981
test_12270,0.000001
test_12271,0.000001
test_12272,0.999997
test_12273,0.000014
test_12274,1.000000
test_12275,0.004331
test_12276,0.098948
test_12277,0.990420
test_12278,0.000000
test_12279,0.999993
test_12280,1.000000
test_12281,0.000005
test_12282,0.000004
test_12283,0.999995
test_12284,0.000001
test_12285,0.000002
test_12286,0.000004
test_12287,0.999997
test_12288,1.000000
test_12289,0.000002
test_12290,0.000022
test_12291,0.525307
test_12292,0.053998
test_12293,0.946014
test_12294,0.000014
test_12295,0.999440
test_12296,0.347717
test_12297,0.000001
test_12298,0.017802
test_12299,0.800254
test_12300,0.016664
test_12301,0.999993
test_12302,0.000003
test_12303,0.000001
test_12304,0.999948
test_12305,0.042790
test_12306,0.999988
test_12307,1.000000
test_12308,0.999212
test_12309,0.994920
test_12310,0.000773
test_12311,0.999994
test_12312,0.999974
test_12313,0.000000
test_12314,0.905177
test_12315,0.132309
test_12316,0.000684
test_12317,0.000008
test_12318,0.000002
test_12319,0.074368
test_12320,0.999997
test_12321,0.999216
test_12322,0.000312
test_12323,0.000006
test_12324,0.000000
test_12325,0.999998
test_12326,1.000000
test_12327,0.999971
test_12328,0.000017
test_12329,0.449186
test_12330,0.820193
test_12331,0.000001
test_12332,1.000000
test_12333,0.000002
test_12334,0.000094
test_12335,0.999725
test_12336,0.892813
test_12337,0.000396
test_12338,0.000346
test_12339,0.999993
test_12340,0.999996
test_12341,0.013457
test_12342,0.000001
test_12343,0.000000
test_12344,0.999997
test_12345,0.997937
test_12346,0.999998
test_12347,1.000000
test_12348,0.000120
test_12349,0.180410
test_12350,0.000094
test_12351,0.011139
test_12352,0.996509
test_12353,0.999991
test_12354,0.000078
test_12355,0.000021
test_12356,0.507742
test_12357,0.999975
test_12358,0.000000
test_12359,0.999992
test_12360,0.447423
test_12361,1.000000
test_12362,0.255554
test_12363,0.000003
test_12364,0.000000
test_12365,0.972930
test_12366,0.003639
test_12367,0.011064
test_12368,1.000000
test_12369,0.996657
test_12370,0.000022
test_12371,0.999979
test_12372,1.000000
test_12373,1.000000
test_12374,0.000001
test_12375,1.000000
test_12376,0.000000
test_12377,0.000001
test_12378,0.004556
test_12379,0.000021
test_12380,0.000000
test_12381,0.285542
test_12382,0.000006
test_12383,0.000000
test_12384,1.000000
test_12385,0.000329
test_12386,0.992495
test_12387,0.999684
test_12388,0.001110
test_12389,0.000240
test_12390,0.998015
test_12391,0.965176
test_12392,0.000010
test_12393,0.000065
test_12394,0.999659
test_12395,0.999652
test_12396,0.009737
test_12397,0.000007
test_12398,0.000017
test_12399,0.000021
test_12400,0.999980
test_12401,0.000001
test_12402,0.000002
test_12403,0.998946
test_12404,0.000003
test_12405,0.017166
test_12406,0.998153
test_12407,0.967690
test_12408,0.999993
test_12409,0.999991
test_12410,0.000003
test_12411,1.000000
test_12412,0.704519
test_12413,0.000220
test_12414,0.002805
test_12415,0.956543
test_12416,0.172518
test_12417,0.996265
test_12418,0.999960
test_12419,0.999388
test_12420,0.999994
test_12421,0.000101
test_12422,1.000000
test_12423,0.000227
test_12424,0.597870
test_12425,0.678688
test_12426,0.989433
test_12427,0.965446
test_12428,0.999993
test_12429,0.993235
test_12430,1.000000
test_12431,0.999998
test_12432,0.928344
test_12433,0.988487
test_12434,1.000000
test_12435,0.000000
test_12436,0.000005
test_12437,0.007809
test_12438,0.007417
test_12439,0.000014
test_12440,0.998285
test_12441,1.000000
test_12442,1.000000
test_12443,0.000026
test_12444,0.911931
test_12445,1.000000
test_12446,0.812937
test_12447,0.014854
test_12448,0.000003
test_12449,1.000000
test_12450,1.000000
test_12451,0.999941
test_12452,1.000000
test_12453,1.000000
test_12454,0.153152
test_12455,0.000001
test_12456,0.000005
test_12457,0.000001
test_12458,0.994290
test_12459,0.895419
test_12460,0.000000
test_12461,1.000000
test_12462,0.966204
test_12463,0.978270
test_12464,0.000017
test_12465,1.000000
test_12466,0.000000
test_12467,1.000000
test_12468,0.000271
test_12469,0.000169
test_12470,0.970048
test_12471,0.884988
test_12472,0.000000
test_12473,0.976864
test_12474,0.008330
test_12475,0.875784
test_12476,0.999219
test_12477,0.000001
test_12478,0.999995
test_12479,0.000003
test_12480,0.000001
test_12481,0.000005
test_12482,1.000000
test_12483,0.000089
test_12484,1.000000
test_12485,0.021381
test_12486,0.000001
test_12487,0.993472
test_12488,0.003989
test_12489,1.000000
test_12490,0.000055
test_12491,0.000001
test_12492,1.000000
test_12493,0.999974
test_12494,0.990789
test_12495,0.000002
test_12496,0.999810
test_12497,0.000040
test_12498,0.994829
test_12499,1.000000
test_12500,0.999984
test_12501,0.999991
test_12502,0.000003
test_12503,1.000000
test_12504,1.000000
test_12505,0.004387
test_12506,1.000000
test_12507,0.925453
test_12508,0.994175
test_12509,0.994078
test_12510,0.920189
test_12511,0.821417
test_12512,0.000001
test_12513,0.000015
test_12514,0.999966
test_12515,0.009796
test_12516,1.000000
test_12517,0.000035
test_12518,0.000329
test_12519,0.000088
test_12520,0.000870
test_12521,0.000005
test_12522,0.000088
test_12523,0.000000
test_12524,1.000000
test_12525,0.000026
test_12526,1.000000
test_12527,0.000000
test_12528,0.066935
test_12529,0.000005
test_12530,1.000000
test_12531,0.000005
test_12532,0.164673
test_12533,0.996245
test_12534,1.000000
test_12535,1.000000
test_12536,0.000002
test_12537,0.999988
test_12538,1.000000
test_12539,0.000000
test_12540,0.000010
test_12541,0.173784
test_12542,0.000004
test_12543,0.000004
test_12544,0.002503
test_12545,1.000000
test_12546,0.001161
test_12547,0.000001
test_12548,0.001224
test_12549,0.999999
test_12550,0.995934
test_12551,0.075626
test_12552,0.999967
test_12553,0.999993
test_12554,0.000019
test_12555,0.999997
test_12556,0.000000
test_12557,0.990312
test_12558,0.000002
test_12559,0.999995
test_12560,1.000000
test_12561,0.000023
test_12562,0.000015
test_12563,0.999998
test_12564,0.002218
test_12565,0.000069
test_12566,1.000000
test_12567,0.000002
test_12568,0.000023
test_12569,0.999997
test_12570,0.999928
test_12571,0.000003
test_12572,0.000027
test_12573,0.000001
test_12574,0.002885
test_12575,0.000011
test_12576,0.933438
test_12577,0.092912
test_12578,0.216799
test_12579,1.000000
test_12580,0.000022
test_12581,0.021349
test_12582,0.000090
test_12583,1.000000
test_12584,0.985763
test_12585,1.000000
test_12586,0.000005
test_12587,0.117410
test_12588,0.000000
test_12589,0.000000
test_12590,0.999978
test_12591,0.960302
test_12592,0.000575
test_12593,0.000226
test_12594,0.916561
test_12595,0.583276
test_12596,0.000000
test_12597,0.999159
test_12598,0.000017
test_12599,0.000006
test_12600,0.999998
test_12601,0.999999
test_12602,0.940862
test_12603,0.999999
test_12604,0.000169
test_12605,0.570281
test_12606,0.999999
test_12607,0.000000
test_12608,0.940586
test_12609,0.954525
test_12610,0.000003
test_12611,0.000001
test_12612,0.000333
test_12613,0.999998
test_12614,1.000000
test_12615,0.999997
test_12616,0.000145
test_12617,0.000002
test_12618,0.000116
test_12619,0.999990
test_12620,0.999997
test_12621,0.000001
test_12622,0.000002
test_12623,0.999468
test_12624,0.284967
test_12625,0.000002
test_12626,0.000002
test_12627,0.000001
test_12628,0.000000
test_12629,0.999997
test_12630,0.254631
test_12631,1.000000
test_12632,0.946290
test_12633,0.045562
test_12634,0.000001
test_12635,0.000004
test_12636,0.999998
test_12637,0.993476
test_12638,0.000008
test_12639,0.999997
test_12640,0.000023
test_12641,0.177823
test_12642,0.072141
test_12643,1.000000
test_12644,0.000000
test_12645,1.000000
test_12646,1.000000
test_12647,0.000015
test_12648,0.002618
test_12649,0.005475
test_12650,1.000000
test_12651,1.000000
test_12652,0.000001
test_12653,0.992636
test_12654,0.001589
test_12655,0.999994
test_12656,0.999999
test_12657,0.999999
test_12658,0.997330
test_12659,0.000000
test_12660,0.000002
test_12661,0.999931
test_12662,0.142949
test_12663,0.000064
test_12664,0.000000
test_12665,0.652826
test_12666,0.005996
test_12667,0.999999
test_12668,0.000759
test_12669,0.001548
test_12670,1.000000
test_12671,1.000000
test_12672,0.000001
test_12673,0.001834
test_12674,0.960163
test_12675,0.000352
test_12676,1.000000
test_12677,1.000000
test_12678,0.000127
test_12679,1.000000
test_12680,0.999993
test_12681,0.302804
test_12682,1.000000
test_12683,0.000000
test_12684,0.999981
test_12685,0.001639
test_12686,1.000000
test_12687,1.000000
test_12688,0.999998
test_12689,0.374066
test_12690,0.000300
test_12691,0.605843
test_12692,0.999997
test_12693,1.000000
test_12694,0.000003
test_12695,0.000006
test_12696,0.994099
test_12697,0.000004
test_12698,0.997132
test_12699,0.026041
test_12700,0.000024
test_12701,0.944376
test_12702,0.000011
test_12703,0.000001
test_12704,1.000000
test_12705,0.999999
test_12706,0.000112
test_12707,0.998319
test_12708,0.999993
test_12709,1.000000
test_12710,0.000004
test_12711,0.999998
test_12712,0.941485
test_12713,0.096494
test_12714,0.900751
test_12715,0.000362
test_12716,0.000000
test_12717,0.000095
test_12718,0.000001
test_12719,0.927238
test_12720,1.000000
test_12721,1.000000
test_12722,0.691651
test_12723,0.000000
test_12724,0.000476
test_12725,0.596082
test_12726,0.998730
test_12727,0.733486
test_12728,0.903321
test_12729,0.418436
test_12730,0.000000
test_12731,1.000000
test_12732,0.000284
test_12733,0.999993
test_12734,1.000000
test_12735,1.000000
test_12736,0.999964
test_12737,1.000000
test_12738,0.000000
test_12739,1.000000
test_12740,0.000000
test_12741,0.000001
test_12742,0.000176
test_12743,0.616264
test_12744,0.000001
test_12745,0.994973
test_12746,0.999998
test_12747,0.971616
test_12748,0.126954
test_12749,0.021168
test_12750,0.000436
test_12751,0.000024
test_12752,0.999997
test_12753,0.000881
test_12754,0.000029
test_12755,0.999951
test_12756,0.999999
test_12757,0.952967
test_12758,0.000005
test_12759,0.000004
test_12760,0.999994
test_12761,0.992872
test_12762,0.000003
test_12763,0.000016
test_12764,0.000003
test_12765,0.999999
test_12766,0.000016
test_12767,0.000002
test_12768,0.999999
test_12769,0.999997
test_12770,0.010818
test_12771,0.000001
test_12772,0.999891
test_12773,0.999999
test_12774,0.000021
test_12775,1.000000
test_12776,0.000328
test_12777,0.000002
test_12778,0.999705
test_12779,0.032249
test_12780,0.999998
test_12781,0.999996
test_12782,0.000001
test_12783,0.096066
test_12784,0.984240
test_12785,0.999110
test_12786,0.999995
test_12787,1.000000
test_12788,0.000204
test_12789,0.999602
test_12790,0.000092
test_12791,0.000000
test_12792,0.000000
test_12793,1.000000
test_12794,0.000650
test_12795,0.985297
test_12796,1.000000
test_12797,1.000000
test_12798,0.999304
test_12799,0.003470
test_12800,0.131146
test_12801,0.388328
test_12802,0.000001
test_12803,0.999981
test_12804,1.000000
test_12805,0.000010
test_12806,0.967090
test_12807,0.999976
test_12808,0.000000
test_12809,0.998593
test_12810,0.048963
test_12811,0.587575
test_12812,1.000000
test_12813,0.947657
test_12814,0.997274
test_12815,0.000047
test_12816,0.000074
test_12817,0.000003
test_12818,0.000000
test_12819,0.000000
test_12820,1.000000
test_12821,0.000277
test_12822,0.999803
test_12823,1.000000
test_12824,0.000130
test_12825,0.000553
test_12826,0.001695
test_12827,0.000001
test_12828,0.942544
test_12829,0.999966
test_12830,0.000000
test_12831,0.000001
test_12832,0.999968
test_12833,0.000003
test_12834,0.999996
test_12835,1.000000
test_12836,0.000400
test_12837,0.998767
test_12838,1.000000
test_12839,0.005009
test_12840,0.000035
test_12841,0.000706
test_12842,0.000013
test_12843,1.000000
test_12844,0.999966
test_12845,0.000000
test_12846,0.000001
test_12847,0.890350
test_12848,1.000000
test_12849,0.000001
test_12850,1.000000
test_12851,0.000000
test_12852,0.328028
test_12853,0.999218
test_12854,0.013181
test_12855,0.000003
test_12856,1.000000
test_12857,0.999998
test_12858,0.000383
test_12859,1.000000
test_12860,0.999962
test_12861,0.000001
test_12862,0.000000
test_12863,0.000002
test_12864,0.000000
test_12865,1.000000
test_12866,0.801102
test_12867,0.999830
test_12868,0.004760
test_12869,0.000000
test_12870,1.000000
test_12871,0.929311
test_12872,0.999913
test_12873,0.999994
test_12874,0.999991
test_12875,0.000045
test_12876,0.909107
test_12877,0.003665
test_12878,0.999999
test_12879,0.999919
test_12880,0.000287
test_12881,0.000000
test_12882,1.000000
test_12883,0.000095
test_12884,0.002823
test_12885,0.000000
test_12886,0.009681
test_12887,0.208460
test_12888,0.001887
test_12889,0.000003
test_12890,0.999985
test_12891,0.000000
test_12892,0.003570
test_12893,1.000000
test_12894,0.002707
test_12895,1.000000
test_12896,0.999982
test_12897,1.000000
test_12898,0.000123
test_12899,0.016399
test_12900,0.999999
test_12901,0.984168
test_12902,0.999999
test_12903,0.004686
test_12904,0.582191
test_12905,0.999998
test_12906,0.000000
test_12907,0.000002
test_12908,0.991964
test_12909,1.000000
test_12910,0.000044
test_12911,1.000000
test_12912,1.000000
test_12913,0.002006
test_12914,0.000002
test_12915,0.999990
test_12916,1.000000
test_12917,1.000000
test_12918,0.000015
test_12919,0.997657
test_12920,1.000000
test_12921,0.000012
test_12922,0.000513
test_12923,0.999819
test_12924,0.992832
test_12925,1.000000
test_12926,0.999999
test_12927,0.000007
test_12928,0.002005
test_12929,0.999993
test_12930,1.000000
test_12931,0.010372
test_12932,0.000267
test_12933,0.998997
test_12934,1.000000
test_12935,0.000044
test_12936,0.999982
test_12937,0.272453
test_12938,0.000389
test_12939,1.000000
test_12940,0.997242
test_12941,0.027485
test_12942,0.000003
test_12943,0.001712
test_12944,1.000000
test_12945,0.000018
test_12946,1.000000
test_12947,0.999999
test_12948,0.000005
test_12949,0.000010
test_12950,0.999813
test_12951,0.866670
test_12952,0.998660
test_12953,1.000000
test_12954,0.000000
test_12955,0.000120
test_12956,0.999999
test_12957,0.703626
test_12958,0.000003
test_12959,0.000125
test_12960,1.000000
test_12961,0.000048
test_12962,0.530313
test_12963,0.999999
test_12964,0.000007
test_12965,0.999925
test_12966,0.868747
test_12967,0.000418
test_12968,0.997754
test_12969,0.999798
test_12970,0.970849
test_12971,0.000000
test_12972,0.014860
test_12973,0.000001
test_12974,0.000005
test_12975,0.000001
test_12976,0.000001
test_12977,0.000367
test_12978,0.999958
test_12979,0.077370
test_12980,0.000001
test_12981,1.000000
test_12982,1.000000
test_12983,0.931181
test_12984,0.900345
test_12985,0.994722
test_12986,1.000000
test_12987,0.999969
test_12988,0.000021
test_12989,0.999989
test_12990,1.000000
test_12991,0.056974
test_12992,0.002143
test_12993,0.999999
test_12994,0.000033
test_12995,0.999983
test_12996,1.000000
test_12997,0.000002
test_12998,1.000000
test_12999,0.001964
test_13000,0.984217
test_13001,0.999996
test_13002,0.000012
test_13003,1.000000
test_13004,0.000101
test_13005,0.999292
test_13006,0.000000
test_13007,0.000009
test_13008,0.000004
test_13009,0.999995
test_13010,0.000163
test_13011,0.977644
test_13012,0.994035
test_13013,0.999992
test_13014,0.000006
test_13015,1.000000
test_13016,0.000045
test_13017,1.000000
test_13018,0.000001
test_13019,0.999997
test_13020,0.267868
test_13021,0.568646
test_13022,0.000027
test_13023,0.824597
test_13024,1.000000
test_13025,1.000000
test_13026,0.391667
test_13027,0.996204
test_13028,0.005092
test_13029,1.000000
test_13030,0.006468
test_13031,0.002074
test_13032,0.999999
test_13033,0.000000
test_13034,1.000000
test_13035,0.000011
test_13036,0.999993
test_13037,0.999999
test_13038,0.999815
test_13039,0.999995
test_13040,0.218268
test_13041,0.026286
test_13042,1.000000
test_13043,0.999995
test_13044,0.999990
test_13045,0.007808
test_13046,0.999968
test_13047,0.000008
test_13048,0.000000
test_13049,0.999998
test_13050,0.000001
test_13051,0.000130
test_13052,0.999999
test_13053,0.933379
test_13054,0.653176
test_13055,0.060545
test_13056,1.000000
test_13057,0.000025
test_13058,0.000001
test_13059,1.000000
test_13060,0.999999
test_13061,1.000000
test_13062,1.000000
test_13063,0.000565
test_13064,0.000034
test_13065,0.999949
test_13066,0.999989
test_13067,0.000002
test_13068,0.999561
test_13069,0.999997
test_13070,0.155731
test_13071,0.000001
test_13072,0.051703
test_13073,0.700068
test_13074,1.000000
test_13075,0.988299
test_13076,0.024143
test_13077,0.001435
test_13078,1.000000
test_13079,0.999966
test_13080,0.000002
test_13081,0.000272
test_13082,0.999993
test_13083,0.508440
test_13084,0.999995
test_13085,1.000000
test_13086,1.000000
test_13087,0.000016
test_13088,1.000000
test_13089,0.227703
test_13090,0.000001
test_13091,0.765033
test_13092,1.000000
test_13093,0.000015
test_13094,0.999081
test_13095,0.982017
test_13096,0.000000
test_13097,0.005054
test_13098,0.000000
test_13099,0.000700
test_13100,0.000098
test_13101,0.005831
test_13102,0.000204
test_13103,0.000011
test_13104,0.000000
test_13105,1.000000
test_13106,0.989415
test_13107,0.010443
test_13108,1.000000
test_13109,0.000012
test_13110,0.999999
test_13111,0.999992
test_13112,0.999972
test_13113,0.000004
test_13114,0.959910
test_13115,0.000527
test_13116,0.893086
test_13117,0.029656
test_13118,0.000115
test_13119,0.000001
test_13120,0.000002
test_13121,0.089494
test_13122,0.000003
test_13123,0.000647
test_13124,0.999816
test_13125,0.825985
test_13126,0.027283
test_13127,0.999969
test_13128,0.999995
test_13129,0.000003
test_13130,0.999992
test_13131,0.000006
test_13132,0.999998
test_13133,0.039477
test_13134,0.000001
test_13135,0.000000
test_13136,0.001150
test_13137,1.000000
test_13138,0.999963
test_13139,0.387667
test_13140,0.000030
test_13141,1.000000
test_13142,0.000001
test_13143,1.000000
test_13144,0.000000
test_13145,0.000639
test_13146,1.000000
test_13147,0.999910
test_13148,0.000001
test_13149,0.000012
test_13150,0.996102
test_13151,1.000000
test_13152,0.003088
test_13153,0.999982
test_13154,0.000951
test_13155,0.999997
test_13156,0.000001
test_13157,0.457958
test_13158,0.620414
test_13159,1.000000
test_13160,0.000034
test_13161,0.264141
test_13162,1.000000
test_13163,0.998385
test_13164,0.000138
test_13165,0.000118
test_13166,0.518948
test_13167,0.195684
test_13168,0.692198
test_13169,0.000007
test_13170,0.217648
test_13171,0.000014
test_13172,0.999989
test_13173,0.000000
test_13174,0.999998
test_13175,0.000000
test_13176,0.036258
test_13177,0.000001
test_13178,0.105605
test_13179,0.000000
test_13180,0.818098
test_13181,0.000011
test_13182,0.999997
test_13183,0.999694
test_13184,0.000003
test_13185,0.991842
test_13186,0.978289
test_13187,1.000000
test_13188,0.003348
test_13189,0.000004
test_13190,0.000003
test_13191,0.000002
test_13192,0.999999
test_13193,0.997995
test_13194,0.999979
test_13195,0.000020
test_13196,0.999994
test_13197,0.000002
test_13198,0.005144
test_13199,0.999995
test_13200,0.618645
test_13201,0.000000
test_13202,0.999982
test_13203,1.000000
test_13204,0.057349
test_13205,0.001463
test_13206,0.000018
test_13207,0.999665
test_13208,0.000009
test_13209,0.025398
test_13210,0.999996
test_13211,0.916513
test_13212,0.999999
test_13213,0.000001
test_13214,0.006073
test_13215,0.000009
test_13216,0.999746
test_13217,1.000000
test_13218,0.999900
test_13219,0.000211
test_13220,1.000000
test_13221,0.000001
test_13222,1.000000
test_13223,0.000018
test_13224,1.000000
test_13225,0.000003
test_13226,1.000000
test_13227,1.000000
test_13228,0.001145
test_13229,0.000002
test_13230,0.000005
test_13231,1.000000
test_13232,1.000000
test_13233,0.000000
test_13234,0.999997
test_13235,0.457544
test_13236,0.117129
test_13237,0.000001
test_13238,0.999999
test_13239,1.000000
test_13240,0.000001
test_13241,0.000008
test_13242,0.000050
test_13243,0.985482
test_13244,1.000000
test_13245,0.126230
test_13246,1.000000
test_13247,1.000000
test_13248,0.999512
test_13249,0.722419
test_13250,1.000000
test_13251,0.000002
test_13252,0.100162
test_13253,0.000012
test_13254,0.000080
test_13255,0.983046
test_13256,0.000001
test_13257,0.000091
test_13258,0.999983
test_13259,0.999996
test_13260,0.000192
test_13261,0.000003
test_13262,0.000001
test_13263,0.272253
test_13264,0.995062
test_13265,1.000000
test_13266,0.999998
test_13267,0.044999
test_13268,0.000039
test_13269,0.000000
test_13270,0.000003
test_13271,0.000013
test_13272,0.000005
test_13273,1.000000
test_13274,0.000008
test_13275,0.975654
test_13276,0.692143
test_13277,0.000013
test_13278,0.013757
test_13279,0.000001
test_13280,0.000030
test_13281,1.000000
test_13282,0.000001
test_13283,0.307537
test_13284,0.999973
test_13285,0.000001
test_13286,0.999999
test_13287,0.000426
test_13288,0.999992
test_13289,0.000000
test_13290,1.000000
test_13291,0.999941
test_13292,1.000000
test_13293,0.999998
test_13294,0.999970
test_13295,1.000000
test_13296,0.999927
test_13297,0.000000
test_13298,1.000000
test_13299,1.000000
test_13300,0.944800
test_13301,0.999904
test_13302,0.999977
test_13303,0.000036
test_13304,0.920499
test_13305,0.342130
test_13306,0.000019
test_13307,0.000047
test_13308,1.000000
test_13309,0.999999
test_13310,0.997612
test_13311,1.000000
test_13312,0.000386
test_13313,0.983006
test_13314,0.996032
test_13315,0.999999
test_13316,0.000001
test_13317,1.000000
test_13318,0.000000
test_13319,1.000000
test_13320,0.000008
test_13321,0.402569
test_13322,0.000000
test_13323,1.000000
test_13324,0.033034
test_13325,0.000045
test_13326,0.000001
test_13327,0.999999
test_13328,0.000000
test_13329,0.000002
test_13330,0.000000
test_13331,0.000619
test_13332,0.000001
test_13333,0.999939
test_13334,0.000005
test_13335,0.000000
test_13336,0.002605
test_13337,0.999996
test_13338,0.014890
test_13339,0.723479
test_13340,0.000001
test_13341,0.999999
test_13342,0.000001
test_13343,0.999999
test_13344,0.999994
test_13345,0.999999
test_13346,0.198873
test_13347,0.000103
test_13348,0.053349
test_13349,0.000000
test_13350,0.000008
test_13351,0.999981
test_13352,0.000001
test_13353,0.000002
test_13354,1.000000
test_13355,0.274229
test_13356,1.000000
test_13357,0.000031
test_13358,1.000000
test_13359,0.115541
test_13360,0.999973
test_13361,0.000015
test_13362,1.000000
test_13363,0.000001
test_13364,0.764212
test_13365,0.999985
test_13366,1.000000
test_13367,1.000000
test_13368,0.332989
test_13369,0.002723
test_13370,0.000089
test_13371,1.000000
test_13372,0.999999
test_13373,0.996883
test_13374,1.000000
test_13375,1.000000
test_13376,1.000000
test_13377,0.999642
test_13378,0.000000
test_13379,0.000005
test_13380,0.999998
test_13381,0.000000
test_13382,1.000000
test_13383,1.000000
test_13384,0.999995
test_13385,0.999947
test_13386,0.000000
test_13387,0.000001
test_13388,0.000000
test_13389,0.000003
test_13390,0.000006
test_13391,0.999990
test_13392,0.998038
test_13393,0.999969
test_13394,0.999996
test_13395,0.577044
test_13396,1.000000
test_13397,0.023137
test_13398,0.000611
test_13399,0.999994
test_13400,0.999997
test_13401,0.000167
test_13402,0.999915
test_13403,0.998850
test_13404,1.000000
test_13405,0.999995
test_13406,1.000000
test_13407,0.000024
test_13408,0.000409
test_13409,0.998918
test_13410,0.000009
test_13411,1.000000
test_13412,0.999928
test_13413,0.901441
test_13414,0.857561
test_13415,1.000000
test_13416,1.000000
test_13417,0.000017
test_13418,0.000096
test_13419,0.851855
test_13420,1.000000
test_13421,0.000055
test_13422,0.000231
test_13423,0.000104
test_13424,0.999964
test_13425,0.000000
test_13426,0.000005
test_13427,1.000000
test_13428,1.000000
test_13429,0.996931
test_13430,0.000000
test_13431,1.000000
test_13432,0.000014
test_13433,0.956290
test_13434,0.999999
test_13435,0.011433
test_13436,0.000782
test_13437,0.000000
test_13438,1.000000
test_13439,1.000000
test_13440,0.999982
test_13441,0.999940
test_13442,1.000000
test_13443,0.212868
test_13444,0.999402
test_13445,0.999182
test_13446,0.000000
test_13447,0.996293
test_13448,0.000001
test_13449,0.000000
test_13450,0.935435
test_13451,0.000661
test_13452,0.999995
test_13453,0.999968
test_13454,0.000001
test_13455,0.002292
test_13456,1.000000
test_13457,0.999946
test_13458,0.994614
test_13459,0.999966
test_13460,0.537799
test_13461,0.000001
test_13462,0.999989
test_13463,0.000000
test_13464,0.000000
test_13465,0.813626
test_13466,0.999943
test_13467,0.011740
test_13468,0.000012
test_13469,1.000000
test_13470,0.977442
test_13471,0.999966
test_13472,0.999311
test_13473,1.000000
test_13474,0.072104
test_13475,0.999977
test_13476,0.000004
test_13477,1.000000
test_13478,0.999999
test_13479,0.999999
test_13480,0.999990
test_13481,1.000000
test_13482,0.122076
test_13483,0.994314
test_13484,0.000003
test_13485,0.999984
test_13486,0.072636
test_13487,0.988672
test_13488,0.000001
test_13489,0.963869
test_13490,0.000000
test_13491,0.000007
test_13492,1.000000
test_13493,1.000000
test_13494,0.000000
test_13495,0.000002
test_13496,0.999999
test_13497,0.000001
test_13498,0.909760
test_13499,0.000004
test_13500,0.999999
test_13501,0.000000
test_13502,0.258579
test_13503,0.000053
test_13504,0.000005
test_13505,0.028540
test_13506,0.000008
test_13507,0.000008
test_13508,1.000000
test_13509,0.000006
test_13510,0.907511
test_13511,0.998304
test_13512,0.999406
test_13513,0.000020
test_13514,0.000000
test_13515,0.999941
test_13516,0.035498
test_13517,0.900470
test_13518,0.000002
test_13519,0.999810
test_13520,0.012706
test_13521,1.000000
test_13522,0.000379
test_13523,0.999999
test_13524,0.999891
test_13525,0.999999
test_13526,0.003558
test_13527,0.999979
test_13528,0.007841
test_13529,1.000000
test_13530,1.000000
test_13531,0.000000
test_13532,0.005871
test_13533,0.999999
test_13534,0.000007
test_13535,1.000000
test_13536,0.999957
test_13537,0.000002
test_13538,0.000001
test_13539,0.000060
test_13540,0.999924
test_13541,0.999985
test_13542,0.000002
test_13543,0.000001
test_13544,1.000000
test_13545,0.154585
test_13546,1.000000
test_13547,0.000001
test_13548,0.994657
test_13549,0.999930
test_13550,0.000001
test_13551,1.000000
test_13552,0.000130
test_13553,0.999992
test_13554,0.999912
test_13555,0.000001
test_13556,0.002836
test_13557,1.000000
test_13558,0.000009
test_13559,0.000000
test_13560,0.000000
test_13561,0.000000
test_13562,0.000230
test_13563,1.000000
test_13564,0.999996
test_13565,1.000000
test_13566,0.999991
test_13567,0.999730
test_13568,0.411585
test_13569,1.000000
test_13570,1.000000
test_13571,0.000063
test_13572,0.999996
test_13573,0.999993
test_13574,0.005619
test_13575,1.000000
test_13576,0.000059
test_13577,0.000006
test_13578,0.999986
test_13579,0.006458
test_13580,0.000005
test_13581,1.000000
test_13582,1.000000
test_13583,0.000000
test_13584,1.000000
test_13585,1.000000
test_13586,1.000000
test_13587,0.000008
test_13588,0.999970
test_13589,0.999993
test_13590,0.023870
test_13591,0.065222
test_13592,0.999993
test_13593,1.000000
test_13594,0.044156
test_13595,0.000007
test_13596,0.000002
test_13597,0.000001
test_13598,0.000000
test_13599,0.999994
test_13600,0.000150
test_13601,0.999999
test_13602,1.000000
test_13603,1.000000
test_13604,1.000000
test_13605,0.000012
test_13606,1.000000
test_13607,0.001414
test_13608,0.000001
test_13609,0.999998
test_13610,0.999887
test_13611,0.997685
test_13612,0.999930
test_13613,0.992918
test_13614,1.000000
test_13615,0.996333
test_13616,0.000000
test_13617,0.999996
test_13618,0.000000
test_13619,1.000000
test_13620,0.998587
test_13621,0.995612
test_13622,1.000000
test_13623,0.000005
test_13624,0.000001
test_13625,0.999989
test_13626,0.000000
test_13627,0.000000
test_13628,0.983877
test_13629,0.000000
test_13630,0.000098
test_13631,0.000000
test_13632,0.999999
test_13633,0.001108
test_13634,0.999997
test_13635,0.999993
test_13636,0.999929
test_13637,0.999988
test_13638,0.999999
test_13639,0.770664
test_13640,0.041724
test_13641,0.998935
test_13642,0.003676
test_13643,0.000014
test_13644,0.000000
test_13645,0.999855
test_13646,0.999981
test_13647,0.999999
test_13648,0.021632
test_13649,0.000004
test_13650,0.000000
test_13651,0.000272
test_13652,0.085447
test_13653,0.975354
test_13654,0.000033
test_13655,0.000001
test_13656,0.000771
test_13657,0.002523
test_13658,0.999798
test_13659,0.999987
test_13660,0.002247
test_13661,0.000797
test_13662,1.000000
test_13663,0.000074
test_13664,0.999972
test_13665,0.000019
test_13666,1.000000
test_13667,0.000008
test_13668,0.000004
test_13669,0.999986
test_13670,0.000005
test_13671,0.041095
test_13672,0.000001
test_13673,0.000000
test_13674,0.972316
test_13675,0.019306
test_13676,0.998469
test_13677,0.000003
test_13678,0.000001
test_13679,0.281696
test_13680,0.000039
test_13681,1.000000
test_13682,0.999988
test_13683,1.000000
test_13684,0.000026
test_13685,0.999959
test_13686,0.000000
test_13687,1.000000
test_13688,0.999999
test_13689,0.999978
test_13690,0.808354
test_13691,1.000000
test_13692,0.992800
test_13693,0.000004
test_13694,0.000005
test_13695,0.999994
test_13696,1.000000
test_13697,0.000002
test_13698,0.999578
test_13699,1.000000
test_13700,0.989034
test_13701,0.000001
test_13702,1.000000
test_13703,0.000001
test_13704,0.000017
test_13705,0.969205
test_13706,0.000001
test_13707,0.000092
test_13708,0.000019
test_13709,0.999969
test_13710,0.000034
test_13711,0.000018
test_13712,0.999186
test_13713,0.994401
test_13714,0.000005
test_13715,0.998430
test_13716,0.000137
test_13717,1.000000
test_13718,0.999951
test_13719,0.999878
test_13720,0.999800
test_13721,0.999986
test_13722,0.112464
test_13723,0.000000
test_13724,0.000000
test_13725,0.980778
test_13726,0.000001
test_13727,0.999999
test_13728,0.000001
test_13729,0.999999
test_13730,0.000001
test_13731,0.000001
test_13732,1.000000
test_13733,1.000000
test_13734,0.000008
test_13735,0.999994
test_13736,1.000000
test_13737,0.000044
test_13738,0.999998
test_13739,1.000000
test_13740,0.000395
test_13741,0.042856
test_13742,0.000001
test_13743,0.000003
test_13744,0.982712
test_13745,0.029906
test_13746,0.105093
test_13747,0.000062
test_13748,0.000000
test_13749,0.583061
test_13750,0.000188
test_13751,1.000000
test_13752,0.000006
test_13753,0.905241
test_13754,0.822212
test_13755,0.000008
test_13756,1.000000
test_13757,0.998036
test_13758,0.732480
test_13759,0.999482
test_13760,0.000001
test_13761,0.000001
test_13762,0.000000
test_13763,1.000000
test_13764,1.000000
test_13765,0.793947
test_13766,0.000013
test_13767,0.592952
test_13768,0.999999
test_13769,0.999991
test_13770,0.000003
test_13771,0.617140
test_13772,0.000000
test_13773,0.999884
test_13774,0.000111
test_13775,0.000001
test_13776,0.999994
test_13777,0.000532
test_13778,0.213327
test_13779,0.949498
test_13780,1.000000
test_13781,0.000005
test_13782,1.000000
test_13783,0.009891
test_13784,0.000127
test_13785,0.999999
test_13786,0.000033
test_13787,1.000000
test_13788,0.000351
test_13789,0.985300
test_13790,0.000002
test_13791,0.000007
test_13792,0.997652
test_13793,0.000104
test_13794,0.000000
test_13795,0.000004
test_13796,1.000000
test_13797,0.999998
test_13798,0.000209
test_13799,0.000001
test_13800,0.999997
test_13801,0.917024
test_13802,0.039901
test_13803,0.000000
test_13804,0.020011
test_13805,0.000204
test_13806,0.999982
test_13807,0.000000
test_13808,1.000000
test_13809,0.000202
test_13810,1.000000
test_13811,0.000005
test_13812,0.999997
test_13813,1.000000
test_13814,0.000002
test_13815,0.999711
test_13816,0.999998
test_13817,0.999844
test_13818,0.003815
test_13819,0.944231
test_13820,0.998532
test_13821,0.947164
test_13822,0.000002
test_13823,1.000000
test_13824,0.000001
test_13825,0.000001
test_13826,0.999356
test_13827,0.999998
test_13828,0.999992
test_13829,1.000000
test_13830,0.000005
test_13831,0.000123
test_13832,0.999993
test_13833,0.999994
test_13834,0.008246
test_13835,0.999938
test_13836,0.999748
test_13837,0.027507
test_13838,0.999141
test_13839,0.866718
test_13840,0.999949
test_13841,0.000001
test_13842,0.999783
test_13843,0.000434
test_13844,0.000008
test_13845,0.999997
test_13846,0.999999
test_13847,0.000000
test_13848,1.000000
test_13849,0.998851
test_13850,0.999991
test_13851,0.999994
test_13852,0.914913
test_13853,0.999976
test_13854,0.999793
test_13855,0.000004
test_13856,0.000001
test_13857,1.000000
test_13858,0.999984
test_13859,0.794737
test_13860,0.556360
test_13861,0.999862
test_13862,0.999999
test_13863,0.999997
test_13864,0.000001
test_13865,1.000000
test_13866,0.000001
test_13867,0.000007
test_13868,0.000001
test_13869,0.948380
test_13870,0.000479
test_13871,0.306707
test_13872,0.000009
test_13873,0.999996
test_13874,1.000000
test_13875,0.000001
test_13876,1.000000
test_13877,0.000015
test_13878,0.999999
test_13879,0.000008
test_13880,0.999463
test_13881,0.999999
test_13882,0.000001
test_13883,0.999930
test_13884,0.000000
test_13885,0.000078
test_13886,0.000292
test_13887,0.999944
test_13888,0.999583
test_13889,0.145351
test_13890,0.215083
test_13891,0.999992
test_13892,1.000000
test_13893,0.001931
test_13894,0.000005
test_13895,0.000001
test_13896,0.999998
test_13897,0.000002
test_13898,0.969028
test_13899,1.000000
test_13900,0.999950
test_13901,0.000002
test_13902,0.000007
test_13903,0.999983
test_13904,0.990458
test_13905,0.000000
test_13906,1.000000
test_13907,1.000000
test_13908,0.000001
test_13909,0.212913
test_13910,1.000000
test_13911,0.001400
test_13912,0.981691
test_13913,0.761922
test_13914,0.310275
test_13915,0.004005
test_13916,0.999999
test_13917,0.000068
test_13918,0.318972
test_13919,0.999998
test_13920,0.588055
test_13921,1.000000
test_13922,0.620606
test_13923,1.000000
test_13924,0.999996
test_13925,0.999998
test_13926,0.999998
test_13927,0.000001
test_13928,0.999997
test_13929,1.000000
test_13930,1.000000
test_13931,1.000000
test_13932,1.000000
test_13933,0.121471
test_13934,0.000191
test_13935,0.000006
test_13936,1.000000
test_13937,0.063875
test_13938,0.992179
test_13939,1.000000
test_13940,0.999513
test_13941,0.000000
test_13942,0.000205
test_13943,0.999998
test_13944,1.000000
test_13945,0.000085
test_13946,0.000082
test_13947,0.999271
test_13948,0.000000
test_13949,0.000017
test_13950,0.000100
test_13951,0.000003
test_13952,1.000000
test_13953,0.501536
test_13954,1.000000
test_13955,0.999998
test_13956,0.999993
test_13957,0.000006
test_13958,0.999639
test_13959,0.000175
test_13960,1.000000
test_13961,1.000000
test_13962,0.988035
test_13963,1.000000
test_13964,1.000000
test_13965,1.000000
test_13966,0.000000
test_13967,1.000000
test_13968,0.977505
test_13969,0.000151
test_13970,0.000001
test_13971,0.983328
test_13972,0.000001
test_13973,1.000000
test_13974,0.999999
test_13975,1.000000
test_13976,0.001957
test_13977,1.000000
test_13978,0.998568
test_13979,0.000003
test_13980,0.000001
test_13981,0.000000
test_13982,0.000045
test_13983,0.999992
test_13984,0.976268
test_13985,1.000000
test_13986,0.652800
test_13987,0.000015
test_13988,1.000000
test_13989,0.999994
test_13990,0.999991
test_13991,0.000136
test_13992,0.999940
test_13993,0.042944
test_13994,0.003100
test_13995,0.999892
test_13996,0.999708
test_13997,0.000001
test_13998,0.000000
test_13999,1.000000
test_14000,0.000018
test_14001,0.000316
test_14002,0.000000
test_14003,0.956348
test_14004,0.278134
test_14005,0.000001
test_14006,1.000000
test_14007,0.999998
test_14008,0.995310
test_14009,1.000000
test_14010,0.000001
test_14011,0.998632
test_14012,1.000000
test_14013,1.000000
test_14014,0.268970
test_14015,0.999995
test_14016,1.000000
test_14017,0.000021
test_14018,0.000055
test_14019,0.990320
test_14020,0.155271
test_14021,0.004582
test_14022,0.999989
test_14023,0.000000
test_14024,0.000000
test_14025,1.000000
test_14026,0.000060
test_14027,0.000001
test_14028,1.000000
test_14029,0.000006
test_14030,0.999999
test_14031,1.000000
test_14032,0.000001
test_14033,0.000001
test_14034,0.000009
test_14035,0.726788
test_14036,0.165678
test_14037,0.593964
test_14038,0.000003
test_14039,0.007495
test_14040,0.000033
test_14041,0.000002
test_14042,0.999999
test_14043,0.999961
test_14044,0.338920
test_14045,0.000000
test_14046,0.000106
test_14047,0.999689
test_14048,0.000033
test_14049,0.000026
test_14050,0.000003
test_14051,0.000568
test_14052,0.999359
test_14053,0.999324
test_14054,1.000000
test_14055,0.000187
test_14056,0.000000
test_14057,0.999928
test_14058,0.999011
test_14059,1.000000
test_14060,0.211616
test_14061,1.000000
test_14062,0.000006
test_14063,0.000000
test_14064,1.000000
test_14065,0.999994
test_14066,0.000006
test_14067,0.000367
test_14068,1.000000
test_14069,0.000094
test_14070,0.000020
test_14071,0.000004
test_14072,0.791374
test_14073,0.000012
test_14074,0.995580
test_14075,0.001046
test_14076,0.000000
test_14077,0.999976
test_14078,1.000000
test_14079,1.000000
test_14080,0.999995
test_14081,0.238014
test_14082,0.000020
test_14083,0.000002
test_14084,0.999995
test_14085,1.000000
test_14086,0.001332
test_14087,1.000000
test_14088,1.000000
test_14089,0.350749
test_14090,0.006497
test_14091,0.000001
test_14092,1.000000
test_14093,0.000030
test_14094,1.000000
test_14095,0.999459
test_14096,0.999993
test_14097,0.999506
test_14098,1.000000
test_14099,0.000018
test_14100,0.001849
test_14101,0.999997
test_14102,0.034771
test_14103,0.000256
test_14104,0.999999
test_14105,0.000003
test_14106,0.980100
test_14107,0.999991
test_14108,0.063300
test_14109,0.000003
test_14110,0.000000
test_14111,0.999999
test_14112,0.872855
test_14113,0.000772
test_14114,0.000002
test_14115,0.000836
test_14116,0.999998
test_14117,1.000000
test_14118,0.000002
test_14119,1.000000
test_14120,0.000002
test_14121,0.000001
test_14122,0.999161
test_14123,0.999995
test_14124,0.000000
test_14125,0.988316
test_14126,0.999975
test_14127,0.993681
test_14128,0.000000
test_14129,0.026596
test_14130,0.000003
test_14131,0.000345
test_14132,1.000000
test_14133,0.000002
test_14134,0.000013
test_14135,0.989834
test_14136,0.364708
test_14137,0.000027
test_14138,0.000124
test_14139,0.000072
test_14140,0.984147
test_14141,0.089631
test_14142,0.000000
test_14143,0.000000
test_14144,0.000001
test_14145,0.000107
test_14146,0.976390
test_14147,0.999996
test_14148,0.082704
test_14149,0.999960
test_14150,0.003299
test_14151,0.995605
test_14152,0.992201
test_14153,0.000000
test_14154,0.021669
test_14155,0.001713
test_14156,0.000008
test_14157,0.000982
test_14158,0.999754
test_14159,0.000124
test_14160,0.000834
test_14161,0.000000
test_14162,0.999995
test_14163,1.000000
test_14164,0.007684
test_14165,1.000000
test_14166,0.000040
test_14167,1.000000
test_14168,0.000031
test_14169,0.000000
test_14170,1.000000
test_14171,0.999321
test_14172,0.000004
test_14173,0.000002
test_14174,0.994326
test_14175,0.999994
test_14176,0.000022
test_14177,0.000000
test_14178,0.000079
test_14179,0.999932
test_14180,0.000053
test_14181,0.989401
test_14182,0.000001
test_14183,0.999708
test_14184,0.350153
test_14185,0.999672
test_14186,0.000000
test_14187,0.000003
test_14188,0.197159
test_14189,0.000000
test_14190,0.999998
test_14191,1.000000
test_14192,0.999876
test_14193,0.000192
test_14194,0.000112
test_14195,1.000000
test_14196,0.999999
test_14197,1.000000
test_14198,0.998487
test_14199,0.958401
test_14200,0.000036
test_14201,0.000000
test_14202,0.000838
test_14203,0.995840
test_14204,0.000589
test_14205,0.036220
test_14206,0.999992
test_14207,0.000001
test_14208,0.999998
test_14209,0.001788
test_14210,0.999997
test_14211,0.000000
test_14212,0.999983
test_14213,0.000001
test_14214,1.000000
test_14215,0.999946
test_14216,0.005865
test_14217,0.001573
test_14218,0.000023
test_14219,0.994023
test_14220,0.000000
test_14221,1.000000
test_14222,0.000002
test_14223,0.000000
test_14224,0.001205
test_14225,1.000000
test_14226,0.000285
test_14227,1.000000
test_14228,0.000003
test_14229,0.999998
test_14230,0.999461
test_14231,0.000109
test_14232,0.000001
test_14233,1.000000
test_14234,0.000001
test_14235,0.004024
test_14236,0.000068
test_14237,0.999434
test_14238,0.999680
test_14239,0.999994
test_14240,0.000000
test_14241,0.012570
test_14242,0.000000
test_14243,0.999997
test_14244,1.000000
test_14245,1.000000
test_14246,0.999954
test_14247,0.999959
test_14248,0.999999
test_14249,0.000000
test_14250,0.999995
test_14251,1.000000
test_14252,0.777308
test_14253,1.000000
test_14254,1.000000
test_14255,0.000005
test_14256,0.000186
test_14257,1.000000
test_14258,0.000491
test_14259,0.989718
test_14260,0.000001
test_14261,0.000000
test_14262,0.389984
test_14263,0.000000
test_14264,0.061353
test_14265,0.000000
test_14266,0.000016
test_14267,0.998926
test_14268,0.000001
test_14269,0.000002
test_14270,0.000093
test_14271,0.000001
test_14272,0.992180
test_14273,0.000414
test_14274,0.999864
test_14275,0.000047
test_14276,0.000003
test_14277,0.000003
test_14278,0.983627
test_14279,1.000000
test_14280,1.000000
test_14281,0.053621
test_14282,0.123549
test_14283,0.000000
test_14284,0.999999
test_14285,0.984747
test_14286,1.000000
test_14287,0.002497
test_14288,0.994764
test_14289,0.999999
test_14290,0.000375
test_14291,1.000000
test_14292,0.000019
test_14293,1.000000
test_14294,0.000001
test_14295,0.999999
test_14296,1.000000
test_14297,0.999999
test_14298,0.999945
test_14299,0.999807
test_14300,0.009146
test_14301,0.000000
test_14302,0.000000
test_14303,0.993149
test_14304,0.951096
test_14305,0.997456
test_14306,0.999996
test_14307,0.993452
test_14308,1.000000
test_14309,0.000452
test_14310,0.000004
test_14311,1.000000
test_14312,0.998666
test_14313,0.999931
test_14314,0.650477
test_14315,0.000000
test_14316,0.000000
test_14317,0.975137
test_14318,0.000000
test_14319,1.000000
test_14320,0.000889
test_14321,1.000000
test_14322,0.691378
test_14323,0.000000
test_14324,0.441579
test_14325,0.000034
test_14326,0.000011
test_14327,0.000002
test_14328,1.000000
test_14329,0.022694
test_14330,0.000002
test_14331,0.000000
test_14332,0.227481
test_14333,0.000003
test_14334,0.999992
test_14335,0.999997
test_14336,0.999832
test_14337,0.000001
test_14338,0.000003
test_14339,0.999998
test_14340,0.508047
test_14341,0.999990
test_14342,0.000005
test_14343,0.922204
test_14344,0.241505
test_14345,0.000004
test_14346,1.000000
test_14347,0.999976
test_14348,0.000000
test_14349,0.993132
test_14350,0.000003
test_14351,0.000000
test_14352,0.000003
test_14353,0.999999
test_14354,0.000005
test_14355,0.999986
test_14356,0.007000
test_14357,0.000003
test_14358,0.999998
test_14359,1.000000
test_14360,1.000000
test_14361,0.000000
test_14362,1.000000
test_14363,0.000000
test_14364,1.000000
test_14365,0.002579
test_14366,0.999999
test_14367,1.000000
test_14368,0.999994
test_14369,0.999996
test_14370,1.000000
test_14371,0.999536
test_14372,0.000022
test_14373,0.999402
test_14374,0.000010
test_14375,0.000090
test_14376,0.051362
test_14377,0.000008
test_14378,1.000000
test_14379,0.000009
test_14380,1.000000
test_14381,0.066839
test_14382,0.000001
test_14383,1.000000
test_14384,0.000112
test_14385,0.001864
test_14386,0.000127
test_14387,0.178821
test_14388,0.000000
test_14389,0.088967
test_14390,1.000000
test_14391,0.999999
test_14392,1.000000
test_14393,0.060903
test_14394,1.000000
test_14395,0.917158
test_14396,1.000000
test_14397,1.000000
test_14398,0.969646
test_14399,0.999232
test_14400,0.043422
test_14401,0.011685
test_14402,0.000000
test_14403,0.999994
test_14404,0.003159
test_14405,1.000000
test_14406,0.637393
test_14407,0.997161
test_14408,0.005151
test_14409,0.999997
test_14410,0.071072
test_14411,0.000242
test_14412,0.602039
test_14413,1.000000
test_14414,0.000001
test_14415,0.000317
test_14416,0.999999
test_14417,0.000023
test_14418,0.000049
test_14419,0.000006
test_14420,0.000012
test_14421,0.996411
test_14422,0.939983
test_14423,0.902360
test_14424,0.000004
test_14425,0.999958
test_14426,0.000008
test_14427,0.999999
test_14428,0.000000
test_14429,1.000000
test_14430,0.000060
test_14431,0.983975
test_14432,0.000000
test_14433,1.000000
test_14434,1.000000
test_14435,0.000013
test_14436,0.999592
test_14437,0.999999
test_14438,1.000000
test_14439,0.002179
test_14440,0.000475
test_14441,1.000000
test_14442,0.000752
test_14443,1.000000
test_14444,0.999943
test_14445,0.000004
test_14446,0.000010
test_14447,1.000000
test_14448,0.000005
test_14449,0.000000
test_14450,0.250806
test_14451,0.999998
test_14452,0.000000
test_14453,0.607274
test_14454,0.000002
test_14455,0.999999
test_14456,0.999978
test_14457,0.607380
test_14458,0.999939
test_14459,0.000045
test_14460,0.233512
test_14461,0.000004
test_14462,1.000000
test_14463,0.929940
test_14464,1.000000
test_14465,1.000000
test_14466,0.024350
test_14467,0.749243
test_14468,0.112992
test_14469,0.000004
test_14470,0.999679
test_14471,0.001505
test_14472,0.000004
test_14473,0.950940
test_14474,0.999996
test_14475,0.893949
test_14476,1.000000
test_14477,0.999792
test_14478,0.999987
test_14479,0.281501
test_14480,1.000000
test_14481,0.045551
test_14482,0.369906
test_14483,0.004698
test_14484,1.000000
test_14485,0.326518
test_14486,0.000000
test_14487,0.999973
test_14488,0.999810
test_14489,0.003932
test_14490,0.020615
test_14491,1.000000
test_14492,0.897841
test_14493,0.938156
test_14494,0.169079
test_14495,0.000000
test_14496,0.000000
test_14497,1.000000
test_14498,0.999999
test_14499,0.000001
test_14500,0.000001
test_14501,0.000000
test_14502,1.000000
test_14503,0.996355
test_14504,0.000020
test_14505,0.000001
test_14506,0.000205
test_14507,1.000000
test_14508,0.998888
test_14509,0.000105
test_14510,0.998529
test_14511,0.997664
test_14512,1.000000
test_14513,0.000000
test_14514,0.852782
test_14515,0.000000
test_14516,1.000000
test_14517,0.000000
test_14518,1.000000
test_14519,0.991045
test_14520,0.017755
test_14521,0.999999
test_14522,0.000003
test_14523,1.000000
test_14524,0.999923
test_14525,0.221578
test_14526,0.000559
test_14527,0.823987
test_14528,0.999998
test_14529,0.000001
test_14530,0.982474
test_14531,0.109810
test_14532,0.133115
test_14533,0.000514
test_14534,0.999998
test_14535,0.000003
test_14536,0.999997
test_14537,0.000001
test_14538,0.096360
test_14539,0.000010
test_14540,0.968503
test_14541,0.000016
test_14542,1.000000
test_14543,0.000006
test_14544,0.000000
test_14545,0.999953
test_14546,1.000000
test_14547,0.999999
test_14548,0.789817
test_14549,0.000005
test_14550,0.999963
test_14551,1.000000
test_14552,0.000421
test_14553,1.000000
test_14554,0.000000
test_14555,0.000005
test_14556,0.999997
test_14557,1.000000
test_14558,0.000155
test_14559,0.000001
test_14560,0.000001
test_14561,1.000000
test_14562,0.987634
test_14563,1.000000
test_14564,0.000171
test_14565,1.000000
test_14566,0.070121
test_14567,1.000000
test_14568,1.000000
test_14569,0.999862
test_14570,1.000000
test_14571,0.001441
test_14572,0.999866
test_14573,1.000000
test_14574,1.000000
test_14575,0.000165
test_14576,0.975657
test_14577,0.999965
test_14578,0.000002
test_14579,0.000013
test_14580,0.999997
test_14581,0.655388
test_14582,0.999999
test_14583,1.000000
test_14584,1.000000
test_14585,0.999436
test_14586,0.996242
test_14587,0.002005
test_14588,0.999992
test_14589,0.000029
test_14590,1.000000
test_14591,0.999762
test_14592,0.813306
test_14593,1.000000
test_14594,1.000000
test_14595,0.979071
test_14596,0.000042
test_14597,0.907763
test_14598,0.000001
test_14599,1.000000
test_14600,0.999999
test_14601,1.000000
test_14602,0.993080
test_14603,0.002063
test_14604,0.999982
test_14605,0.000000
test_14606,0.992745
test_14607,0.000022
test_14608,1.000000
test_14609,0.941164
test_14610,0.000002
test_14611,0.079690
test_14612,0.000013
test_14613,1.000000
test_14614,1.000000
test_14615,0.999422
test_14616,0.019284
test_14617,0.999999
test_14618,0.999968
test_14619,0.999994
test_14620,0.999988
test_14621,0.999997
test_14622,1.000000
test_14623,1.000000
test_14624,0.999964
test_14625,0.999144
test_14626,0.999997
test_14627,0.999993
test_14628,0.000201
test_14629,0.999998
test_14630,0.017583
test_14631,0.001230
test_14632,0.000000
test_14633,0.999999
test_14634,0.030812
test_14635,0.380546
test_14636,0.000008
test_14637,0.000081
test_14638,1.000000
test_14639,0.000012
test_14640,0.024993
test_14641,0.000000
test_14642,0.000001
test_14643,0.999996
test_14644,0.000001
test_14645,0.790771
test_14646,0.005789
test_14647,0.175248
test_14648,0.000009
test_14649,0.999999
test_14650,0.999977
test_14651,1.000000
test_14652,0.000057
test_14653,0.999816
test_14654,0.000004
test_14655,0.022855
test_14656,0.000067
test_14657,0.003243
test_14658,0.000001
test_14659,0.999833
test_14660,0.000011
test_14661,0.000005
test_14662,1.000000
test_14663,0.028566
test_14664,1.000000
test_14665,0.000002
test_14666,0.999999
test_14667,0.999917
test_14668,0.999999
test_14669,0.000050
test_14670,0.999993
test_14671,0.000000
test_14672,0.997062
test_14673,0.531068
test_14674,0.000076
test_14675,0.999998
test_14676,1.000000
test_14677,0.000000
test_14678,0.000405
test_14679,1.000000
test_14680,0.000080
test_14681,0.999880
test_14682,1.000000
test_14683,0.000001
test_14684,0.999996
test_14685,1.000000
test_14686,0.032534
test_14687,0.449532
test_14688,1.000000
test_14689,0.000006
test_14690,0.949413
test_14691,1.000000
test_14692,0.000003
test_14693,0.940997
test_14694,0.965274
test_14695,0.999993
test_14696,0.999999
test_14697,0.000007
test_14698,1.000000
test_14699,0.999999
test_14700,1.000000
test_14701,0.001855
test_14702,1.000000
test_14703,0.000026
test_14704,1.000000
test_14705,0.000032
test_14706,0.996020
test_14707,0.000000
test_14708,0.000070
test_14709,0.999930
test_14710,1.000000
test_14711,0.000005
test_14712,0.000002
test_14713,0.080418
test_14714,1.000000
test_14715,0.001548
test_14716,0.999961
test_14717,0.913294
test_14718,0.000002
test_14719,0.001544
test_14720,1.000000
test_14721,0.999874
test_14722,1.000000
test_14723,0.999997
test_14724,0.996321
test_14725,0.999978
test_14726,1.000000
test_14727,0.999995
test_14728,0.046630
test_14729,0.000263
test_14730,0.999431
test_14731,1.000000
test_14732,0.999990
test_14733,0.999779
test_14734,0.003232
test_14735,0.980664
test_14736,0.998915
test_14737,1.000000
test_14738,0.000000
test_14739,1.000000
test_14740,1.000000
test_14741,0.000020
test_14742,0.000016
test_14743,1.000000
test_14744,1.000000
test_14745,1.000000
test_14746,0.991516
test_14747,0.999995
test_14748,0.000003
test_14749,0.999999
test_14750,0.000007
test_14751,0.000009
test_14752,0.000000
test_14753,0.000005
test_14754,0.999967
test_14755,0.998344
test_14756,1.000000
test_14757,0.999998
test_14758,1.000000
test_14759,0.000762
test_14760,0.999858
test_14761,0.001998
test_14762,0.000000
test_14763,0.001091
test_14764,1.000000
test_14765,0.000000
test_14766,1.000000
test_14767,1.000000
test_14768,1.000000
test_14769,1.000000
test_14770,1.000000
test_14771,0.999999
test_14772,0.000481
test_14773,0.000078
test_14774,0.289568
test_14775,0.000145
test_14776,0.781630
test_14777,0.999978
test_14778,0.999536
test_14779,0.000020
test_14780,1.000000
test_14781,0.000000
test_14782,0.999999
test_14783,0.000044
test_14784,0.999796
test_14785,0.999989
test_14786,0.000129
test_14787,0.000120
test_14788,0.999974
test_14789,0.995768
test_14790,0.910024
test_14791,0.999282
test_14792,0.864556
test_14793,1.000000
test_14794,0.000377
test_14795,0.999973
test_14796,0.999978
test_14797,1.000000
test_14798,1.000000
test_14799,0.028531
test_14800,0.000237
test_14801,0.000000
test_14802,0.000090
test_14803,0.007812
test_14804,0.000003
test_14805,0.000005
test_14806,0.000029
test_14807,0.000290
test_14808,0.968990
test_14809,1.000000
test_14810,0.042552
test_14811,0.947117
test_14812,0.999999
test_14813,0.999966
test_14814,0.999898
test_14815,0.999964
test_14816,0.000001
test_14817,0.999987
test_14818,0.003593
test_14819,1.000000
test_14820,0.001675
test_14821,0.000011
test_14822,1.000000
test_14823,0.001130
test_14824,0.998586
test_14825,0.001043
test_14826,0.013335
test_14827,0.999949
test_14828,0.000001
test_14829,1.000000
test_14830,0.005979
test_14831,0.998777
test_14832,0.000005
test_14833,0.000016
test_14834,0.999933
test_14835,0.000001
test_14836,0.999999
test_14837,0.000000
test_14838,0.000014
test_14839,0.992001
test_14840,0.000001
test_14841,1.000000
test_14842,1.000000
test_14843,0.000005
test_14844,0.996742
test_14845,1.000000
test_14846,0.999713
test_14847,1.000000
test_14848,0.999998
test_14849,0.999999
test_14850,0.000074
test_14851,0.999996
test_14852,0.000110
test_14853,0.002073
test_14854,0.774579
test_14855,0.999995
test_14856,0.000000
test_14857,0.999405
test_14858,0.396266
test_14859,0.999997
test_14860,0.999999
test_14861,0.002837
test_14862,0.999775
test_14863,0.001001
test_14864,0.000000
test_14865,0.999987
test_14866,0.000003
test_14867,0.000002
test_14868,0.000405
test_14869,1.000000
test_14870,0.000002
test_14871,0.999985
test_14872,0.999977
test_14873,0.000289
test_14874,0.000360
test_14875,0.999996
test_14876,0.000262
test_14877,0.000261
test_14878,1.000000
test_14879,0.999994
test_14880,1.000000
test_14881,0.000693
test_14882,0.000012
test_14883,0.999993
test_14884,0.000001
test_14885,0.999999
test_14886,0.999272
test_14887,0.617246
test_14888,0.999990
test_14889,0.000000
test_14890,0.000723
test_14891,1.000000
test_14892,0.000168
test_14893,0.000629
test_14894,0.306840
test_14895,0.871589
test_14896,0.000005
test_14897,0.000002
test_14898,1.000000
test_14899,0.000295
test_14900,0.000755
test_14901,0.000249
test_14902,0.000003
test_14903,0.999999
test_14904,0.999983
test_14905,0.999999
test_14906,0.999999
test_14907,0.937078
test_14908,0.011067
test_14909,0.000000
test_14910,0.910245
test_14911,0.999999
test_14912,1.000000
test_14913,0.999999
test_14914,0.999303
test_14915,0.000002
test_14916,1.000000
test_14917,0.914950
test_14918,0.996737
test_14919,0.000002
test_14920,0.000269
test_14921,0.000296
test_14922,0.000000
test_14923,0.000000
test_14924,1.000000
test_14925,1.000000
test_14926,0.000000
test_14927,0.000289
test_14928,1.000000
test_14929,0.002373
test_14930,0.000245
test_14931,0.999999
test_14932,0.034648
test_14933,0.003842
test_14934,0.000001
test_14935,0.000013
test_14936,0.999968
test_14937,0.999999
test_14938,0.813309
test_14939,0.000001
test_14940,0.000098
test_14941,0.999999
test_14942,0.999115
test_14943,0.000001
test_14944,0.368340
test_14945,0.000001
test_14946,0.000022
test_14947,0.999997
test_14948,0.956078
test_14949,0.746816
test_14950,0.999998
test_14951,0.000629
test_14952,0.000394
test_14953,1.000000
test_14954,0.000190
test_14955,0.000009
test_14956,0.020744
test_14957,0.999571
test_14958,0.000000
test_14959,0.000000
test_14960,0.997761
test_14961,0.997729
test_14962,0.999999
test_14963,0.998224
test_14964,0.008560
test_14965,1.000000
test_14966,1.000000
test_14967,0.000045
test_14968,0.000001
test_14969,0.000002
test_14970,0.000007
test_14971,0.000001
test_14972,0.999848
test_14973,0.000001
test_14974,1.000000
test_14975,1.000000
test_14976,0.000000
test_14977,0.000011
test_14978,0.000012
test_14979,0.000000
test_14980,0.999999
test_14981,0.147033
test_14982,0.999982
test_14983,1.000000
test_14984,0.000001
test_14985,0.000008
test_14986,0.999965
test_14987,0.014659
test_14988,0.999988
test_14989,1.000000
test_14990,0.000013
test_14991,1.000000
test_14992,0.999102
test_14993,0.999998
test_14994,0.765781
test_14995,0.000039
test_14996,0.999987
test_14997,0.000035
test_14998,1.000000
test_14999,0.999325
test_15000,0.999995
test_15001,1.000000
test_15002,0.000001
test_15003,0.000000
test_15004,0.000081
test_15005,0.000197
test_15006,0.000008
test_15007,0.736631
test_15008,1.000000
test_15009,0.000004
test_15010,0.000001
test_15011,0.014344
test_15012,0.000000
test_15013,1.000000
test_15014,0.102411
test_15015,0.999979
test_15016,0.000000
test_15017,0.000007
test_15018,1.000000
test_15019,0.997381
test_15020,0.999997
test_15021,0.000157
test_15022,0.000001
test_15023,0.999965
test_15024,0.999998
test_15025,0.000000
test_15026,0.000000
test_15027,0.000000
test_15028,0.000621
test_15029,0.999985
test_15030,0.000378
test_15031,0.000000
test_15032,0.000009
test_15033,0.000012
test_15034,1.000000
test_15035,0.999999
test_15036,0.000009
test_15037,0.000001
test_15038,0.999992
test_15039,0.999762
test_15040,1.000000
test_15041,0.000000
test_15042,0.999978
test_15043,0.000016
test_15044,0.988302
test_15045,0.000042
test_15046,0.000000
test_15047,0.999551
test_15048,1.000000
test_15049,1.000000
test_15050,1.000000
test_15051,0.999999
test_15052,0.271893
test_15053,0.000004
test_15054,0.000001
test_15055,0.000003
test_15056,1.000000
test_15057,0.999982
test_15058,0.998657
test_15059,0.999799
test_15060,0.999936
test_15061,0.999936
test_15062,0.999997
test_15063,0.992419
test_15064,0.000603
test_15065,1.000000
test_15066,0.000028
test_15067,1.000000
test_15068,0.002552
test_15069,0.000003
test_15070,0.948920
test_15071,0.012361
test_15072,0.999427
test_15073,0.000133
test_15074,0.000000
test_15075,0.000520
test_15076,0.988792
test_15077,0.999998
test_15078,0.042052
test_15079,0.466769
test_15080,0.017576
test_15081,0.912475
test_15082,0.999998
test_15083,0.999996
test_15084,0.999982
test_15085,0.999999
test_15086,0.000125
test_15087,0.997979
test_15088,0.999991
test_15089,0.000000
test_15090,0.000003
test_15091,0.999999
test_15092,1.000000
test_15093,0.783903
test_15094,1.000000
test_15095,0.000002
test_15096,0.000001
test_15097,1.000000
test_15098,0.010146
test_15099,0.999998
test_15100,1.000000
test_15101,0.000122
test_15102,1.000000
test_15103,0.000003
test_15104,1.000000
test_15105,0.999961
test_15106,0.999973
test_15107,0.000001
test_15108,0.000058
test_15109,0.826742
test_15110,0.999999
test_15111,1.000000
test_15112,1.000000
test_15113,0.384240
test_15114,0.997732
test_15115,0.999911
test_15116,1.000000
test_15117,0.998587
test_15118,0.000157
test_15119,0.000000
test_15120,0.000000
test_15121,0.000004
test_15122,0.000105
test_15123,0.000020
test_15124,0.000002
test_15125,0.912368
test_15126,0.998795
test_15127,0.999996
test_15128,0.000059
test_15129,0.000001
test_15130,0.000000
test_15131,0.898446
test_15132,0.648197
test_15133,1.000000
test_15134,0.999994
test_15135,1.000000
test_15136,1.000000
test_15137,0.408798
test_15138,0.999999
test_15139,0.000007
test_15140,0.000000
test_15141,0.999820
test_15142,0.999999
test_15143,0.000054
test_15144,0.000000
test_15145,0.999992
test_15146,1.000000
test_15147,0.000000
test_15148,0.018158
test_15149,0.000082
test_15150,0.317768
test_15151,1.000000
test_15152,0.006842
test_15153,0.000000
test_15154,1.000000
test_15155,0.000087
test_15156,0.000079
test_15157,0.004326
test_15158,0.000002
test_15159,0.000001
test_15160,0.911052
test_15161,1.000000
test_15162,0.999980
test_15163,0.000016
test_15164,1.000000
test_15165,0.000000
test_15166,0.000001
test_15167,0.255494
test_15168,0.000001
test_15169,0.000023
test_15170,0.000488
test_15171,0.999948
test_15172,0.000005
test_15173,0.000003
test_15174,0.000249
test_15175,0.997681
test_15176,0.999992
test_15177,0.000160
test_15178,0.000001
test_15179,0.070564
test_15180,0.999985
test_15181,0.000000
test_15182,0.005530
test_15183,0.000001
test_15184,0.998011
test_15185,1.000000
test_15186,1.000000
test_15187,0.999982
test_15188,0.609283
test_15189,1.000000
test_15190,0.000177
test_15191,0.013333
test_15192,0.000002
test_15193,0.829748
test_15194,0.000000
test_15195,0.000001
test_15196,0.000001
test_15197,1.000000
test_15198,0.000001
test_15199,0.000135
test_15200,0.000061
test_15201,0.914088
test_15202,1.000000
test_15203,0.000017
test_15204,1.000000
test_15205,1.000000
test_15206,0.999963
test_15207,0.999973
test_15208,0.000067
test_15209,0.000000
test_15210,0.000027
test_15211,0.000000
test_15212,0.000022
test_15213,0.999999
test_15214,0.998761
test_15215,1.000000
test_15216,0.999995
test_15217,0.633917
test_15218,1.000000
test_15219,1.000000
test_15220,0.000433
test_15221,0.000000
test_15222,1.000000
test_15223,0.000412
test_15224,0.000001
test_15225,0.000012
test_15226,0.019861
test_15227,0.000004
test_15228,1.000000
test_15229,0.000001
test_15230,1.000000
test_15231,0.612229
test_15232,0.000146
test_15233,0.000355
test_15234,0.976746
test_15235,0.000000
test_15236,0.999997
test_15237,0.000001
test_15238,0.999870
test_15239,0.006245
test_15240,0.999982
test_15241,0.002268
test_15242,0.000001
test_15243,0.000000
test_15244,0.000000
test_15245,0.999996
test_15246,0.000650
test_15247,0.999987
test_15248,0.999939
test_15249,0.999998
test_15250,0.999903
test_15251,1.000000
test_15252,0.999986
test_15253,1.000000
test_15254,0.000058
test_15255,0.000005
test_15256,0.000000
test_15257,0.198674
test_15258,0.000001
test_15259,0.999939
test_15260,0.999293
test_15261,0.999689
test_15262,0.944823
test_15263,1.000000
test_15264,0.000091
test_15265,0.999987
test_15266,0.999997
test_15267,0.000001
test_15268,0.000013
test_15269,0.995096
test_15270,0.999635
test_15271,0.994455
test_15272,1.000000
test_15273,0.975339
test_15274,0.000004
test_15275,0.000010
test_15276,0.035305
test_15277,0.019886
test_15278,1.000000
test_15279,0.999754
test_15280,0.999986
test_15281,0.000001
test_15282,1.000000
test_15283,1.000000
test_15284,0.999890
test_15285,0.233109
test_15286,0.003450
test_15287,0.051100
test_15288,0.000050
test_15289,0.118290
test_15290,0.000511
test_15291,0.927957
test_15292,0.000004
test_15293,0.000018
test_15294,0.994602
test_15295,0.972938
test_15296,0.945543
test_15297,0.020606
test_15298,0.000002
test_15299,0.000034
test_15300,0.000007
test_15301,0.000000
test_15302,0.000000
test_15303,0.983550
test_15304,0.999477
test_15305,0.999997
test_15306,0.999999
test_15307,0.995815
test_15308,0.000227
test_15309,1.000000
test_15310,0.386957
test_15311,0.000001
test_15312,0.000005
test_15313,0.000001
test_15314,0.000098
test_15315,0.947640
test_15316,0.999740
test_15317,0.998924
test_15318,0.069511
test_15319,0.000085
test_15320,0.000102
test_15321,1.000000
test_15322,0.004988
test_15323,0.999994
test_15324,1.000000
test_15325,0.999995
test_15326,0.999559
test_15327,0.974431
test_15328,0.166718
test_15329,0.976193
test_15330,0.000001
test_15331,1.000000
test_15332,0.999606
test_15333,0.000003
test_15334,0.001579
test_15335,0.000094
test_15336,0.999969
test_15337,0.999980
test_15338,0.000155
test_15339,0.007413
test_15340,1.000000
test_15341,0.999463
test_15342,0.000001
test_15343,0.000002
test_15344,1.000000
test_15345,0.876285
test_15346,0.000004
test_15347,0.195733
test_15348,0.000000
test_15349,0.999998
test_15350,0.000059
test_15351,0.398789
test_15352,0.000002
test_15353,0.998225
test_15354,1.000000
test_15355,0.000338
test_15356,0.000006
test_15357,0.000000
test_15358,0.965831
test_15359,0.970309
test_15360,0.835432
test_15361,1.000000
test_15362,0.000165
test_15363,0.000092
test_15364,0.999999
test_15365,0.000004
test_15366,0.002135
test_15367,1.000000
test_15368,0.999996
test_15369,1.000000
test_15370,0.000090
test_15371,0.000795
test_15372,0.000000
test_15373,0.031971
test_15374,0.999999
test_15375,0.000002
test_15376,0.999999
test_15377,0.978044
test_15378,0.999999
test_15379,0.999987
test_15380,1.000000
test_15381,0.999994
test_15382,0.000001
test_15383,0.601732
test_15384,0.316443
test_15385,0.000007
test_15386,0.998150
test_15387,1.000000
test_15388,0.999999
test_15389,1.000000
test_15390,0.000001
test_15391,0.999994
test_15392,0.000810
test_15393,0.999777
test_15394,0.000001
test_15395,0.995726
test_15396,0.000081
test_15397,1.000000
test_15398,0.999966
test_15399,0.006312
test_15400,0.998516
test_15401,0.001671
test_15402,0.999769
test_15403,0.000230
test_15404,0.898020
test_15405,1.000000
test_15406,0.996257
test_15407,1.000000
test_15408,0.000245
test_15409,0.842851
test_15410,0.970953
test_15411,0.999912
test_15412,0.999995
test_15413,0.999989
test_15414,0.999758
test_15415,0.973716
test_15416,0.000013
test_15417,1.000000
test_15418,1.000000
test_15419,1.000000
test_15420,1.000000
test_15421,0.998837
test_15422,0.078874
test_15423,0.583666
test_15424,1.000000
test_15425,1.000000
test_15426,1.000000
test_15427,0.999996
test_15428,1.000000
test_15429,0.081313
test_15430,1.000000
test_15431,1.000000
test_15432,0.000009
test_15433,0.230800
test_15434,0.003240
test_15435,1.000000
test_15436,0.000000
test_15437,1.000000
test_15438,0.000001
test_15439,1.000000
test_15440,0.000041
test_15441,1.000000
test_15442,0.002079
test_15443,0.001617
test_15444,0.000001
test_15445,0.999166
test_15446,0.999997
test_15447,0.000001
test_15448,0.374718
test_15449,0.000004
test_15450,1.000000
test_15451,0.000000
test_15452,1.000000
test_15453,0.974395
test_15454,0.914428
test_15455,1.000000
test_15456,0.999503
test_15457,0.052020
test_15458,0.000071
test_15459,0.000276
test_15460,0.999964
test_15461,0.999999
test_15462,0.999999
test_15463,0.000001
test_15464,0.000001
test_15465,0.999999
test_15466,1.000000
test_15467,0.997760
test_15468,0.999991
test_15469,0.000075
test_15470,0.983288
test_15471,0.000116
test_15472,0.000001
test_15473,0.999217
test_15474,0.000001
test_15475,0.025861
test_15476,0.000033
test_15477,1.000000
test_15478,1.000000
test_15479,1.000000
test_15480,0.984084
test_15481,1.000000
test_15482,0.093298
test_15483,0.997682
test_15484,0.000001
test_15485,0.999883
test_15486,0.999755
test_15487,0.000000
test_15488,0.010066
test_15489,0.000018
test_15490,0.000001
test_15491,0.000000
test_15492,0.892129
test_15493,0.000014
test_15494,0.730002
test_15495,0.000573
test_15496,0.000000
test_15497,0.999977
test_15498,1.000000
test_15499,0.999995
test_15500,0.000019
test_15501,1.000000
test_15502,0.999640
test_15503,1.000000
test_15504,0.999927
test_15505,0.999999
test_15506,0.999995
test_15507,0.000004
test_15508,0.999990
test_15509,0.000081
test_15510,0.000021
test_15511,0.999997
test_15512,0.000000
test_15513,0.999947
test_15514,0.999869
test_15515,1.000000
test_15516,0.993988
test_15517,0.000056
test_15518,0.000008
test_15519,1.000000
test_15520,0.000001
test_15521,0.998003
test_15522,0.999376
test_15523,0.015023
test_15524,0.000001
test_15525,0.000434
test_15526,0.999999
test_15527,0.999999
test_15528,0.000004
test_15529,0.000003
test_15530,0.999958
test_15531,0.000014
test_15532,0.000022
test_15533,0.603873
test_15534,0.000001
test_15535,0.000001
test_15536,0.000002
test_15537,0.999981
test_15538,0.001243
test_15539,0.000009
test_15540,0.000003
test_15541,1.000000
test_15542,0.000185
test_15543,0.404902
test_15544,0.992659
test_15545,0.000629
test_15546,0.002828
test_15547,0.000000
test_15548,0.000006
test_15549,0.013427
test_15550,0.999997
test_15551,0.139768
test_15552,0.002302
test_15553,0.999999
test_15554,0.000130
test_15555,0.999975
test_15556,0.227562
test_15557,0.000001
test_15558,0.005352
test_15559,0.999971
test_15560,1.000000
test_15561,0.997954
test_15562,1.000000
test_15563,1.000000
test_15564,0.000003
test_15565,0.003314
test_15566,0.888285
test_15567,0.000005
test_15568,1.000000
test_15569,0.000006
test_15570,0.999459
test_15571,0.156494
test_15572,0.000134
test_15573,0.546324
test_15574,1.000000
test_15575,0.006563
test_15576,1.000000
test_15577,0.999999
test_15578,1.000000
test_15579,0.998917
test_15580,0.901900
test_15581,0.000004
test_15582,0.996135
test_15583,0.000000
test_15584,0.699043
test_15585,1.000000
test_15586,0.759493
test_15587,0.019343
test_15588,0.456456
test_15589,1.000000
test_15590,0.000000
test_15591,0.000009
test_15592,1.000000
test_15593,0.999999
test_15594,0.950319
test_15595,0.038697
test_15596,0.999999
test_15597,1.000000
test_15598,0.499431
test_15599,0.229010
test_15600,0.721703
test_15601,0.999986
test_15602,0.000002
test_15603,0.000000
test_15604,0.012438
test_15605,0.000000
test_15606,0.719168
test_15607,0.840376
test_15608,0.000210
test_15609,1.000000
test_15610,0.999735
test_15611,0.000175
test_15612,1.000000
test_15613,0.999999
test_15614,0.000009
test_15615,0.005172
test_15616,0.360630
test_15617,0.999995
test_15618,0.000106
test_15619,1.000000
test_15620,0.000002
test_15621,0.999995
test_15622,0.000005
test_15623,0.000001
test_15624,0.000000
test_15625,0.117564
test_15626,1.000000
test_15627,1.000000
test_15628,0.066554
test_15629,0.000001
test_15630,0.000000
test_15631,0.999843
test_15632,0.999968
test_15633,0.998955
test_15634,0.000000
test_15635,0.000000
test_15636,0.999939
test_15637,1.000000
test_15638,1.000000
test_15639,0.000003
test_15640,0.999277
test_15641,0.999994
test_15642,0.003084
test_15643,1.000000
test_15644,0.999631
test_15645,1.000000
test_15646,1.000000
test_15647,0.000000
test_15648,0.997462
test_15649,0.232814
test_15650,1.000000
test_15651,0.000005
test_15652,1.000000
test_15653,0.000008
test_15654,1.000000
test_15655,0.013352
test_15656,0.999985
test_15657,0.997322
test_15658,0.989058
test_15659,0.000000
test_15660,0.999982
test_15661,0.000248
test_15662,0.915960
test_15663,1.000000
test_15664,0.000001
test_15665,0.468485
test_15666,0.999999
test_15667,0.000204
test_15668,0.999999
test_15669,0.995749
test_15670,0.002434
test_15671,0.872691
test_15672,1.000000
test_15673,0.000100
test_15674,0.287705
test_15675,1.000000
test_15676,0.000404
test_15677,0.000000
test_15678,1.000000
test_15679,0.988920
test_15680,0.998256
test_15681,0.000134
test_15682,0.000001
test_15683,0.975887
test_15684,1.000000
test_15685,0.000005
test_15686,0.986643
test_15687,0.999999
test_15688,0.999854
test_15689,0.000096
test_15690,0.674986
test_15691,0.000001
test_15692,0.000004
test_15693,1.000000
test_15694,0.000010
test_15695,0.000002
test_15696,0.999999
test_15697,1.000000
test_15698,0.000002
test_15699,0.999989
test_15700,0.000039
test_15701,1.000000
test_15702,1.000000
test_15703,1.000000
test_15704,0.000001
test_15705,0.000002
test_15706,1.000000
test_15707,1.000000
test_15708,0.000598
test_15709,1.000000
test_15710,0.999999
test_15711,0.999997
test_15712,0.000000
test_15713,0.999079
test_15714,0.000149
test_15715,0.999997
test_15716,0.000780
test_15717,0.000294
test_15718,0.999999
test_15719,0.000098
test_15720,0.999998
test_15721,1.000000
test_15722,1.000000
test_15723,1.000000
test_15724,0.999712
test_15725,0.373008
test_15726,1.000000
test_15727,0.995611
test_15728,0.000254
test_15729,0.000000
test_15730,0.000005
test_15731,0.000224
test_15732,0.984808
test_15733,0.999995
test_15734,0.000001
test_15735,0.034252
test_15736,0.000005
test_15737,1.000000
test_15738,0.328827
test_15739,0.999987
test_15740,0.000003
test_15741,0.998930
test_15742,0.815594
test_15743,1.000000
test_15744,0.001314
test_15745,0.999996
test_15746,1.000000
test_15747,1.000000
test_15748,0.000001
test_15749,0.001400
test_15750,0.490018
test_15751,1.000000
test_15752,0.999999
test_15753,0.999991
test_15754,0.000001
test_15755,1.000000
test_15756,0.000004
test_15757,1.000000
test_15758,0.571331
test_15759,0.000005
test_15760,0.999972
test_15761,1.000000
test_15762,0.997820
test_15763,0.012314
test_15764,0.966056
test_15765,0.738670
test_15766,0.000001
test_15767,0.999987
test_15768,0.999307
test_15769,0.000002
test_15770,0.999998
test_15771,0.433025
test_15772,0.999624
test_15773,0.000060
test_15774,1.000000
test_15775,1.000000
test_15776,0.000018
test_15777,0.000007
test_15778,0.000039
test_15779,0.026547
test_15780,0.000006
test_15781,0.000070
test_15782,0.999999
test_15783,1.000000
test_15784,0.004016
test_15785,0.998742
test_15786,0.999983
test_15787,0.000396
test_15788,0.006390
test_15789,0.000002
test_15790,1.000000
test_15791,0.976531
test_15792,1.000000
test_15793,0.829096
test_15794,1.000000
test_15795,0.000164
test_15796,0.016399
test_15797,0.051893
test_15798,0.953620
test_15799,0.000003
test_15800,0.980162
test_15801,0.999999
test_15802,0.954308
test_15803,0.000010
test_15804,0.000003
test_15805,1.000000
test_15806,0.002462
test_15807,1.000000
test_15808,0.987068
test_15809,0.065559
test_15810,0.000096
test_15811,1.000000
test_15812,0.949907
test_15813,1.000000
test_15814,0.047170
test_15815,0.000375
test_15816,0.990619
test_15817,0.000002
test_15818,0.036742
test_15819,0.999997
test_15820,0.002280
test_15821,0.999994
test_15822,0.999999
test_15823,0.000005
test_15824,0.833274
test_15825,0.000000
test_15826,0.000000
test_15827,1.000000
test_15828,0.999997
test_15829,0.999996
test_15830,0.005533
test_15831,0.000001
test_15832,0.999999
test_15833,0.999104
test_15834,0.003325
test_15835,0.000003
test_15836,1.000000
test_15837,0.999997
test_15838,0.000000
test_15839,1.000000
test_15840,0.991324
test_15841,0.000001
test_15842,0.999651
test_15843,0.855108
test_15844,0.073231
test_15845,0.999995
test_15846,0.829308
test_15847,0.000000
test_15848,0.000036
test_15849,0.983288
test_15850,0.000000
test_15851,0.618610
test_15852,0.000000
test_15853,0.999892
test_15854,0.999710
test_15855,1.000000
test_15856,0.030035
test_15857,0.000007
test_15858,0.999988
test_15859,0.999873
test_15860,0.000049
test_15861,0.999995
test_15862,0.000002
test_15863,0.999851
test_15864,0.999996
test_15865,0.999609
test_15866,0.999986
test_15867,0.999989
test_15868,0.999999
test_15869,0.108957
test_15870,0.000018
test_15871,0.765772
test_15872,0.000130
test_15873,0.000005
test_15874,0.998686
test_15875,0.000000
test_15876,0.000006
test_15877,0.001804
test_15878,0.999989
test_15879,0.044109
test_15880,0.153501
test_15881,0.000006
test_15882,0.994225
test_15883,0.000031
test_15884,1.000000
test_15885,0.999965
test_15886,0.000029
test_15887,1.000000
test_15888,0.999977
test_15889,0.999806
test_15890,0.242387
test_15891,0.000772
test_15892,0.999999
test_15893,0.000008
test_15894,0.000018
test_15895,1.000000
test_15896,0.999973
test_15897,0.999998
test_15898,0.308510
test_15899,0.000011
test_15900,1.000000
test_15901,1.000000
test_15902,0.000002
test_15903,0.139494
test_15904,0.000001
test_15905,0.996228
test_15906,0.000000
test_15907,1.000000
test_15908,0.000000
test_15909,1.000000
test_15910,0.999744
test_15911,0.416499
test_15912,1.000000
test_15913,0.999998
test_15914,1.000000
test_15915,0.000001
test_15916,0.000001
test_15917,0.000002
test_15918,0.000000
test_15919,1.000000
test_15920,0.999997
test_15921,0.999991
test_15922,0.002755
test_15923,1.000000
test_15924,0.000762
test_15925,0.000520
test_15926,1.000000
test_15927,1.000000
test_15928,0.999983
test_15929,0.999979
test_15930,0.000018
test_15931,0.000178
test_15932,0.999994
test_15933,1.000000
test_15934,0.000001
test_15935,1.000000
test_15936,0.866426
test_15937,1.000000
test_15938,0.999971
test_15939,0.999683
test_15940,0.832708
test_15941,1.000000
test_15942,0.000000
test_15943,1.000000
test_15944,0.000003
test_15945,0.999999
test_15946,0.988479
test_15947,0.247687
test_15948,0.999984
test_15949,0.999984
test_15950,0.000012
test_15951,0.000001
test_15952,0.968753
test_15953,0.177068
test_15954,1.000000
test_15955,0.000031
test_15956,0.000092
test_15957,0.000000
test_15958,1.000000
test_15959,1.000000
test_15960,0.000299
test_15961,0.952347
test_15962,0.999999
test_15963,0.008380
test_15964,0.999635
test_15965,0.000005
test_15966,0.999997
test_15967,0.000357
test_15968,0.000001
test_15969,0.000571
test_15970,0.165043
test_15971,0.000000
test_15972,0.000003
test_15973,0.000032
test_15974,0.819399
test_15975,0.370571
test_15976,0.890107
test_15977,0.999805
test_15978,0.539157
test_15979,0.995952
test_15980,0.003212
test_15981,0.999999
test_15982,0.000000
test_15983,1.000000
test_15984,1.000000
test_15985,0.000000
test_15986,0.000031
test_15987,0.000000
test_15988,1.000000
test_15989,0.000007
test_15990,1.000000
test_15991,1.000000
test_15992,0.000001
test_15993,0.995270
test_15994,0.009415
test_15995,0.998292
test_15996,0.000001
test_15997,0.000001
test_15998,0.000001
test_15999,0.986851
test_16000,0.000002
test_16001,0.004330
test_16002,0.000033
test_16003,0.790466
test_16004,0.000007
test_16005,0.000000
test_16006,0.007596
test_16007,0.999990
test_16008,0.237149
test_16009,0.000015
test_16010,0.638665
test_16011,0.753901
test_16012,0.000000
test_16013,1.000000
test_16014,0.000000
test_16015,0.000002
test_16016,0.547814
test_16017,0.000002
test_16018,0.999995
test_16019,0.000000
test_16020,1.000000
test_16021,0.999999
test_16022,1.000000
test_16023,0.000248
test_16024,0.000011
test_16025,0.000167
test_16026,0.983065
test_16027,0.999773
test_16028,0.000004
test_16029,0.000001
test_16030,0.000000
test_16031,0.000271
test_16032,0.999998
test_16033,0.000001
test_16034,1.000000
test_16035,0.011944
test_16036,0.000000
test_16037,0.000111
test_16038,0.000000
test_16039,0.005341
test_16040,0.305020
test_16041,1.000000
test_16042,1.000000
test_16043,1.000000
test_16044,0.999981
test_16045,0.999999
test_16046,0.001278
test_16047,0.791960
test_16048,1.000000
test_16049,0.321930
test_16050,0.999999
test_16051,0.999997
test_16052,0.000000
test_16053,0.999999
test_16054,0.000000
test_16055,0.000065
test_16056,0.999642
test_16057,0.090320
test_16058,0.985646
test_16059,1.000000
test_16060,1.000000
test_16061,0.999974
test_16062,0.000002
test_16063,0.999216
test_16064,0.999996
test_16065,0.999995
test_16066,0.991731
test_16067,1.000000
test_16068,0.000082
test_16069,0.122506
test_16070,0.984503
test_16071,1.000000
test_16072,0.026651
test_16073,0.000000
test_16074,0.023823
test_16075,0.999999
test_16076,0.993004
test_16077,0.999999
test_16078,0.853822
test_16079,0.056223
test_16080,1.000000
test_16081,0.999999
test_16082,0.999915
test_16083,0.000148
test_16084,0.000000
test_16085,0.000084
test_16086,1.000000
test_16087,0.999798
test_16088,0.999995
test_16089,0.004780
test_16090,0.000001
test_16091,0.999759
test_16092,0.009465
test_16093,0.008085
test_16094,0.999829
test_16095,0.999989
test_16096,1.000000
test_16097,0.065725
test_16098,0.999880
test_16099,1.000000
test_16100,0.000009
test_16101,0.000002
test_16102,1.000000
test_16103,0.000001
test_16104,0.000212
test_16105,0.999692
test_16106,0.999997
test_16107,0.999987
test_16108,0.000001
test_16109,1.000000
test_16110,0.000000
test_16111,0.999999
test_16112,1.000000
test_16113,0.999999
test_16114,0.001622
test_16115,0.003031
test_16116,0.000010
test_16117,1.000000
test_16118,0.999945
test_16119,0.999234
test_16120,0.000003
test_16121,1.000000
test_16122,0.000000
test_16123,0.999997
test_16124,0.999901
test_16125,0.999990
test_16126,0.034139
test_16127,0.998555
test_16128,0.000008
test_16129,0.000035
test_16130,0.999873
test_16131,0.000734
test_16132,0.999999
test_16133,0.000025
test_16134,0.999995
test_16135,1.000000
test_16136,0.482446
test_16137,0.999988
test_16138,0.314310
test_16139,1.000000
test_16140,0.005306
test_16141,0.000048
test_16142,0.000002
test_16143,0.992184
test_16144,0.814931
test_16145,0.088174
test_16146,0.000000
test_16147,0.155421
test_16148,0.006219
test_16149,0.000002
test_16150,0.996306
test_16151,0.999991
test_16152,0.000001
test_16153,0.999999
test_16154,0.000002
test_16155,1.000000
test_16156,0.999996
test_16157,0.000000
test_16158,0.000060
test_16159,0.846208
test_16160,0.272366
test_16161,1.000000
test_16162,0.999916
test_16163,0.000003
test_16164,0.001683
test_16165,0.000010
test_16166,0.000001
test_16167,0.237504
test_16168,0.000000
test_16169,0.999992
test_16170,1.000000
test_16171,0.000054
test_16172,0.000000
test_16173,0.999960
test_16174,0.000001
test_16175,0.999993
test_16176,0.000316
test_16177,0.000001
test_16178,0.000016
test_16179,0.000002
test_16180,0.000012
test_16181,0.999995
test_16182,0.000599
test_16183,0.018878
test_16184,0.002275
test_16185,1.000000
test_16186,0.000023
test_16187,0.000003
test_16188,0.974329
test_16189,1.000000
test_16190,0.891622
test_16191,0.000334
test_16192,0.999990
test_16193,0.998468
test_16194,0.000000
test_16195,1.000000
test_16196,0.000007
test_16197,0.999764
test_16198,0.000004
test_16199,0.994703
test_16200,0.335327
test_16201,0.000001
test_16202,1.000000
test_16203,1.000000
test_16204,0.999993
test_16205,1.000000
test_16206,0.999998
test_16207,0.999998
test_16208,0.000114
test_16209,0.004984
test_16210,0.999994
test_16211,0.999999
test_16212,0.999988
test_16213,0.999449
test_16214,0.000001
test_16215,0.876827
test_16216,0.959936
test_16217,0.000018
test_16218,1.000000
test_16219,0.997141
test_16220,1.000000
test_16221,0.986588
test_16222,0.999982
test_16223,0.998239
test_16224,1.000000
test_16225,1.000000
test_16226,0.916371
test_16227,0.000001
test_16228,0.000905
test_16229,0.999998
test_16230,0.999826
test_16231,0.997429
test_16232,0.000005
test_16233,0.000000
test_16234,0.890562
test_16235,0.845219
test_16236,0.000002
test_16237,1.000000
test_16238,0.127058
test_16239,0.000024
test_16240,0.999999
test_16241,0.000000
test_16242,0.000025
test_16243,1.000000
test_16244,0.000298
test_16245,0.999999
test_16246,1.000000
test_16247,0.000001
test_16248,0.999999
test_16249,0.000002
test_16250,0.999984
test_16251,0.418318
test_16252,0.000001
test_16253,0.983813
test_16254,0.996038
test_16255,0.645860
test_16256,0.034443
test_16257,0.442510
test_16258,0.987069
test_16259,1.000000
test_16260,0.757018
test_16261,0.999931
test_16262,0.999986
test_16263,0.537126
test_16264,0.000071
test_16265,0.999998
test_16266,1.000000
test_16267,0.000001
test_16268,1.000000
test_16269,0.000000
test_16270,0.993374
test_16271,1.000000
test_16272,1.000000
test_16273,1.000000
test_16274,0.647968
test_16275,0.000006
test_16276,0.998545
test_16277,1.000000
test_16278,0.004005
test_16279,0.000003
test_16280,0.999951
test_16281,0.999998
test_16282,1.000000
test_16283,0.000002
test_16284,0.025469
test_16285,0.988133
test_16286,0.000035
test_16287,1.000000
test_16288,0.000003
test_16289,0.998557
test_16290,0.012003
test_16291,0.999999
test_16292,0.999997
test_16293,0.896705
test_16294,0.000005
test_16295,1.000000
test_16296,0.000000
test_16297,1.000000
test_16298,0.999161
test_16299,0.999987
test_16300,0.000000
test_16301,0.000017
test_16302,0.009592
test_16303,1.000000
test_16304,0.000031
test_16305,1.000000
test_16306,0.999944
test_16307,1.000000
test_16308,0.999996
test_16309,1.000000
test_16310,0.037964
test_16311,0.999999
test_16312,0.017292
test_16313,0.000000
test_16314,0.979720
test_16315,0.999964
test_16316,0.166658
test_16317,0.999999
test_16318,0.999995
test_16319,0.000000
test_16320,0.999999
test_16321,0.886114
test_16322,0.000122
test_16323,0.006391
test_16324,1.000000
test_16325,0.000044
test_16326,0.997386
test_16327,0.003022
test_16328,0.980862
test_16329,0.000001
test_16330,0.999223
test_16331,0.000000
test_16332,0.999862
test_16333,0.000407
test_16334,0.999997
test_16335,1.000000
test_16336,0.000034
test_16337,0.999989
test_16338,0.999997
test_16339,0.999888
test_16340,0.976704
test_16341,1.000000
test_16342,1.000000
test_16343,0.999864
test_16344,0.998664
test_16345,0.000005
test_16346,0.999909
test_16347,0.000005
test_16348,1.000000
test_16349,0.999999
test_16350,0.980417
test_16351,0.839621
test_16352,0.000000
test_16353,0.999989
test_16354,0.000058
test_16355,1.000000
test_16356,0.997658
test_16357,0.996221
test_16358,0.000059
test_16359,0.999999
test_16360,0.000564
test_16361,0.000000
test_16362,0.987184
test_16363,0.169382
test_16364,0.000012
test_16365,0.999857
test_16366,0.000001
test_16367,0.999999
test_16368,0.000000
test_16369,0.000012
test_16370,0.000350
test_16371,0.999539
test_16372,1.000000
test_16373,0.997978
test_16374,0.000002
test_16375,0.969782
test_16376,1.000000
test_16377,0.999999
test_16378,0.030426
test_16379,0.000024
test_16380,0.000000
test_16381,0.107468
test_16382,0.000000
test_16383,0.998938
test_16384,0.999998
test_16385,0.000007
test_16386,0.999662
test_16387,1.000000
test_16388,0.986290
test_16389,0.993707
test_16390,1.000000
test_16391,0.000029
test_16392,1.000000
test_16393,0.000001
test_16394,0.765795
test_16395,0.000002
test_16396,1.000000
test_16397,0.000000
test_16398,0.999972
test_16399,0.000001
test_16400,0.000001
test_16401,1.000000
test_16402,0.983778
test_16403,0.999956
test_16404,0.999998
test_16405,0.000056
test_16406,0.000964
test_16407,0.999968
test_16408,0.427592
test_16409,0.000000
test_16410,0.000038
test_16411,0.000003
test_16412,0.000007
test_16413,0.000001
test_16414,1.000000
test_16415,0.999999
test_16416,0.001212
test_16417,0.000001
test_16418,0.000000
test_16419,0.000000
test_16420,0.000004
test_16421,1.000000
test_16422,0.999991
test_16423,0.999988
test_16424,0.757136
test_16425,0.000002
test_16426,0.000049
test_16427,0.980093
test_16428,0.000004
test_16429,1.000000
test_16430,0.999787
test_16431,0.999999
test_16432,0.000764
test_16433,0.000138
test_16434,0.152021
test_16435,0.000000
test_16436,0.000122
test_16437,0.996655
test_16438,0.998995
test_16439,1.000000
test_16440,0.999998
test_16441,0.000001
test_16442,0.785409
test_16443,0.000004
test_16444,1.000000
test_16445,0.999999
test_16446,0.000000
test_16447,0.999993
test_16448,0.000007
test_16449,0.996754
test_16450,0.000001
test_16451,0.000008
test_16452,0.000001
test_16453,0.999999
test_16454,0.000374
test_16455,1.000000
test_16456,0.999999
test_16457,0.000983
test_16458,0.000013
test_16459,0.000002
test_16460,0.000002
test_16461,0.143649
test_16462,0.727332
test_16463,0.999997
test_16464,0.644433
test_16465,1.000000
test_16466,0.999994
test_16467,0.968832
test_16468,0.887697
test_16469,0.999991
test_16470,0.999998
test_16471,0.006473
test_16472,0.000074
test_16473,0.623999
test_16474,0.971327
test_16475,0.000005
test_16476,0.000524
test_16477,0.000005
test_16478,0.999997
test_16479,0.144704
test_16480,0.999758
test_16481,0.000001
test_16482,0.999999
test_16483,0.000001
test_16484,0.954616
test_16485,0.000001
test_16486,1.000000
test_16487,0.216465
test_16488,0.000001
test_16489,0.000026
test_16490,0.530852
test_16491,0.090733
test_16492,0.000002
test_16493,0.000000
test_16494,0.000021
test_16495,0.007780
test_16496,0.994396
test_16497,0.000000
test_16498,0.000023
test_16499,0.000178
test_16500,0.366343
test_16501,0.999991
test_16502,0.000003
test_16503,0.167378
test_16504,0.000002
test_16505,1.000000
test_16506,0.000001
test_16507,1.000000
test_16508,1.000000
test_16509,0.999958
test_16510,0.000000
test_16511,1.000000
test_16512,0.000001
test_16513,0.002323
test_16514,0.000074
test_16515,0.937714
test_16516,0.999977
test_16517,0.000014
test_16518,0.999999
test_16519,0.999999
test_16520,0.008587
test_16521,0.000239
test_16522,0.993413
test_16523,0.999898
test_16524,0.021438
test_16525,0.000002
test_16526,1.000000
test_16527,0.000000
test_16528,0.999108
test_16529,1.000000
test_16530,0.000001
test_16531,0.000363
test_16532,0.999994
test_16533,0.000001
test_16534,0.852478
test_16535,0.957963
test_16536,0.000000
test_16537,0.999170
test_16538,1.000000
test_16539,0.999999
test_16540,0.000006
test_16541,0.000002
test_16542,0.999928
test_16543,0.997851
test_16544,0.000076
test_16545,0.000002
test_16546,0.999516
test_16547,0.987850
test_16548,0.000210
test_16549,0.000192
test_16550,0.978744
test_16551,0.999999
test_16552,0.970525
test_16553,0.000004
test_16554,0.000000
test_16555,0.007717
test_16556,0.967258
test_16557,1.000000
test_16558,0.999176
test_16559,0.999937
test_16560,0.000891
test_16561,0.999920
test_16562,0.507042
test_16563,0.001338
test_16564,0.999626
test_16565,0.279261
test_16566,0.000001
test_16567,1.000000
test_16568,0.999993
test_16569,0.000001
test_16570,0.999941
test_16571,0.000769
test_16572,0.999910
test_16573,0.109127
test_16574,0.002491
test_16575,0.029343
test_16576,0.000001
test_16577,0.000013
test_16578,1.000000
test_16579,0.729461
test_16580,0.000000
test_16581,0.000013
test_16582,0.055053
test_16583,1.000000
test_16584,0.999997
test_16585,0.000001
test_16586,0.999959
test_16587,0.919140
test_16588,0.001253
test_16589,1.000000
test_16590,0.002754
test_16591,0.999981
test_16592,0.000006
test_16593,0.000004
test_16594,0.000002
test_16595,0.000098
test_16596,0.000150
test_16597,0.999927
test_16598,0.999999
test_16599,0.581634
test_16600,0.999709
test_16601,0.000002
test_16602,1.000000
test_16603,0.987599
test_16604,0.999999
test_16605,0.000002
test_16606,0.995536
test_16607,0.955496
test_16608,0.999997
test_16609,1.000000
test_16610,0.000000
test_16611,0.687546
test_16612,0.000000
test_16613,0.999999
test_16614,0.999999
test_16615,0.056736
test_16616,0.000118
test_16617,0.000000
test_16618,0.000000
test_16619,0.000000
test_16620,0.981096
test_16621,0.999941
test_16622,1.000000
test_16623,0.999547
test_16624,0.999999
test_16625,0.000002
test_16626,0.000327
test_16627,0.000000
test_16628,0.000001
test_16629,0.000092
test_16630,0.000007
test_16631,0.000344
test_16632,1.000000
test_16633,0.000008
test_16634,0.390146
test_16635,0.000000
test_16636,0.999983
test_16637,0.000003
test_16638,1.000000
test_16639,0.999999
test_16640,0.620021
test_16641,0.999870
test_16642,0.760916
test_16643,0.999769
test_16644,0.999999
test_16645,0.999845
test_16646,1.000000
test_16647,0.999999
test_16648,0.009060
test_16649,1.000000
test_16650,0.183485
test_16651,0.000001
test_16652,0.000005
test_16653,0.846419
test_16654,1.000000
test_16655,0.000000
test_16656,0.998736
test_16657,1.000000
test_16658,0.037569
test_16659,0.998270
test_16660,1.000000
test_16661,0.000001
test_16662,1.000000
test_16663,0.000146
test_16664,1.000000
test_16665,0.000021
test_16666,1.000000
test_16667,0.000000
test_16668,0.999992
test_16669,0.002285
test_16670,0.000001
test_16671,0.024859
test_16672,1.000000
test_16673,0.000049
test_16674,0.326657
test_16675,0.000394
test_16676,0.016198
test_16677,0.997669
test_16678,0.731581
test_16679,0.000172
test_16680,0.946232
test_16681,0.000000
test_16682,1.000000
test_16683,0.000000
test_16684,0.000244
test_16685,0.000000
test_16686,0.000001
test_16687,1.000000
test_16688,0.997809
test_16689,0.998100
test_16690,0.999996
test_16691,0.000076
test_16692,0.999946
test_16693,0.000735
test_16694,1.000000
test_16695,0.000567
test_16696,0.000071
test_16697,0.000109
test_16698,0.998068
test_16699,0.000000
test_16700,0.452263
test_16701,0.000000
test_16702,0.000588
test_16703,0.999992
test_16704,0.186450
test_16705,0.978238
test_16706,0.984858
test_16707,0.001922
test_16708,0.999999
test_16709,0.999999
test_16710,0.000009
test_16711,0.110400
test_16712,0.000002
test_16713,0.013665
test_16714,0.000001
test_16715,0.000002
test_16716,0.000030
test_16717,0.328845
test_16718,0.000000
test_16719,0.999935
test_16720,0.000001
test_16721,0.999997
test_16722,0.999998
test_16723,0.999999
test_16724,0.000004
test_16725,0.991763
test_16726,0.001164
test_16727,0.999997
test_16728,0.000001
test_16729,0.000018
test_16730,0.999988
test_16731,0.000001
test_16732,0.096477
test_16733,0.000001
test_16734,0.999540
test_16735,0.000004
test_16736,1.000000
test_16737,1.000000
test_16738,0.999999
test_16739,1.000000
test_16740,1.000000
test_16741,0.006948
test_16742,0.000001
test_16743,0.000000
test_16744,0.999944
test_16745,0.000023
test_16746,0.000000
test_16747,0.939258
test_16748,0.999938
test_16749,1.000000
test_16750,0.410002
test_16751,0.899170
test_16752,0.000042
test_16753,1.000000
test_16754,0.000007
test_16755,0.000389
test_16756,0.999997
test_16757,0.000000
test_16758,0.997957
test_16759,0.112533
test_16760,1.000000
test_16761,1.000000
test_16762,0.999570
test_16763,1.000000
test_16764,0.000005
test_16765,0.999993
test_16766,1.000000
test_16767,0.000061
test_16768,0.000013
test_16769,0.999422
test_16770,0.011176
test_16771,0.999833
test_16772,0.000001
test_16773,0.949981
test_16774,1.000000
test_16775,0.000001
test_16776,0.000024
test_16777,1.000000
test_16778,0.000001
test_16779,0.000007
test_16780,0.999977
test_16781,0.000004
test_16782,1.000000
test_16783,0.993146
test_16784,0.999954
test_16785,0.999848
test_16786,0.000000
test_16787,0.312858
test_16788,0.201748
test_16789,0.999995
test_16790,0.000013
test_16791,0.000000
test_16792,1.000000
test_16793,0.000005
test_16794,1.000000
test_16795,0.000000
test_16796,0.999284
test_16797,0.000080
test_16798,0.002230
test_16799,0.999990
test_16800,0.999993
test_16801,1.000000
test_16802,1.000000
test_16803,0.000003
test_16804,1.000000
test_16805,0.999951
test_16806,1.000000
test_16807,0.999985
test_16808,0.000000
test_16809,0.000001
test_16810,0.000007
test_16811,0.998670
test_16812,0.000543
test_16813,0.000003
test_16814,0.002042
test_16815,1.000000
test_16816,0.000001
test_16817,0.999958
test_16818,0.000109
test_16819,0.999715
test_16820,0.000491
test_16821,0.999980
test_16822,0.999995
test_16823,0.999999
test_16824,0.999999
test_16825,0.044282
test_16826,1.000000
test_16827,0.010082
test_16828,0.000016
test_16829,0.000003
test_16830,0.000002
test_16831,0.999978
test_16832,1.000000
test_16833,0.000020
test_16834,0.971432
test_16835,1.000000
test_16836,0.000011
test_16837,1.000000
test_16838,0.916864
test_16839,0.999999
test_16840,0.785858
test_16841,1.000000
test_16842,0.696550
test_16843,0.000009
test_16844,0.999399
test_16845,0.000142
test_16846,0.000000
test_16847,0.999981
test_16848,0.999953
test_16849,1.000000
test_16850,0.000000
test_16851,0.818022
test_16852,0.000018
test_16853,0.000003
test_16854,0.000010
test_16855,0.000001
test_16856,0.983103
test_16857,0.999999
test_16858,1.000000
test_16859,0.000037
test_16860,0.919121
test_16861,0.000023
test_16862,0.000000
test_16863,0.125964
test_16864,0.999944
test_16865,0.000347
test_16866,0.000001
test_16867,0.999997
test_16868,0.787509
test_16869,0.762193
test_16870,1.000000
test_16871,1.000000
test_16872,1.000000
test_16873,0.000003
test_16874,0.000011
test_16875,0.000003
test_16876,0.999999
test_16877,0.000248
test_16878,0.000046
test_16879,0.999934
test_16880,0.020732
test_16881,0.000003
test_16882,0.000007
test_16883,1.000000
test_16884,0.999998
test_16885,0.000033
test_16886,0.123808
test_16887,1.000000
test_16888,1.000000
test_16889,0.995712
test_16890,1.000000
test_16891,0.008483
test_16892,0.999982
test_16893,0.999975
test_16894,0.999817
test_16895,0.000028
test_16896,1.000000
test_16897,0.639588
test_16898,0.000159
test_16899,0.999814
test_16900,0.000002
test_16901,0.000009
test_16902,0.000000
test_16903,1.000000
test_16904,0.999998
test_16905,0.000472
test_16906,0.995723
test_16907,1.000000
test_16908,0.000004
test_16909,0.999845
test_16910,0.000042
test_16911,0.058906
test_16912,1.000000
test_16913,0.987855
test_16914,0.001139
test_16915,0.999993
test_16916,1.000000
test_16917,0.000000
test_16918,0.999969
test_16919,0.000115
test_16920,1.000000
test_16921,1.000000
test_16922,0.916302
test_16923,0.000000
test_16924,0.999988
test_16925,0.000122
test_16926,0.000061
test_16927,0.986325
test_16928,0.000066
test_16929,0.002496
test_16930,0.008803
test_16931,0.999850
test_16932,0.000155
test_16933,1.000000
test_16934,0.999992
test_16935,0.999998
test_16936,0.999449
test_16937,0.681882
test_16938,0.098429
test_16939,0.976885
test_16940,1.000000
test_16941,0.999999
test_16942,0.996286
test_16943,0.999998
test_16944,0.000000
test_16945,0.000001
test_16946,0.987402
test_16947,0.598282
test_16948,0.036968
test_16949,0.999928
test_16950,0.999879
test_16951,0.968892
test_16952,0.999999
test_16953,0.999999
test_16954,0.000001
test_16955,0.971676
test_16956,0.000001
test_16957,0.065011
test_16958,1.000000
test_16959,0.999479
test_16960,1.000000
test_16961,0.000004
test_16962,0.139738
test_16963,1.000000
test_16964,0.000009
test_16965,1.000000
test_16966,0.000000
test_16967,0.001507
test_16968,0.000000
test_16969,0.642369
test_16970,0.000000
test_16971,0.999955
test_16972,0.000011
test_16973,1.000000
test_16974,0.999019
test_16975,0.000003
test_16976,0.000228
test_16977,0.000447
test_16978,0.992873
test_16979,0.076488
test_16980,1.000000
test_16981,0.999915
test_16982,0.000035
test_16983,1.000000
test_16984,0.000000
test_16985,0.000000
test_16986,0.000739
test_16987,0.009566
test_16988,0.000502
test_16989,0.000000
test_16990,0.000003
test_16991,0.000001
test_16992,0.999998
test_16993,0.934615
test_16994,0.000037
test_16995,0.190970
test_16996,0.004850
test_16997,0.999786
test_16998,0.000001
test_16999,1.000000
test_17000,0.014008
test_17001,0.375028
test_17002,1.000000
test_17003,0.000005
test_17004,0.999994
test_17005,0.625212
test_17006,0.955992
test_17007,0.998697
test_17008,0.999999
test_17009,0.000000
test_17010,0.000004
test_17011,0.658460
test_17012,1.000000
test_17013,0.002103
test_17014,0.000015
test_17015,0.007022
test_17016,0.987420
test_17017,0.999606
test_17018,0.000034
test_17019,0.000000
test_17020,0.999482
test_17021,1.000000
test_17022,0.000006
test_17023,0.003769
test_17024,0.977423
test_17025,0.000002
test_17026,0.000667
test_17027,1.000000
test_17028,1.000000
test_17029,0.512825
test_17030,0.999965
test_17031,0.000004
test_17032,1.000000
test_17033,0.999824
test_17034,0.000259
test_17035,0.930375
test_17036,1.000000
test_17037,0.000016
test_17038,0.000987
test_17039,0.000000
test_17040,0.000572
test_17041,0.999802
test_17042,0.000068
test_17043,0.000014
test_17044,0.000190
test_17045,0.000046
test_17046,0.999978
test_17047,0.998735
test_17048,0.994626
test_17049,1.000000
test_17050,0.995975
test_17051,0.999997
test_17052,0.000000
test_17053,0.943649
test_17054,0.999999
test_17055,0.000001
test_17056,1.000000
test_17057,1.000000
test_17058,0.000001
test_17059,0.000002
test_17060,0.070356
test_17061,0.000001
test_17062,0.999857
test_17063,0.999999
test_17064,0.000006
test_17065,0.999999
test_17066,0.331614
test_17067,0.999999
test_17068,0.000001
test_17069,0.999996
test_17070,0.000001
test_17071,0.999985
test_17072,1.000000
test_17073,0.000203
test_17074,0.999999
test_17075,0.999950
test_17076,0.239303
test_17077,0.112633
test_17078,0.000054
test_17079,1.000000
test_17080,1.000000
test_17081,0.001720
test_17082,0.999996
test_17083,0.124948
test_17084,0.584538
test_17085,0.000001
test_17086,0.999916
test_17087,0.999977
test_17088,1.000000
test_17089,0.000576
test_17090,0.729627
test_17091,0.000001
test_17092,0.000000
test_17093,0.998418
test_17094,0.000027
test_17095,1.000000
test_17096,0.000034
test_17097,0.999512
test_17098,0.003098
test_17099,0.999998
test_17100,0.000001
test_17101,0.000149
test_17102,1.000000
test_17103,0.000002
test_17104,0.857666
test_17105,0.999999
test_17106,1.000000
test_17107,0.000001
test_17108,0.000220
test_17109,0.999998
test_17110,0.999999
test_17111,0.008975
test_17112,1.000000
test_17113,0.954403
test_17114,1.000000
test_17115,0.000164
test_17116,1.000000
test_17117,0.000001
test_17118,0.981015
test_17119,1.000000
test_17120,0.987998
test_17121,0.973702
test_17122,0.999999
test_17123,0.000092
test_17124,0.000000
test_17125,0.999832
test_17126,0.999995
test_17127,0.000000
test_17128,0.000071
test_17129,1.000000
test_17130,0.999999
test_17131,0.000001
test_17132,0.999999
test_17133,0.000000
test_17134,0.000000
test_17135,0.001165
test_17136,0.999997
test_17137,0.621052
test_17138,0.999916
test_17139,0.099630
test_17140,0.000000
test_17141,0.999999
test_17142,0.991064
test_17143,0.999991
test_17144,0.002478
test_17145,0.001434
test_17146,0.999999
test_17147,0.999994
test_17148,0.000000
test_17149,0.000031
test_17150,0.000001
test_17151,0.999999
test_17152,0.724035
test_17153,0.000104
test_17154,0.000003
test_17155,0.000000
test_17156,0.000001
test_17157,1.000000
test_17158,0.277219
test_17159,0.000002
test_17160,0.982074
test_17161,0.999912
test_17162,0.000002
test_17163,0.971161
test_17164,1.000000
test_17165,0.998189
test_17166,0.000000
test_17167,0.000015
test_17168,1.000000
test_17169,1.000000
test_17170,0.000628
test_17171,0.000001
test_17172,0.999931
test_17173,0.999857
test_17174,0.999997
test_17175,0.000018
test_17176,0.000462
test_17177,0.999977
test_17178,0.166006
test_17179,0.982569
test_17180,0.999994
test_17181,0.995151
test_17182,0.000001
test_17183,0.195457
test_17184,0.052855
test_17185,0.999999
test_17186,0.939090
test_17187,0.999870
test_17188,0.000048
test_17189,0.000003
test_17190,0.000001
test_17191,0.231346
test_17192,0.132913
test_17193,0.000003
test_17194,1.000000
test_17195,0.000110
test_17196,0.000011
test_17197,0.000002
test_17198,0.006111
test_17199,0.000001
test_17200,0.997527
test_17201,0.034449
test_17202,0.000132
test_17203,0.999989
test_17204,0.999301
test_17205,0.000003
test_17206,1.000000
test_17207,0.000001
test_17208,0.999999
test_17209,0.076172
test_17210,0.028656
test_17211,0.000001
test_17212,0.999998
test_17213,0.000199
test_17214,0.999472
test_17215,1.000000
test_17216,0.001523
test_17217,0.000414
test_17218,0.000000
test_17219,0.000001
test_17220,0.000000
test_17221,0.927494
test_17222,1.000000
test_17223,0.000005
test_17224,0.000003
test_17225,0.001555
test_17226,0.000002
test_17227,0.999982
test_17228,0.999998
test_17229,0.999999
test_17230,1.000000
test_17231,1.000000
test_17232,0.000001
test_17233,0.000000
test_17234,0.000016
test_17235,1.000000
test_17236,0.000001
test_17237,1.000000
test_17238,0.000002
test_17239,0.331245
test_17240,0.000259
test_17241,0.118809
test_17242,0.979354
test_17243,0.000001
test_17244,0.999596
test_17245,0.000014
test_17246,0.000146
test_17247,0.000001
test_17248,0.000633
test_17249,0.999985
test_17250,0.015264
test_17251,1.000000
test_17252,0.999891
test_17253,0.105199
test_17254,0.000004
test_17255,1.000000
test_17256,0.000001
test_17257,0.000043
test_17258,0.996436
test_17259,0.999998
test_17260,0.000003
test_17261,0.995293
test_17262,0.000840
test_17263,0.999408
test_17264,0.999997
test_17265,0.995648
test_17266,0.000000
test_17267,0.043460
test_17268,0.999760
test_17269,0.000000
test_17270,0.999930
test_17271,0.032248
test_17272,0.999234
test_17273,0.999999
test_17274,0.999721
test_17275,0.000672
test_17276,1.000000
test_17277,0.999762
test_17278,0.000002
test_17279,0.000035
test_17280,0.896459
test_17281,0.000001
test_17282,0.999996
test_17283,0.000000
test_17284,0.999901
test_17285,1.000000
test_17286,1.000000
test_17287,0.000001
test_17288,0.942830
test_17289,0.994097
test_17290,0.000062
test_17291,0.999999
test_17292,0.999999
test_17293,0.000034
test_17294,1.000000
test_17295,0.000043
test_17296,0.998968
test_17297,1.000000
test_17298,0.019902
test_17299,1.000000
test_17300,0.008329
test_17301,0.999721
test_17302,0.000597
test_17303,0.000000
test_17304,0.000001
test_17305,0.982657
test_17306,0.984202
test_17307,1.000000
test_17308,0.974416
test_17309,0.000003
test_17310,1.000000
test_17311,0.000000
test_17312,0.999994
test_17313,0.844288
test_17314,0.999961
test_17315,0.000028
test_17316,0.000001
test_17317,1.000000
test_17318,0.999986
test_17319,0.999862
test_17320,1.000000
test_17321,0.999977
test_17322,0.000012
test_17323,0.998800
test_17324,0.000028
test_17325,0.000131
test_17326,0.999819
test_17327,0.017544
test_17328,0.999492
test_17329,0.000001
test_17330,0.000000
test_17331,0.998364
test_17332,0.999999
test_17333,0.227571
test_17334,0.000000
test_17335,1.000000
test_17336,0.207270
test_17337,0.000488
test_17338,0.999990
test_17339,0.000079
test_17340,0.004620
test_17341,0.000026
test_17342,0.000010
test_17343,0.000829
test_17344,1.000000
test_17345,1.000000
test_17346,1.000000
test_17347,0.000000
test_17348,0.994729
test_17349,0.000014
test_17350,0.000543
test_17351,0.999682
test_17352,0.025569
test_17353,1.000000
test_17354,0.999990
test_17355,0.000000
test_17356,0.992529
test_17357,0.999870
test_17358,0.000019
test_17359,1.000000
test_17360,1.000000
test_17361,0.999818
test_17362,0.000002
test_17363,0.000001
test_17364,0.008705
test_17365,0.000016
test_17366,0.000726
test_17367,1.000000
test_17368,0.000832
test_17369,0.998930
test_17370,0.983356
test_17371,0.999982
test_17372,0.999985
test_17373,0.010308
test_17374,0.999444
test_17375,0.000009
test_17376,0.999998
test_17377,0.000003
test_17378,0.000110
test_17379,0.999989
test_17380,0.999999
test_17381,0.000004
test_17382,0.999975
test_17383,0.999986
test_17384,0.000043
test_17385,0.000044
test_17386,0.000000
test_17387,0.999996
test_17388,0.000000
test_17389,0.000004
test_17390,0.026334
test_17391,0.398237
test_17392,0.000077
test_17393,0.349753
test_17394,0.004354
test_17395,0.083059
test_17396,0.998478
test_17397,0.000556
test_17398,1.000000
test_17399,0.354980
test_17400,0.025049
test_17401,0.965687
test_17402,1.000000
test_17403,0.999860
test_17404,1.000000
test_17405,0.999973
test_17406,0.007594
test_17407,1.000000
test_17408,0.000000
test_17409,0.967116
test_17410,0.999979
test_17411,1.000000
test_17412,0.136790
test_17413,1.000000
test_17414,0.000118
test_17415,0.000345
test_17416,1.000000
test_17417,1.000000
test_17418,0.016318
test_17419,0.000187
test_17420,0.999984
test_17421,0.999998
test_17422,0.242213
test_17423,0.999999
test_17424,0.986014
test_17425,0.999966
test_17426,0.994034
test_17427,1.000000
test_17428,0.000010
test_17429,0.000086
test_17430,0.861418
test_17431,0.000000
test_17432,0.024080
test_17433,0.000002
test_17434,0.011850
test_17435,0.996099
test_17436,0.000076
test_17437,0.316382
test_17438,1.000000
test_17439,0.000000
test_17440,0.000018
test_17441,0.999963
test_17442,0.000000
test_17443,0.999932
test_17444,0.000002
test_17445,0.000000
test_17446,1.000000
test_17447,0.000002
test_17448,0.999998
test_17449,1.000000
test_17450,0.999974
test_17451,0.042766
test_17452,0.001654
test_17453,1.000000
test_17454,0.999984
test_17455,0.002031
test_17456,0.000190
test_17457,0.268194
test_17458,0.940449
test_17459,0.007592
test_17460,0.000007
test_17461,1.000000
test_17462,0.108797
test_17463,0.000001
test_17464,0.000347
test_17465,0.000001
test_17466,0.000186
test_17467,0.999772
test_17468,1.000000
test_17469,0.000252
test_17470,0.000160
test_17471,0.999992
test_17472,0.997684
test_17473,1.000000
test_17474,1.000000
test_17475,0.000125
test_17476,0.998394
test_17477,0.000004
test_17478,0.003741
test_17479,0.000006
test_17480,0.999999
test_17481,0.025888
test_17482,1.000000
test_17483,0.000001
test_17484,0.000002
test_17485,0.999999
test_17486,0.000000
test_17487,0.999250
test_17488,0.011825
test_17489,0.999999
test_17490,0.000001
test_17491,0.985348
test_17492,0.000072
test_17493,0.998892
test_17494,0.000088
test_17495,0.149483
test_17496,0.796707
test_17497,0.000001
test_17498,0.000298
test_17499,1.000000
test_17500,0.000001
test_17501,0.011126
test_17502,0.000000
test_17503,0.999862
test_17504,0.000001
test_17505,0.000002
test_17506,0.000001
test_17507,0.992476
test_17508,1.000000
test_17509,0.999989
test_17510,0.000000
test_17511,0.999817
test_17512,0.665054
test_17513,0.999990
test_17514,1.000000
test_17515,1.000000
test_17516,0.000001
test_17517,0.999775
test_17518,0.000002
test_17519,0.000002
test_17520,0.000003
test_17521,0.999999
test_17522,0.999984
test_17523,0.003734
test_17524,1.000000
test_17525,0.998190
test_17526,1.000000
test_17527,0.000001
test_17528,0.997825
test_17529,0.480606
test_17530,1.000000
test_17531,0.000397
test_17532,0.092557
test_17533,1.000000
test_17534,0.999919
test_17535,1.000000
test_17536,1.000000
test_17537,0.999988
test_17538,1.000000
test_17539,0.099888
test_17540,0.022424
test_17541,1.000000
test_17542,0.999905
test_17543,1.000000
test_17544,0.000007
test_17545,0.538218
test_17546,1.000000
test_17547,0.000000
test_17548,0.999997
test_17549,0.000722
test_17550,0.999906
test_17551,0.000000
test_17552,1.000000
test_17553,0.000002
test_17554,0.997874
test_17555,0.000000
test_17556,0.000000
test_17557,1.000000
test_17558,1.000000
test_17559,0.999985
test_17560,0.000018
test_17561,0.010340
test_17562,0.000000
test_17563,0.955657
test_17564,0.000022
test_17565,0.000004
test_17566,0.852119
test_17567,1.000000
test_17568,0.999994
test_17569,0.004073
test_17570,0.052903
test_17571,0.000002
test_17572,0.999996
test_17573,0.112460
test_17574,0.000003
test_17575,0.018618
test_17576,1.000000
test_17577,0.999950
test_17578,0.000001
test_17579,0.003951
test_17580,0.999985
test_17581,0.006408
test_17582,0.999376
test_17583,0.939241
test_17584,1.000000
test_17585,1.000000
test_17586,0.020823
test_17587,0.000002
test_17588,0.120126
test_17589,0.999995
test_17590,0.000001
test_17591,1.000000
test_17592,0.049724
test_17593,1.000000
test_17594,0.000196
test_17595,1.000000
test_17596,0.999994
test_17597,0.999973
test_17598,0.000310
test_17599,1.000000
test_17600,0.999946
test_17601,0.974904
test_17602,0.862767
test_17603,0.000276
test_17604,0.000027
test_17605,0.000000
test_17606,0.000001
test_17607,0.000008
test_17608,0.001068
test_17609,1.000000
test_17610,0.999975
test_17611,1.000000
test_17612,0.000021
test_17613,0.000002
test_17614,1.000000
test_17615,0.000002
test_17616,1.000000
test_17617,0.000057
test_17618,0.000405
test_17619,1.000000
test_17620,0.007832
test_17621,0.024424
test_17622,0.000002
test_17623,0.999533
test_17624,1.000000
test_17625,1.000000
test_17626,0.000003
test_17627,0.001307
test_17628,0.999992
test_17629,0.999168
test_17630,0.999997
test_17631,1.000000
test_17632,0.000066
test_17633,1.000000
test_17634,0.000000
test_17635,0.301430
test_17636,0.004815
test_17637,0.002297
test_17638,0.999539
test_17639,0.995036
test_17640,0.999531
test_17641,0.000007
test_17642,0.999898
test_17643,0.000000
test_17644,0.997973
test_17645,1.000000
test_17646,0.172114
test_17647,0.000008
test_17648,0.918183
test_17649,0.000000
test_17650,0.000005
test_17651,1.000000
test_17652,0.002057
test_17653,0.000133
test_17654,0.000001
test_17655,0.010964
test_17656,1.000000
test_17657,0.995066
test_17658,0.235820
test_17659,0.000001
test_17660,1.000000
test_17661,0.999979
test_17662,0.000001
test_17663,1.000000
test_17664,0.000407
test_17665,0.000003
test_17666,0.000000
test_17667,0.999998
test_17668,0.000000
test_17669,0.001037
test_17670,0.000000
test_17671,0.000000
test_17672,1.000000
test_17673,0.725413
test_17674,0.000001
test_17675,1.000000
test_17676,0.999958
test_17677,1.000000
test_17678,0.000000
test_17679,0.747951
test_17680,0.000001
test_17681,0.000117
test_17682,0.998663
test_17683,0.999719
test_17684,1.000000
test_17685,0.997305
test_17686,0.000959
test_17687,0.000000
test_17688,0.000001
test_17689,0.999999
test_17690,0.912474
test_17691,0.138477
test_17692,0.255327
test_17693,0.999576
test_17694,0.999241
test_17695,1.000000
test_17696,0.999993
test_17697,1.000000
test_17698,0.000002
test_17699,0.000000
test_17700,0.001569
test_17701,0.999998
test_17702,0.000008
test_17703,0.000002
test_17704,0.000001
test_17705,0.000001
test_17706,0.999985
test_17707,0.095405
test_17708,1.000000
test_17709,0.000162
test_17710,1.000000
test_17711,0.000001
test_17712,0.000279
test_17713,0.000001
test_17714,0.000677
test_17715,0.178812
test_17716,0.000085
test_17717,1.000000
test_17718,0.003041
test_17719,0.000001
test_17720,0.000147
test_17721,0.968631
test_17722,0.000008
test_17723,0.893746
test_17724,1.000000
test_17725,0.000001
test_17726,0.999992
test_17727,1.000000
test_17728,0.999999
test_17729,0.998305
test_17730,0.999999
test_17731,0.012076
test_17732,1.000000
test_17733,1.000000
test_17734,0.000001
test_17735,0.073511
test_17736,0.999998
test_17737,0.000349
test_17738,0.811925
test_17739,0.999995
test_17740,0.000009
test_17741,0.999917
test_17742,0.000001
test_17743,0.794398
test_17744,0.999999
test_17745,0.000000
test_17746,0.003297
test_17747,0.000003
test_17748,0.991416
test_17749,0.985835
test_17750,0.000001
test_17751,0.093167
test_17752,0.000697
test_17753,0.728549
test_17754,0.000000
test_17755,0.999409
test_17756,0.000547
test_17757,0.996891
test_17758,0.000001
test_17759,0.999262
test_17760,0.999419
test_17761,0.605492
test_17762,0.000045
test_17763,0.000026
test_17764,0.000025
test_17765,0.999423
test_17766,0.000012
test_17767,0.000040
test_17768,1.000000
test_17769,0.000000
test_17770,1.000000
test_17771,0.997231
test_17772,0.096271
test_17773,0.000001
test_17774,0.000009
test_17775,0.000286
test_17776,1.000000
test_17777,0.000003
test_17778,0.000005
test_17779,0.000009
test_17780,1.000000
test_17781,0.000126
test_17782,0.999998
test_17783,0.000000
test_17784,0.977786
test_17785,0.999997
test_17786,0.984680
test_17787,0.993233
test_17788,0.999994
test_17789,0.002113
test_17790,0.000005
test_17791,0.999980
test_17792,0.000115
test_17793,0.000772
test_17794,0.000082
test_17795,0.000017
test_17796,0.000041
test_17797,0.999971
test_17798,0.000002
test_17799,0.000051
test_17800,0.999999
test_17801,0.000002
test_17802,0.995875
test_17803,0.000001
test_17804,0.999963
test_17805,0.997314
test_17806,1.000000
test_17807,0.000005
test_17808,0.006931
test_17809,0.000008
test_17810,0.418047
test_17811,0.969088
test_17812,0.074623
test_17813,0.999992
test_17814,0.215432
test_17815,0.029025
test_17816,0.999999
test_17817,0.105559
test_17818,0.001014
test_17819,1.000000
test_17820,0.001068
test_17821,1.000000
test_17822,0.000122
test_17823,0.000002
test_17824,0.999997
test_17825,0.007737
test_17826,0.673122
test_17827,0.955757
test_17828,1.000000
test_17829,0.999999
test_17830,0.999995
test_17831,0.000000
test_17832,0.000000
test_17833,1.000000
test_17834,0.919075
test_17835,1.000000
test_17836,0.999998
test_17837,0.999953
test_17838,1.000000
test_17839,1.000000
test_17840,0.303445
test_17841,1.000000
test_17842,0.999987
test_17843,0.000031
test_17844,0.078667
test_17845,0.994481
test_17846,0.000000
test_17847,0.000653
test_17848,1.000000
test_17849,0.000000
test_17850,0.000002
test_17851,0.008017
test_17852,1.000000
test_17853,0.999966
test_17854,0.000000
test_17855,0.000000
test_17856,0.999999
test_17857,0.001799
test_17858,0.905489
test_17859,0.999958
test_17860,0.000000
test_17861,1.000000
test_17862,1.000000
test_17863,0.000004
test_17864,0.000302
test_17865,0.999999
test_17866,0.036039
test_17867,0.536428
test_17868,0.030334
test_17869,0.000010
test_17870,0.978445
test_17871,0.523005
test_17872,0.000673
test_17873,1.000000
test_17874,0.000008
test_17875,1.000000
test_17876,0.000048
test_17877,0.000127
test_17878,0.999986
test_17879,1.000000
test_17880,0.000001
test_17881,0.918369
test_17882,0.000004
test_17883,0.995718
test_17884,0.954256
test_17885,0.999170
test_17886,0.000007
test_17887,1.000000
test_17888,0.999885
test_17889,0.999983
test_17890,0.999963
test_17891,0.948524
test_17892,1.000000
test_17893,0.999904
test_17894,1.000000
test_17895,0.861039
test_17896,0.999905
test_17897,0.000000
test_17898,0.999969
test_17899,0.000001
test_17900,0.999990
test_17901,0.000000
test_17902,0.007266
test_17903,0.999990
test_17904,1.000000
test_17905,0.050742
test_17906,0.999999
test_17907,0.999999
test_17908,0.995074
test_17909,0.878049
test_17910,0.000001
test_17911,0.000001
test_17912,1.000000
test_17913,0.999807
test_17914,0.058439
test_17915,1.000000
test_17916,0.000084
test_17917,0.000011
test_17918,0.000012
test_17919,0.000001
test_17920,0.000001
test_17921,0.999999
test_17922,0.999874
test_17923,0.999978
test_17924,0.000321
test_17925,0.000005
test_17926,0.000000
test_17927,0.230685
test_17928,1.000000
test_17929,0.001014
test_17930,1.000000
test_17931,0.999972
test_17932,0.000133
test_17933,1.000000
test_17934,0.544706
test_17935,0.000010
test_17936,0.996372
test_17937,0.007948
test_17938,0.000007
test_17939,0.995429
test_17940,1.000000
test_17941,0.991795
test_17942,1.000000
test_17943,1.000000
test_17944,1.000000
test_17945,0.000000
test_17946,0.996916
test_17947,0.317236
test_17948,0.999985
test_17949,0.981873
test_17950,0.999875
test_17951,0.359895
test_17952,0.000309
test_17953,1.000000
test_17954,0.000076
test_17955,0.000004
test_17956,1.000000
test_17957,0.000000
test_17958,0.000001
test_17959,0.000005
test_17960,0.000015
test_17961,0.001818
test_17962,0.003493
test_17963,0.999302
test_17964,0.999997
test_17965,1.000000
test_17966,0.999972
test_17967,0.996448
test_17968,0.000004
test_17969,0.006244
test_17970,0.000001
test_17971,1.000000
test_17972,0.385424
test_17973,0.003596
test_17974,0.475818
test_17975,0.000003
test_17976,0.994233
test_17977,0.000000
test_17978,1.000000
test_17979,0.530426
test_17980,0.000343
test_17981,0.994818
test_17982,0.999999
test_17983,0.995594
test_17984,0.000002
test_17985,0.080301
test_17986,0.000124
test_17987,0.992457
test_17988,0.999997
test_17989,0.999999
test_17990,0.000003
test_17991,0.686387
test_17992,0.999994
test_17993,0.000000
test_17994,0.076788
test_17995,0.000035
test_17996,0.999996
test_17997,0.000000
test_17998,0.939288
test_17999,0.999998
test_18000,0.571275
test_18001,0.000135
test_18002,0.999999
test_18003,0.999993
test_18004,0.004097
test_18005,1.000000
test_18006,0.934019
test_18007,0.999998
test_18008,0.999935
test_18009,0.999999
test_18010,0.000054
test_18011,0.999967
test_18012,0.000003
test_18013,0.999964
test_18014,0.000001
test_18015,0.000000
test_18016,0.961718
test_18017,0.001098
test_18018,0.000074
test_18019,0.000002
test_18020,0.000165
test_18021,0.640395
test_18022,1.000000
test_18023,0.999992
test_18024,0.000109
test_18025,0.000006
test_18026,0.999996
test_18027,0.000000
test_18028,0.999501
test_18029,0.000013
test_18030,1.000000
test_18031,1.000000
test_18032,0.001094
test_18033,0.999617
test_18034,1.000000
test_18035,0.113607
test_18036,0.074805
test_18037,0.461126
test_18038,0.022426
test_18039,1.000000
test_18040,0.999998
test_18041,1.000000
test_18042,1.000000
test_18043,0.000000
test_18044,0.999999
test_18045,0.000000
test_18046,0.347502
test_18047,0.982891
test_18048,0.514472
test_18049,0.999998
test_18050,1.000000
test_18051,0.000001
test_18052,0.167494
test_18053,0.000397
test_18054,0.000005
test_18055,0.456897
test_18056,0.000008
test_18057,0.038766
test_18058,0.000894
test_18059,0.075339
test_18060,1.000000
test_18061,0.999446
test_18062,0.999997
test_18063,0.004302
test_18064,0.999999
test_18065,0.997931
test_18066,0.000007
test_18067,1.000000
test_18068,0.999583
test_18069,0.462880
test_18070,0.999999
test_18071,0.000001
test_18072,0.858608
test_18073,0.000421
test_18074,0.000140
test_18075,0.999992
test_18076,1.000000
test_18077,0.000002
test_18078,0.997377
test_18079,1.000000
test_18080,1.000000
test_18081,0.932019
test_18082,1.000000
test_18083,0.997969
test_18084,1.000000
test_18085,0.000120
test_18086,0.999958
test_18087,0.000967
test_18088,0.949797
test_18089,0.000005
test_18090,0.000094
test_18091,1.000000
test_18092,1.000000
test_18093,0.982367
test_18094,0.000010
test_18095,0.999999
test_18096,0.999557
test_18097,0.998000
test_18098,0.999990
test_18099,0.999999
test_18100,0.000013
test_18101,0.039304
test_18102,1.000000
test_18103,0.750390
test_18104,0.999997
test_18105,0.787035
test_18106,0.837688
test_18107,0.858862
test_18108,0.026986
test_18109,0.000002
test_18110,0.999998
test_18111,0.982576
test_18112,0.486983
test_18113,0.190229
test_18114,0.006043
test_18115,1.000000
test_18116,1.000000
test_18117,0.114900
test_18118,0.000002
test_18119,0.000367
test_18120,0.000050
test_18121,0.991924
test_18122,0.000013
test_18123,0.999806
test_18124,0.000011
test_18125,1.000000
test_18126,0.999970
test_18127,0.000001
test_18128,0.000002
test_18129,0.000001
test_18130,0.000023
test_18131,0.999997
test_18132,0.000000
test_18133,0.005437
test_18134,0.000042
test_18135,0.999732
test_18136,0.000001
test_18137,0.000001
test_18138,0.003027
test_18139,0.000693
test_18140,0.001245
test_18141,0.000056
test_18142,0.000270
test_18143,0.006622
test_18144,0.000004
test_18145,0.962093
test_18146,1.000000
test_18147,0.000000
test_18148,0.002865
test_18149,1.000000
test_18150,1.000000
test_18151,0.999740
test_18152,1.000000
test_18153,0.000016
test_18154,0.999997
test_18155,1.000000
test_18156,0.000000
test_18157,0.127685
test_18158,0.098378
test_18159,0.999628
test_18160,0.999910
test_18161,0.999992
test_18162,0.503617
test_18163,0.000030
test_18164,0.972161
test_18165,0.000054
test_18166,0.000229
test_18167,1.000000
test_18168,1.000000
test_18169,0.999992
test_18170,0.998762
test_18171,0.999915
test_18172,1.000000
test_18173,1.000000
test_18174,0.999489
test_18175,0.000003
test_18176,0.999549
test_18177,1.000000
test_18178,0.999999
test_18179,0.363294
test_18180,0.000008
test_18181,0.999019
test_18182,0.999958
test_18183,0.999735
test_18184,0.999992
test_18185,0.999999
test_18186,0.000004
test_18187,0.000000
test_18188,0.004297
test_18189,0.998792
test_18190,0.999994
test_18191,1.000000
test_18192,0.999997
test_18193,0.687939
test_18194,0.009048
test_18195,1.000000
test_18196,0.999994
test_18197,0.999998
test_18198,0.047032
test_18199,0.016105
test_18200,0.000001
test_18201,0.774637
test_18202,0.999991
test_18203,0.999974
test_18204,0.999998
test_18205,0.049040
test_18206,0.000002
test_18207,0.988417
test_18208,0.953995
test_18209,0.999998
test_18210,0.999997
test_18211,0.005902
test_18212,0.000148
test_18213,0.000019
test_18214,0.000001
test_18215,0.993519
test_18216,0.000005
test_18217,0.000319
test_18218,1.000000
test_18219,0.000324
test_18220,0.999958
test_18221,0.000030
test_18222,0.001462
test_18223,0.000001
test_18224,1.000000
test_18225,0.999999
test_18226,0.039469
test_18227,0.999999
test_18228,1.000000
test_18229,0.004753
test_18230,1.000000
test_18231,0.000009
test_18232,0.000007
test_18233,0.999985
test_18234,0.000007
test_18235,1.000000
test_18236,0.000000
test_18237,0.004948
test_18238,0.939683
test_18239,0.999999
test_18240,0.999325
test_18241,0.446349
test_18242,0.000005
test_18243,0.000002
test_18244,1.000000
test_18245,0.999915
test_18246,1.000000
test_18247,0.000020
test_18248,0.999996
test_18249,0.017433
test_18250,0.000000
test_18251,0.071082
test_18252,1.000000
test_18253,1.000000
test_18254,0.000001
test_18255,0.000005
test_18256,0.000105
test_18257,0.000020
test_18258,1.000000
test_18259,0.000011
test_18260,0.999456
test_18261,0.999988
test_18262,0.000159
test_18263,0.999999
test_18264,0.000000
test_18265,0.000607
test_18266,0.000001
test_18267,0.722014
test_18268,1.000000
test_18269,0.000000
test_18270,1.000000
test_18271,0.000001
test_18272,0.000000
test_18273,0.076499
test_18274,0.000002
test_18275,0.000013
test_18276,0.000007
test_18277,0.000020
test_18278,0.000171
test_18279,0.999996
test_18280,1.000000
test_18281,0.000000
test_18282,0.735869
test_18283,0.025745
test_18284,0.999991
test_18285,1.000000
test_18286,0.000000
test_18287,0.053279
test_18288,0.000027
test_18289,0.999029
test_18290,1.000000
test_18291,0.000001
test_18292,0.000151
test_18293,0.998666
test_18294,0.999864
test_18295,1.000000
test_18296,0.000000
test_18297,0.000000
test_18298,0.999899
test_18299,0.000000
test_18300,0.328763
test_18301,0.000002
test_18302,0.000014
test_18303,0.977391
test_18304,0.000001
test_18305,1.000000
test_18306,0.000003
test_18307,0.000002
test_18308,0.000088
test_18309,1.000000
test_18310,0.800216
test_18311,0.010638
test_18312,0.000006
test_18313,1.000000
test_18314,0.000183
test_18315,0.000724
test_18316,0.801197
test_18317,0.004775
test_18318,0.987675
test_18319,0.000002
test_18320,0.998443
test_18321,0.000002
test_18322,0.998589
test_18323,0.999480
test_18324,1.000000
test_18325,0.975893
test_18326,0.999999
test_18327,0.000006
test_18328,0.000000
test_18329,1.000000
test_18330,0.000002
test_18331,1.000000
test_18332,0.007073
test_18333,0.000009
test_18334,1.000000
test_18335,0.000001
test_18336,0.000018
test_18337,0.998659
test_18338,0.999986
test_18339,0.000001
test_18340,0.999997
test_18341,0.000000
test_18342,0.000001
test_18343,0.999999
test_18344,1.000000
test_18345,0.000046
test_18346,0.000001
test_18347,0.303882
test_18348,0.000004
test_18349,0.000002
test_18350,0.999995
test_18351,0.003943
test_18352,0.000390
test_18353,0.001770
test_18354,0.999249
test_18355,0.999996
test_18356,0.000007
test_18357,1.000000
test_18358,0.000001
test_18359,0.000000
test_18360,1.000000
test_18361,0.999694
test_18362,0.000146
test_18363,0.999962
test_18364,0.000001
test_18365,1.000000
test_18366,0.001049
test_18367,0.000010
test_18368,1.000000
test_18369,1.000000
test_18370,0.999999
test_18371,0.000446
test_18372,0.999996
test_18373,0.000772
test_18374,1.000000
test_18375,1.000000
test_18376,0.000002
test_18377,0.999966
test_18378,0.000036
test_18379,0.584651
test_18380,0.000000
test_18381,0.957274
test_18382,0.000057
test_18383,1.000000
test_18384,0.005187
test_18385,0.999997
test_18386,0.999983
test_18387,0.000001
test_18388,0.999998
test_18389,0.999985
test_18390,0.999998
test_18391,0.000001
test_18392,0.999995
test_18393,0.412955
test_18394,0.000001
test_18395,0.000000
test_18396,0.996066
test_18397,0.999997
test_18398,0.999999
test_18399,1.000000
test_18400,0.106535
test_18401,1.000000
test_18402,0.999979
test_18403,1.000000
test_18404,0.993794
test_18405,0.000013
test_18406,0.999999
test_18407,0.994779
test_18408,1.000000
test_18409,0.998020
test_18410,1.000000
test_18411,0.559115
test_18412,0.999998
test_18413,0.999998
test_18414,0.000000
test_18415,0.000000
test_18416,1.000000
test_18417,0.000009
test_18418,1.000000
test_18419,1.000000
test_18420,0.181546
test_18421,0.999997
test_18422,0.999812
test_18423,0.514028
test_18424,1.000000
test_18425,0.000000
test_18426,0.999994
test_18427,0.999995
test_18428,0.001789
test_18429,0.000003
test_18430,1.000000
test_18431,0.999303
test_18432,0.000001
test_18433,1.000000
test_18434,0.999992
test_18435,0.999963
test_18436,0.999999
test_18437,0.525034
test_18438,0.000080
test_18439,1.000000
test_18440,0.000005
test_18441,0.506396
test_18442,0.999999
test_18443,0.000021
test_18444,0.000001
test_18445,1.000000
test_18446,1.000000
test_18447,0.237664
test_18448,0.000003
test_18449,0.000010
test_18450,0.999306
test_18451,0.009667
test_18452,0.000986
test_18453,1.000000
test_18454,0.000000
test_18455,0.999954
test_18456,0.999999
test_18457,0.031193
test_18458,0.999993
test_18459,0.999448
test_18460,1.000000
test_18461,0.999558
test_18462,0.999984
test_18463,0.189399
test_18464,1.000000
test_18465,0.000000
test_18466,1.000000
test_18467,0.998887
test_18468,0.000005
test_18469,0.000003
test_18470,0.998702
test_18471,1.000000
test_18472,0.000006
test_18473,1.000000
test_18474,0.369892
test_18475,0.000000
test_18476,0.997225
test_18477,0.000004
test_18478,0.000001
test_18479,0.999971
test_18480,0.148025
test_18481,0.939743
test_18482,0.000000
test_18483,1.000000
test_18484,0.999998
test_18485,1.000000
test_18486,0.003660
test_18487,0.001878
test_18488,0.981092
test_18489,0.387702
test_18490,1.000000
test_18491,0.000000
test_18492,0.000002
test_18493,0.003575
test_18494,0.000748
test_18495,1.000000
test_18496,0.028890
test_18497,0.999993
test_18498,1.000000
test_18499,0.000004
test_18500,0.934503
test_18501,1.000000
test_18502,1.000000
test_18503,0.000001
test_18504,0.003150
test_18505,0.000017
test_18506,1.000000
test_18507,1.000000
test_18508,0.000528
test_18509,0.999998
test_18510,0.999972
test_18511,0.000032
test_18512,1.000000
test_18513,0.000000
test_18514,0.437900
test_18515,0.000025
test_18516,1.000000
test_18517,0.999996
test_18518,0.842321
test_18519,1.000000
test_18520,0.000012
test_18521,0.258654
test_18522,0.002926
test_18523,1.000000
test_18524,0.000008
test_18525,0.001786
test_18526,0.997938
test_18527,0.000018
test_18528,0.000000
test_18529,1.000000
test_18530,1.000000
test_18531,1.000000
test_18532,0.000003
test_18533,1.000000
test_18534,0.000000
test_18535,0.000003
test_18536,0.999898
test_18537,0.998787
test_18538,0.754671
test_18539,0.002822
test_18540,0.999973
test_18541,0.995338
test_18542,0.000002
test_18543,1.000000
test_18544,0.999970
test_18545,1.000000
test_18546,1.000000
test_18547,0.999999
test_18548,0.999795
test_18549,0.900839
test_18550,1.000000
test_18551,0.999990
test_18552,0.000010
test_18553,0.002289
test_18554,0.999997
test_18555,0.967814
test_18556,0.999192
test_18557,0.014446
test_18558,0.015344
test_18559,1.000000
test_18560,0.000043
test_18561,0.005778
test_18562,1.000000
test_18563,0.999999
test_18564,0.001014
test_18565,0.999997
test_18566,0.999992
test_18567,0.939565
test_18568,0.999987
test_18569,1.000000
test_18570,0.000236
test_18571,0.000033
test_18572,0.000001
test_18573,0.999994
test_18574,0.999999
test_18575,0.000179
test_18576,0.000019
test_18577,0.000003
test_18578,0.999948
test_18579,1.000000
test_18580,0.000035
test_18581,0.000364
test_18582,0.999976
test_18583,0.000003
test_18584,0.000001
test_18585,0.025162
test_18586,1.000000
test_18587,0.999998
test_18588,0.999998
test_18589,0.001200
test_18590,1.000000
test_18591,0.000026
test_18592,0.000004
test_18593,0.151010
test_18594,0.000002
test_18595,0.994911
test_18596,1.000000
test_18597,1.000000
test_18598,0.999999
test_18599,1.000000
test_18600,1.000000
test_18601,1.000000
test_18602,1.000000
test_18603,0.999995
test_18604,0.996000
test_18605,0.000101
test_18606,1.000000
test_18607,0.999907
test_18608,0.000012
test_18609,0.000005
test_18610,0.998554
test_18611,1.000000
test_18612,1.000000
test_18613,0.999946
test_18614,0.000003
test_18615,0.561282
test_18616,0.000000
test_18617,1.000000
test_18618,0.000008
test_18619,0.999999
test_18620,1.000000
test_18621,0.885924
test_18622,0.050630
test_18623,1.000000
test_18624,0.000043
test_18625,0.999975
test_18626,0.026772
test_18627,0.999913
test_18628,0.010071
test_18629,0.387077
test_18630,0.999990
test_18631,0.000002
test_18632,0.000007
test_18633,0.000015
test_18634,1.000000
test_18635,1.000000
test_18636,0.000014
test_18637,0.999998
test_18638,0.000000
test_18639,0.999999
test_18640,0.999998
test_18641,0.170405
test_18642,0.000639
test_18643,0.000002
test_18644,0.000003
test_18645,0.008002
test_18646,0.997026
test_18647,0.000297
test_18648,0.915146
test_18649,0.013672
test_18650,0.000033
test_18651,0.999999
test_18652,0.000011
test_18653,0.000001
test_18654,0.000009
test_18655,0.007379
test_18656,0.000246
test_18657,0.000000
test_18658,0.000046
test_18659,0.105438
test_18660,0.999967
test_18661,0.000939
test_18662,0.000002
test_18663,0.137328
test_18664,1.000000
test_18665,0.000003
test_18666,0.999887
test_18667,0.963788
test_18668,1.000000
test_18669,1.000000
test_18670,0.004089
test_18671,0.000001
test_18672,0.000038
test_18673,1.000000
test_18674,0.000001
test_18675,0.002770
test_18676,1.000000
test_18677,0.009143
test_18678,0.000004
test_18679,1.000000
test_18680,1.000000
test_18681,1.000000
test_18682,1.000000
test_18683,1.000000
test_18684,0.999999
test_18685,0.999997
test_18686,0.998210
test_18687,1.000000
test_18688,0.000003
test_18689,1.000000
test_18690,0.999948
test_18691,0.999990
test_18692,0.000002
test_18693,1.000000
test_18694,0.481926
test_18695,0.982720
test_18696,0.999977
test_18697,0.000020
test_18698,0.000000
test_18699,0.158554
test_18700,0.073120
test_18701,0.929975
test_18702,0.000918
test_18703,0.000002
test_18704,0.999997
test_18705,0.007003
test_18706,1.000000
test_18707,0.000001
test_18708,0.381057
test_18709,1.000000
test_18710,1.000000
test_18711,0.999995
test_18712,0.001035
test_18713,0.999999
test_18714,0.007289
test_18715,1.000000
test_18716,0.999997
test_18717,0.010173
test_18718,0.000725
test_18719,0.999986
test_18720,0.000008
test_18721,0.993044
test_18722,0.990223
test_18723,0.000024
test_18724,1.000000
test_18725,0.999985
test_18726,0.999978
test_18727,0.999633
test_18728,0.996477
test_18729,0.999978
test_18730,0.000673
test_18731,0.999999
test_18732,0.000002
test_18733,1.000000
test_18734,0.988619
test_18735,0.003363
test_18736,1.000000
test_18737,1.000000
test_18738,0.000022
test_18739,0.999999
test_18740,0.000001
test_18741,0.000004
test_18742,0.000006
test_18743,0.999996
test_18744,1.000000
test_18745,0.999945
test_18746,1.000000
test_18747,0.000003
test_18748,0.999998
test_18749,0.999967
test_18750,0.000017
test_18751,0.016657
test_18752,0.000002
test_18753,1.000000
test_18754,1.000000
test_18755,0.827785
test_18756,0.000189
test_18757,0.030037
test_18758,0.000000
test_18759,0.880097
test_18760,0.000003
test_18761,0.000344
test_18762,1.000000
test_18763,1.000000
test_18764,0.999892
test_18765,0.000170
test_18766,0.000001
test_18767,1.000000
test_18768,0.000000
test_18769,0.000000
test_18770,0.999547
test_18771,0.000000
test_18772,0.000000
test_18773,0.999546
test_18774,0.000002
test_18775,0.000000
test_18776,0.000002
test_18777,0.000010
test_18778,1.000000
test_18779,0.905188
test_18780,0.964071
test_18781,0.013077
test_18782,0.999997
test_18783,0.000002
test_18784,0.000000
test_18785,0.004211
test_18786,0.000039
test_18787,1.000000
test_18788,0.999826
test_18789,0.000059
test_18790,0.000009
test_18791,0.001815
test_18792,1.000000
test_18793,0.000003
test_18794,1.000000
test_18795,0.000000
test_18796,1.000000
test_18797,0.999996
test_18798,0.000000
test_18799,0.999999
test_18800,0.172816
test_18801,0.272977
test_18802,1.000000
test_18803,0.009944
test_18804,0.000001
test_18805,0.001820
test_18806,0.999995
test_18807,0.999673
test_18808,0.000089
test_18809,0.000030
test_18810,0.000201
test_18811,1.000000
test_18812,0.000000
test_18813,0.999999
test_18814,1.000000
test_18815,0.000136
test_18816,1.000000
test_18817,0.000000
test_18818,0.020915
test_18819,0.999999
test_18820,0.984019
test_18821,1.000000
test_18822,1.000000
test_18823,1.000000
test_18824,0.000002
test_18825,0.062084
test_18826,0.000000
test_18827,0.000004
test_18828,0.000173
test_18829,0.000000
test_18830,0.000064
test_18831,1.000000
test_18832,0.000002
test_18833,0.000013
test_18834,0.999998
test_18835,1.000000
test_18836,0.999999
test_18837,1.000000
test_18838,0.004249
test_18839,1.000000
test_18840,0.944236
test_18841,0.000006
test_18842,0.000012
test_18843,0.000057
test_18844,0.000020
test_18845,0.005311
test_18846,0.984074
test_18847,0.000141
test_18848,0.969884
test_18849,0.999990
test_18850,0.002753
test_18851,0.992965
test_18852,0.000007
test_18853,0.993204
test_18854,0.074226
test_18855,0.000001
test_18856,0.000011
test_18857,0.000007
test_18858,0.999997
test_18859,0.000001
test_18860,1.000000
test_18861,0.000001
test_18862,0.001635
test_18863,0.000003
test_18864,0.018139
test_18865,0.000013
test_18866,0.000001
test_18867,0.996662
test_18868,0.000000
test_18869,0.696238
test_18870,0.999999
test_18871,0.000000
test_18872,0.987482
test_18873,0.984312
test_18874,0.954705
test_18875,0.999943
test_18876,1.000000
test_18877,0.030757
test_18878,0.999921
test_18879,0.004872
test_18880,0.999995
test_18881,0.940497
test_18882,0.252069
test_18883,0.000038
test_18884,0.082054
test_18885,0.000007
test_18886,0.999994
test_18887,0.996275
test_18888,0.000000
test_18889,0.000002
test_18890,0.000000
test_18891,0.000000
test_18892,0.999999
test_18893,1.000000
test_18894,0.409531
test_18895,1.000000
test_18896,1.000000
test_18897,0.999660
test_18898,0.999999
test_18899,0.826616
test_18900,0.721748
test_18901,0.999994
test_18902,0.958796
test_18903,0.000410
test_18904,0.997396
test_18905,0.806293
test_18906,0.000134
test_18907,0.000001
test_18908,0.977523
test_18909,0.999999
test_18910,0.000005
test_18911,0.044933
test_18912,1.000000
test_18913,0.000000
test_18914,0.001326
test_18915,0.000025
test_18916,0.000001
test_18917,0.921345
test_18918,1.000000
test_18919,0.999995
test_18920,0.000004
test_18921,1.000000
test_18922,0.000001
test_18923,0.999996
test_18924,0.000000
test_18925,0.000000
test_18926,0.000000
test_18927,0.999996
test_18928,0.000001
test_18929,0.012480
test_18930,1.000000
test_18931,1.000000
test_18932,0.000004
test_18933,0.020952
test_18934,1.000000
test_18935,0.956720
test_18936,0.000533
test_18937,1.000000
test_18938,0.000565
test_18939,0.000078
test_18940,0.000000
test_18941,0.755187
test_18942,0.000029
test_18943,0.000499
test_18944,0.000001
test_18945,0.999999
test_18946,0.000001
test_18947,0.999999
test_18948,0.995637
test_18949,0.999060
test_18950,0.003279
test_18951,0.000002
test_18952,0.999421
test_18953,0.802143
test_18954,1.000000
test_18955,0.003467
test_18956,0.000001
test_18957,0.999988
test_18958,0.996362
test_18959,0.000242
test_18960,0.000184
test_18961,0.999934
test_18962,0.000291
test_18963,0.009217
test_18964,0.000001
test_18965,0.000509
test_18966,0.999999
test_18967,0.999997
test_18968,0.024454
test_18969,0.999996
test_18970,0.000001
test_18971,0.047836
test_18972,0.000013
test_18973,1.000000
test_18974,1.000000
test_18975,1.000000
test_18976,1.000000
test_18977,1.000000
test_18978,1.000000
test_18979,1.000000
test_18980,1.000000
test_18981,0.009378
test_18982,0.000029
test_18983,0.994109
test_18984,1.000000
test_18985,0.002893
test_18986,0.520858
test_18987,0.999995
test_18988,0.000024
test_18989,1.000000
test_18990,1.000000
test_18991,0.999997
test_18992,0.000001
test_18993,1.000000
test_18994,0.999578
test_18995,0.997988
test_18996,0.000003
test_18997,0.000001
test_18998,1.000000
test_18999,0.893045
test_19000,1.000000
test_19001,0.000001
test_19002,0.000011
test_19003,0.000000
test_19004,0.999833
test_19005,0.000002
test_19006,0.999999
test_19007,0.000114
test_19008,0.000004
test_19009,0.000002
test_19010,0.999901
test_19011,1.000000
test_19012,0.059469
test_19013,0.000001
test_19014,0.999999
test_19015,0.000008
test_19016,1.000000
test_19017,0.000046
test_19018,0.000024
test_19019,0.996005
test_19020,0.014576
test_19021,0.999923
test_19022,0.997529
test_19023,0.000000
test_19024,0.059086
test_19025,1.000000
test_19026,1.000000
test_19027,0.000519
test_19028,0.000130
test_19029,1.000000
test_19030,0.091032
test_19031,0.986573
test_19032,0.018853
test_19033,0.999997
test_19034,0.999357
test_19035,0.000026
test_19036,0.150376
test_19037,0.999998
test_19038,0.000003
test_19039,0.000005
test_19040,1.000000
test_19041,0.999750
test_19042,1.000000
test_19043,1.000000
test_19044,0.000050
test_19045,0.000007
test_19046,0.984569
test_19047,0.999956
test_19048,0.999721
test_19049,0.999998
test_19050,1.000000
test_19051,0.000003
test_19052,0.975337
test_19053,0.983995
test_19054,0.000000
test_19055,1.000000
test_19056,0.316418
test_19057,1.000000
test_19058,0.000000
test_19059,0.000000
test_19060,0.000005
test_19061,0.999992
test_19062,0.000000
test_19063,1.000000
test_19064,0.000001
test_19065,0.000028
test_19066,0.999571
test_19067,0.999438
test_19068,1.000000
test_19069,0.000000
test_19070,0.896335
test_19071,0.000051
test_19072,0.012946
test_19073,1.000000
test_19074,1.000000
test_19075,0.999824
test_19076,1.000000
test_19077,0.000000
test_19078,0.000004
test_19079,0.334564
test_19080,0.000584
test_19081,1.000000
test_19082,0.981920
test_19083,0.998518
test_19084,0.987657
test_19085,0.000021
test_19086,0.698455
test_19087,0.000001
test_19088,0.000019
test_19089,0.991137
test_19090,0.000002
test_19091,1.000000
test_19092,0.999997
test_19093,0.000400
test_19094,0.000002
test_19095,0.000002
test_19096,1.000000
test_19097,0.970895
test_19098,0.999382
test_19099,1.000000
test_19100,0.000001
test_19101,0.999999
test_19102,0.000000
test_19103,0.993006
test_19104,0.000000
test_19105,1.000000
test_19106,0.000003
test_19107,1.000000
test_19108,0.000046
test_19109,0.000325
test_19110,0.002919
test_19111,0.000003
test_19112,1.000000
test_19113,0.972281
test_19114,0.003015
test_19115,0.000001
test_19116,0.999938
test_19117,0.000003
test_19118,0.000000
test_19119,0.006486
test_19120,0.000585
test_19121,1.000000
test_19122,0.999995
test_19123,1.000000
test_19124,0.000007
test_19125,1.000000
test_19126,0.923015
test_19127,0.009424
test_19128,0.000025
test_19129,0.001437
test_19130,0.999912
test_19131,0.999999
test_19132,0.000068
test_19133,0.000046
test_19134,0.168680
test_19135,0.000000
test_19136,0.999999
test_19137,1.000000
test_19138,0.000666
test_19139,0.030121
test_19140,1.000000
test_19141,0.001548
test_19142,0.999994
test_19143,0.000220
test_19144,0.999998
test_19145,0.999750
test_19146,0.999516
test_19147,1.000000
test_19148,1.000000
test_19149,0.999989
test_19150,0.000035
test_19151,0.000001
test_19152,0.999941
test_19153,0.864549
test_19154,0.010554
test_19155,1.000000
test_19156,0.024499
test_19157,0.999979
test_19158,0.517664
test_19159,1.000000
test_19160,0.000000
test_19161,0.061720
test_19162,0.000005
test_19163,0.999171
test_19164,0.000476
test_19165,0.000000
test_19166,0.977510
test_19167,0.990430
test_19168,1.000000
test_19169,0.214836
test_19170,0.999514
test_19171,1.000000
test_19172,0.999703
test_19173,1.000000
test_19174,0.235988
test_19175,0.012468
test_19176,0.000013
test_19177,1.000000
test_19178,0.999967
test_19179,0.985462
test_19180,0.000027
test_19181,0.472807
test_19182,0.000044
test_19183,1.000000
test_19184,1.000000
test_19185,0.396240
test_19186,0.001574
test_19187,0.999589
test_19188,0.866335
test_19189,0.999998
test_19190,0.992512
test_19191,0.000001
test_19192,1.000000
test_19193,0.633585
test_19194,0.000001
test_19195,0.000000
test_19196,1.000000
test_19197,0.033489
test_19198,0.999998
test_19199,0.000037
test_19200,0.999999
test_19201,1.000000
test_19202,1.000000
test_19203,0.999998
test_19204,1.000000
test_19205,0.001817
test_19206,1.000000
test_19207,0.000309
test_19208,1.000000
test_19209,1.000000
test_19210,0.000001
test_19211,0.000004
test_19212,0.999999
test_19213,0.989313
test_19214,0.998987
test_19215,0.000068
test_19216,0.000006
test_19217,1.000000
test_19218,0.000525
test_19219,0.994272
test_19220,0.000967
test_19221,0.242259
test_19222,1.000000
test_19223,0.999999
test_19224,0.000011
test_19225,0.000002
test_19226,0.999993
test_19227,0.006874
test_19228,1.000000
test_19229,0.000012
test_19230,0.000060
test_19231,1.000000
test_19232,1.000000
test_19233,0.999998
test_19234,0.000003
test_19235,0.000001
test_19236,0.472147
test_19237,0.000001
test_19238,0.000234
test_19239,0.000003
test_19240,0.999425
test_19241,0.000805
test_19242,0.033250
test_19243,0.833441
test_19244,0.115263
test_19245,1.000000
test_19246,1.000000
test_19247,0.000000
test_19248,1.000000
test_19249,0.000000
test_19250,1.000000
test_19251,0.999999
test_19252,0.000223
test_19253,0.697025
test_19254,0.043046
test_19255,0.700176
test_19256,0.999968
test_19257,0.000069
test_19258,0.001168
test_19259,0.004138
test_19260,0.991855
test_19261,0.999995
test_19262,0.999908
test_19263,0.010392
test_19264,0.000709
test_19265,0.999966
test_19266,0.618666
test_19267,1.000000
test_19268,0.999998
test_19269,0.000001
test_19270,0.000022
test_19271,0.000001
test_19272,0.999986
test_19273,0.999972
test_19274,0.000271
test_19275,0.999752
test_19276,0.999965
test_19277,0.000000
test_19278,0.000010
test_19279,0.499479
test_19280,0.998774
test_19281,0.865777
test_19282,0.000000
test_19283,0.000000
test_19284,0.977740
test_19285,0.447092
test_19286,0.000001
test_19287,0.999999
test_19288,0.000016
test_19289,0.000092
test_19290,1.000000
test_19291,0.000000
test_19292,0.000004
test_19293,0.000003
test_19294,0.984471
test_19295,1.000000
test_19296,0.999976
test_19297,0.000011
test_19298,1.000000
test_19299,0.227594
test_19300,0.000020
test_19301,0.961522
test_19302,0.857342
test_19303,1.000000
test_19304,0.128060
test_19305,0.000001
test_19306,1.000000
test_19307,0.999998
test_19308,1.000000
test_19309,0.003869
test_19310,0.000000
test_19311,0.000000
test_19312,0.000001
test_19313,0.000209
test_19314,0.754015
test_19315,1.000000
test_19316,1.000000
test_19317,0.000007
test_19318,1.000000
test_19319,0.000016
test_19320,1.000000
test_19321,0.014213
test_19322,0.000000
test_19323,1.000000
test_19324,0.000002
test_19325,0.000028
test_19326,0.003664
test_19327,0.999996
test_19328,0.000061
test_19329,0.001168
test_19330,0.000001
test_19331,0.000000
test_19332,0.999998
test_19333,0.000001
test_19334,0.000001
test_19335,0.000002
test_19336,0.000001
test_19337,0.000000
test_19338,1.000000
test_19339,0.002213
test_19340,0.998091
test_19341,0.900786
test_19342,1.000000
test_19343,1.000000
test_19344,0.000007
test_19345,0.999998
test_19346,0.000025
test_19347,0.999430
test_19348,0.339670
test_19349,0.000012
test_19350,0.000000
test_19351,0.000045
test_19352,0.005698
test_19353,0.000006
test_19354,1.000000
test_19355,0.061521
test_19356,0.865263
test_19357,0.999665
test_19358,0.999985
test_19359,1.000000
test_19360,0.003393
test_19361,0.000001
test_19362,0.000003
test_19363,0.000003
test_19364,0.599669
test_19365,0.000000
test_19366,0.006735
test_19367,0.114507
test_19368,0.999998
test_19369,0.999999
test_19370,0.999974
test_19371,0.000001
test_19372,0.005649
test_19373,0.272567
test_19374,1.000000
test_19375,0.979770
test_19376,1.000000
test_19377,1.000000
test_19378,0.980340
test_19379,0.000002
test_19380,0.999993
test_19381,0.999999
test_19382,0.000462
test_19383,0.999995
test_19384,0.999908
test_19385,1.000000
test_19386,0.999150
test_19387,0.067675
test_19388,0.999674
test_19389,0.944247
test_19390,1.000000
test_19391,1.000000
test_19392,0.005460
test_19393,0.986595
test_19394,0.999994
test_19395,0.000000
test_19396,0.999989
test_19397,0.007445
test_19398,0.016510
test_19399,0.875118
test_19400,0.000038
test_19401,0.999997
test_19402,0.141197
test_19403,0.000002
test_19404,0.000001
test_19405,1.000000
test_19406,0.999985
test_19407,0.999850
test_19408,0.999797
test_19409,0.000002
test_19410,0.000000
test_19411,0.000009
test_19412,0.000029
test_19413,1.000000
test_19414,0.428063
test_19415,0.000154
test_19416,0.999999
test_19417,0.000271
test_19418,0.000010
test_19419,0.999998
test_19420,0.001628
test_19421,1.000000
test_19422,0.999471
test_19423,0.999997
test_19424,0.392166
test_19425,0.000149
test_19426,0.000000
test_19427,0.000135
test_19428,0.997086
test_19429,1.000000
test_19430,0.999987
test_19431,1.000000
test_19432,1.000000
test_19433,0.000000
test_19434,1.000000
test_19435,1.000000
test_19436,1.000000
test_19437,0.999990
test_19438,0.000000
test_19439,0.997626
test_19440,0.000001
test_19441,0.980068
test_19442,0.873466
test_19443,0.000006
test_19444,0.000005
test_19445,0.000014
test_19446,0.999993
test_19447,0.001201
test_19448,0.935494
test_19449,0.999999
test_19450,0.999997
test_19451,1.000000
test_19452,0.999999
test_19453,0.997069
test_19454,1.000000
test_19455,0.999871
test_19456,0.000001
test_19457,1.000000
test_19458,0.060862
test_19459,0.999976
test_19460,0.000000
test_19461,0.000022
test_19462,0.999970
test_19463,0.000013
test_19464,0.000003
test_19465,0.000012
test_19466,0.985431
test_19467,0.155523
test_19468,0.999999
test_19469,1.000000
test_19470,0.000012
test_19471,0.000003
test_19472,0.999916
test_19473,0.999995
test_19474,1.000000
test_19475,0.999997
test_19476,0.996002
test_19477,0.000029
test_19478,0.000013
test_19479,1.000000
test_19480,1.000000
test_19481,0.999896
test_19482,0.000001
test_19483,1.000000
test_19484,0.999954
test_19485,0.999959
test_19486,0.031809
test_19487,0.000479
test_19488,0.999950
test_19489,0.332390
test_19490,0.000000
test_19491,0.008849
test_19492,0.000025
test_19493,0.999992
test_19494,0.998649
test_19495,0.999999
test_19496,1.000000
test_19497,0.000005
test_19498,0.999980
test_19499,0.999688
test_19500,0.000001
test_19501,0.994468
test_19502,0.000031
test_19503,0.618865
test_19504,0.000000
test_19505,0.999999
test_19506,0.153820
test_19507,0.999540
test_19508,1.000000
test_19509,1.000000
test_19510,0.999997
test_19511,0.999979
test_19512,0.999829
test_19513,0.459807
test_19514,1.000000
test_19515,0.023521
test_19516,1.000000
test_19517,0.226976
test_19518,1.000000
test_19519,0.999900
test_19520,0.000052
test_19521,0.914020
test_19522,0.000250
test_19523,0.740978
test_19524,0.999715
test_19525,0.000015
test_19526,0.000000
test_19527,0.878749
test_19528,0.000001
test_19529,0.230257
test_19530,0.000001
test_19531,0.016041
test_19532,0.968972
test_19533,0.956363
test_19534,1.000000
test_19535,0.000214
test_19536,0.999993
test_19537,0.297068
test_19538,0.999993
test_19539,1.000000
test_19540,0.000008
test_19541,0.946310
test_19542,0.999970
test_19543,0.000002
test_19544,0.760963
test_19545,1.000000
test_19546,0.999999
test_19547,0.000738
test_19548,0.227296
test_19549,0.000001
test_19550,0.000205
test_19551,0.964668
test_19552,0.869764
test_19553,0.000002
test_19554,0.020362
test_19555,1.000000
test_19556,0.000668
test_19557,0.000004
test_19558,0.003082
test_19559,0.000000
test_19560,0.999641
test_19561,1.000000
test_19562,0.019171
test_19563,1.000000
test_19564,0.000034
test_19565,0.000292
test_19566,0.000002
test_19567,1.000000
test_19568,0.002142
test_19569,0.950749
test_19570,0.999999
test_19571,0.997967
test_19572,0.515007
test_19573,0.999999
test_19574,0.000050
test_19575,0.000000
test_19576,1.000000
test_19577,0.999984
test_19578,0.999496
test_19579,0.000001
test_19580,0.000000
test_19581,0.999268
test_19582,0.999884
test_19583,0.000917
test_19584,0.000006
test_19585,0.999994
test_19586,1.000000
test_19587,0.006940
test_19588,1.000000
test_19589,0.000004
test_19590,1.000000
test_19591,1.000000
test_19592,1.000000
test_19593,0.999996
test_19594,0.000018
test_19595,0.000011
test_19596,1.000000
test_19597,0.000001
test_19598,0.000114
test_19599,1.000000
test_19600,0.000152
test_19601,0.000001
test_19602,0.000001
test_19603,1.000000
test_19604,0.994868
test_19605,0.000001
test_19606,0.001284
test_19607,0.000001
test_19608,0.000713
test_19609,0.005461
test_19610,0.999998
test_19611,0.002116
test_19612,0.879385
test_19613,1.000000
test_19614,0.016532
test_19615,1.000000
test_19616,0.000000
test_19617,0.025889
test_19618,1.000000
test_19619,0.999945
test_19620,0.055345
test_19621,0.000001
test_19622,0.000008
test_19623,0.000008
test_19624,0.000001
test_19625,0.999994
test_19626,0.000137
test_19627,0.000000
test_19628,0.999986
test_19629,0.000001
test_19630,1.000000
test_19631,0.999999
test_19632,0.999999
test_19633,1.000000
test_19634,0.999998
test_19635,1.000000
test_19636,0.952188
test_19637,0.040264
test_19638,0.999995
test_19639,0.064582
test_19640,0.000002
test_19641,0.000009
test_19642,0.000003
test_19643,0.000006
test_19644,0.000001
test_19645,0.998906
test_19646,0.000002
test_19647,0.999999
test_19648,0.000002
test_19649,0.999305
test_19650,0.000086
test_19651,0.004062
test_19652,0.000037
test_19653,0.906716
test_19654,0.000009
test_19655,0.000052
test_19656,0.070009
test_19657,0.010802
test_19658,0.001411
test_19659,0.683677
test_19660,1.000000
test_19661,0.000002
test_19662,0.293797
test_19663,0.000064
test_19664,0.553163
test_19665,1.000000
test_19666,0.921334
test_19667,0.999999
test_19668,0.000459
test_19669,0.000005
test_19670,1.000000
test_19671,0.000017
test_19672,0.999999
test_19673,0.000003
test_19674,0.000002
test_19675,0.963037
test_19676,1.000000
test_19677,1.000000
test_19678,0.000018
test_19679,1.000000
test_19680,1.000000
test_19681,0.000014
test_19682,0.999740
test_19683,0.998349
test_19684,0.000000
test_19685,0.999979
test_19686,1.000000
test_19687,0.000001
test_19688,0.507457
test_19689,1.000000
test_19690,0.000013
test_19691,1.000000
test_19692,1.000000
test_19693,0.237417
test_19694,0.999998
test_19695,0.989758
test_19696,0.887890
test_19697,0.000525
test_19698,0.994354
test_19699,1.000000
test_19700,0.957559
test_19701,0.000001
test_19702,0.000000
test_19703,0.000001
test_19704,1.000000
test_19705,0.000006
test_19706,0.000881
test_19707,0.999932
test_19708,0.998780
test_19709,0.000004
test_19710,1.000000
test_19711,0.000000
test_19712,0.999998
test_19713,0.991174
test_19714,0.000001
test_19715,0.000003
test_19716,0.000009
test_19717,1.000000
test_19718,1.000000
test_19719,1.000000
test_19720,1.000000
test_19721,0.070532
test_19722,0.999952
test_19723,1.000000
test_19724,0.000001
test_19725,1.000000
test_19726,0.999093
test_19727,0.000000
test_19728,0.999993
test_19729,0.000111
test_19730,0.000000
test_19731,0.000001
test_19732,1.000000
test_19733,0.867070
test_19734,1.000000
test_19735,1.000000
test_19736,0.999991
test_19737,0.000001
test_19738,0.930463
test_19739,0.000000
test_19740,0.999941
test_19741,0.999996
test_19742,0.000001
test_19743,0.000011
test_19744,0.993629
test_19745,0.999827
test_19746,0.056366
test_19747,0.969427
test_19748,0.000000
test_19749,0.929093
test_19750,0.990283
test_19751,0.000001
test_19752,1.000000
test_19753,0.000005
test_19754,0.000008
test_19755,1.000000
test_19756,0.999994
test_19757,1.000000
test_19758,0.000000
test_19759,1.000000
test_19760,0.999988
test_19761,0.491499
test_19762,0.000000
test_19763,0.000054
test_19764,0.215935
test_19765,0.999958
test_19766,0.000009
test_19767,0.008707
test_19768,0.008257
test_19769,0.000257
test_19770,0.000009
test_19771,1.000000
test_19772,1.000000
test_19773,0.000001
test_19774,0.001885
test_19775,0.000021
test_19776,0.999993
test_19777,0.000016
test_19778,0.999023
test_19779,1.000000
test_19780,1.000000
test_19781,0.000003
test_19782,0.999999
test_19783,0.000012
test_19784,0.999997
test_19785,0.999989
test_19786,1.000000
test_19787,0.000006
test_19788,0.999921
test_19789,0.872481
test_19790,1.000000
test_19791,0.005906
test_19792,0.999995
test_19793,0.001201
test_19794,0.944817
test_19795,0.000379
test_19796,0.002170
test_19797,0.844358
test_19798,0.000000
test_19799,1.000000
test_19800,0.000016
test_19801,0.045804
test_19802,0.000952
test_19803,1.000000
test_19804,0.757401
test_19805,0.000000
test_19806,0.092432
test_19807,1.000000
test_19808,0.000000
test_19809,0.001752
test_19810,0.999864
test_19811,1.000000
test_19812,0.013068
test_19813,0.134309
test_19814,0.998383
test_19815,0.000004
test_19816,0.064781
test_19817,0.974376
test_19818,0.000011
test_19819,0.999999
test_19820,0.000112
test_19821,1.000000
test_19822,0.126448
test_19823,1.000000
test_19824,0.999021
test_19825,0.999998
test_19826,0.000010
test_19827,0.999821
test_19828,0.000000
test_19829,0.000104
test_19830,0.999995
test_19831,0.000002
test_19832,0.999760
test_19833,0.003378
test_19834,0.000004
test_19835,0.001230
test_19836,0.000004
test_19837,0.999976
test_19838,1.000000
test_19839,0.828168
test_19840,0.999527
test_19841,0.000001
test_19842,0.000005
test_19843,0.000000
test_19844,0.000000
test_19845,0.000202
test_19846,0.999966
test_19847,1.000000
test_19848,0.000902
test_19849,0.210277
test_19850,1.000000
test_19851,0.881068
test_19852,0.948996
test_19853,0.000002
test_19854,0.648880
test_19855,0.993760
test_19856,0.992786
test_19857,0.002702
test_19858,0.999420
test_19859,0.996665
test_19860,0.000000
test_19861,0.000000
test_19862,0.000173
test_19863,0.999999
test_19864,0.000000
test_19865,0.999992
test_19866,0.000158
test_19867,1.000000
test_19868,0.997938
test_19869,0.000038
test_19870,0.000002
test_19871,1.000000
test_19872,1.000000
test_19873,0.805757
test_19874,0.000003
test_19875,0.005449
test_19876,0.000639
test_19877,0.062081
test_19878,0.999914
test_19879,0.576096
test_19880,0.999692
test_19881,0.021138
test_19882,0.999995
test_19883,0.988023
test_19884,0.000008
test_19885,0.564880
test_19886,0.999999
test_19887,0.999999
test_19888,0.000248
test_19889,0.999998
test_19890,0.999987
test_19891,0.000296
test_19892,1.000000
test_19893,1.000000
test_19894,0.000001
test_19895,1.000000
test_19896,0.069468
test_19897,0.932169
test_19898,0.000005
test_19899,0.000004
test_19900,1.000000
test_19901,0.000000
test_19902,1.000000
test_19903,0.998284
test_19904,1.000000
test_19905,0.014820
test_19906,0.980453
test_19907,0.000961
test_19908,0.000033
test_19909,0.000071
test_19910,0.000542
test_19911,0.000000
test_19912,0.580307
test_19913,1.000000
test_19914,0.000000
test_19915,0.000002
test_19916,0.000134
test_19917,0.000003
test_19918,0.000921
test_19919,0.000015
test_19920,0.163936
test_19921,1.000000
test_19922,0.999992
test_19923,1.000000
test_19924,0.999452
test_19925,0.999997
test_19926,0.000004
test_19927,0.999132
test_19928,0.001649
test_19929,1.000000
test_19930,0.079003
test_19931,0.999949
test_19932,0.999976
test_19933,0.000000
test_19934,0.999976
test_19935,0.000000
test_19936,1.000000
test_19937,1.000000
test_19938,0.999136
test_19939,0.000002
test_19940,0.000000
test_19941,0.719915
test_19942,0.000286
test_19943,0.962032
test_19944,1.000000
test_19945,0.000005
test_19946,0.000001
test_19947,0.000439
test_19948,1.000000
test_19949,0.001329
test_19950,0.999935
test_19951,0.999997
test_19952,0.999997
test_19953,0.000003
test_19954,0.000002
test_19955,0.998801
test_19956,0.000001
test_19957,0.000001
test_19958,0.792449
test_19959,0.999999
test_19960,0.018507
test_19961,0.999929
test_19962,0.000001
test_19963,0.000005
test_19964,0.999994
test_19965,0.000034
test_19966,0.820076
test_19967,0.488377
test_19968,0.999965
test_19969,0.038867
test_19970,0.000039
test_19971,0.000054
test_19972,0.967208
test_19973,0.995297
test_19974,1.000000
test_19975,0.250196
test_19976,0.999699
test_19977,0.000036
test_19978,0.062538
test_19979,0.000000
test_19980,0.999997
test_19981,1.000000
test_19982,1.000000
test_19983,1.000000
test_19984,0.568036
test_19985,0.000000
test_19986,0.000084
test_19987,0.999964
test_19988,1.000000
test_19989,0.062548
test_19990,0.999873
test_19991,1.000000
test_19992,0.000000
test_19993,0.000145
test_19994,0.000076
test_19995,0.126644
test_19996,0.000001
test_19997,0.000001
test_19998,0.000005
test_19999,0.000256
